{"type":"FeatureCollection","features":[{"id":"feature_00","type":"Feature","properties":{"code":"02","nom":"Aisne"},"geometry":{"type":"Polygon","coordinates":[[[3.1727496547248233,50.012028087860884],[3.1557037691639653,49.9917972196834],[3.2030207963242763,49.9839188527489],[3.056955190742448,49.83286818794298],[3.1183791576772606,49.70593894288713],[3.093545065782564,49.62258387544433],[3.1398334619176502,49.57628631173047],[3.09574927512233,49.513453903833096],[3.121318103463617,49.49370935460219],[3.1070642163997952,49.4682262418017],[3.162610291761899,49.4407005894256],[3.0938389603612,49.43379486038425],[3.0747358127498945,49.34898083610173],[2.965847871365453,49.321066128568376],[3.037558148552508,49.2864402195723],[3.0399093051815917,49.22613667019711],[2.964819240340228,49.232556080291886],[2.9677581861265825,49.19170528877966],[3.037705095841824,49.170501782709024],[3.0021438518269328,49.1880092647857],[3.0187488955198365,49.21660481884425],[3.1443888278865,49.16203983303864],[3.0719438142528563,49.11759028132177],[3.165255342969619,49.09969374408784],[3.1902363821536337,49.04649045133263],[3.1609938715794055,49.02421704357953],[3.2678245509133976,48.93833311761455],[3.30470832053215,48.94874034307123],[3.330277148873435,48.90876492566284],[3.3721571263289896,48.92170100964171],[3.3803861745307824,48.874819863191966],[3.4853065391036466,48.851962872702984],[3.675015489612841,49.01176727854724],[3.663994442914012,49.03734765513703],[3.5867001687328823,49.035791434508],[3.6391603510193153,49.081310887907335],[3.600072372060797,49.120702722579836],[3.6222614127477755,49.151146288635374],[3.7487830288503456,49.15707937978358],[3.6516508706113218,49.22146800831],[3.676338015216702,49.23839190765077],[3.646948557353154,49.31513303742017],[3.8015371057154113,49.35890174261184],[3.852086973240713,49.34470122937188],[3.8591404431279646,49.38136967794357],[3.9243850395850384,49.40617194421884],[4.035477190309246,49.359971644294305],[4.047967709901254,49.40568562527227],[4.040620345435366,49.50859071436736],[4.075740747582305,49.51831709329883],[4.048702446347843,49.54525916293904],[4.076475484028894,49.57113133089678],[4.025190880057005,49.62258387544433],[4.114681779251505,49.63532543184457],[4.127025351554195,49.67792697156446],[4.250020232713139,49.75709969606673],[4.209462780861445,49.78180469855269],[4.253106125788811,49.87226002261548],[4.218573512799145,49.92069738969426],[4.2329743471522825,49.95785215721252],[4.140838396750063,49.97876387191521],[3.9803719568150946,49.995395979888045],[3.982282271576226,50.04441692970272],[3.88735432267697,50.00969375691732],[3.8750107503742797,50.036538562768214],[3.715132099596584,50.06931645976731],[3.6137384699673465,50.025450490786326],[3.544967138566646,50.05385151726625],[3.49147832525499,50.01883655311292],[3.3748021775367096,50.0364412989789],[3.1727496547248233,50.012028087860884]],[[2.990241121392197,49.21067172769605],[2.98671438644857,49.21874462220918],[2.997735433147401,49.223607811674924],[3.0027316409842033,49.21884188599849],[2.990241121392197,49.21067172769605]]]}},{"id":"feature_01","type":"Feature","properties":{"code":"10","nom":"Aube"},"geometry":{"type":"Polygon","coordinates":[[[3.4147718402311327,48.39025166482551],[3.427409307112459,48.3600026263486],[3.4982379005636073,48.3691454225442],[3.616824363043019,48.2713953142828],[3.600072372060797,48.237061196654665],[3.621673623590503,48.22577859709415],[3.575238280166099,48.18881835715452],[3.6319599338427455,48.1894019398904],[3.667962019725591,48.13921382460396],[3.718511887250891,48.17539595422907],[3.7518689219260164,48.16129270477842],[3.739672296912646,48.13279441450918],[3.80491689336972,48.10254537603227],[3.821962778930576,48.043992574864745],[3.870602331694748,48.015688812174126],[3.850029711190265,47.98378628927887],[3.8854440079158383,48.000321133462386],[3.9146865184900683,47.975713394765734],[3.8939669506962673,47.92931856726256],[4.111742833465151,47.92698423631901],[4.16626027780203,47.95985939710742],[4.201821521816923,47.94118474955897],[4.212695621226434,47.97172557940383],[4.2935166303511885,47.92571980705792],[4.309093043018869,47.96122109015783],[4.553319437864944,47.96773776404192],[4.535832710436134,48.00119650756622],[4.582708895728491,48.02950027025683],[4.704234303994259,48.02026021027193],[4.723190504316246,48.04574332307241],[4.662942115695975,48.07657594428521],[4.7305378687821324,48.11820484611195],[4.835605180644313,48.10857573096978],[4.86308432374673,48.20204623250133],[4.8351643387763605,48.22110993520704],[4.8507407514440395,48.29629484434739],[4.814150876403923,48.32304238640897],[4.841336124927706,48.33957723059249],[4.754637224230242,48.366713827811324],[4.626793082523811,48.46806269627737],[4.653390541890321,48.470591554799555],[4.670142532872543,48.531867742067895],[4.6140086683531685,48.55384935845305],[4.545384284241786,48.52525380439449],[4.403139308182219,48.56124140644097],[4.315999565616803,48.61561186466796],[4.333780187624248,48.677179843304245],[4.295573892401636,48.71316744535073],[4.080149166261837,48.70110673547569],[3.8999917895582943,48.57485833694505],[3.8542911825804786,48.57728993167792],[3.860756863310458,48.53391028164351],[3.8226975153771647,48.5161110081989],[3.643715716988165,48.53624461258706],[3.5556942906868407,48.62028052655507],[3.4656156023350686,48.57048146642588],[3.4592968688944072,48.53079784038543],[3.405367213714799,48.52807445428462],[3.434756671578345,48.490238840241155],[3.388321328153941,48.48041519752036],[3.4147718402311327,48.39025166482551]]]}},{"id":"feature_02","type":"Feature","properties":{"code":"14","nom":"Calvados"},"geometry":{"type":"Polygon","coordinates":[[[-1.1195806662462173,49.35559477377514],[-1.1358918153604858,49.27039169433535],[-1.0227424025858305,49.20337694349744],[-0.9062132021568665,49.21028267253879],[-0.9585264371539797,49.16126172272412],[-0.8866692126776075,49.12945646361817],[-0.9184098271702386,49.10504325250015],[-0.8784401644758146,49.11710396237519],[-0.8916654205144106,49.046295923754],[-0.8641862774119939,49.034429741457586],[-0.9428030771969826,48.96770678198762],[-1.0565402791289094,48.95846672200271],[-1.075496479450897,48.92150648206308],[-1.0137786179374482,48.915962446072136],[-1.1595503289406413,48.826187968534555],[-1.0587444884686752,48.773373730936605],[-0.9454481284047018,48.78465633049712],[-0.8409686056997918,48.752267488655285],[-0.7147408841758578,48.79992674541955],[-0.6822655332366381,48.82181109801539],[-0.6981358404829532,48.84359818682191],[-0.5710264352231125,48.83017578389646],[-0.4327490359751236,48.87462533561333],[-0.34619708256697823,48.82200562559402],[-0.30593352529391815,48.85828501900844],[-0.1379727736037477,48.8192822394932],[0.12756097819339995,48.95224183948656],[0.15636264689967572,48.924813450899784],[0.26304637894435157,48.964788868308176],[0.41278566675912387,48.95068561885753],[0.44628964872356747,49.01497698359462],[0.36708505978130823,49.05242354248083],[0.41807576917456224,49.07391883991941],[0.39970735800984514,49.10056911819167],[0.4268926065336265,49.142489811386355],[0.3858943128139778,49.15406420231482],[0.39471115017304204,49.20843466054181],[0.32608676606165954,49.2438386798524],[0.3839839980528472,49.285564845468464],[0.3090408805008025,49.28323051452491],[0.2972850973553838,49.42990430881166],[0.1296182402438486,49.40296223917146],[-0.0871290114998109,49.29791734671144],[-0.22570030532643504,49.281868821474504],[-0.3966000028029608,49.3330295746541],[-0.7588250709711781,49.350050737784194],[-0.939423289542674,49.39508387223695],[-1.0781415306586162,49.388469934563545],[-1.1195806662462173,49.35559477377514]]]}},{"id":"feature_03","type":"Feature","properties":{"code":"15","nom":"Cantal"},"geometry":{"type":"Polygon","coordinates":[[[2.508400959719343,45.47846560410765],[2.487387497346907,45.418842901257655],[2.5226548467831638,45.38207718889665],[2.477835923541254,45.37040553417887],[2.355134936960946,45.414952349685066],[2.3593964083511603,45.335779625182795],[2.1954032334725673,45.22081382621268],[2.2336095286951787,45.16712421451089],[2.1787981897796636,45.1362915932981],[2.171744719892412,45.081434816124535],[2.0951851821578726,45.05595170332405],[2.138093790638651,44.99273024026942],[2.063003725797288,44.97648718745384],[2.1081165436178333,44.910639602087706],[2.083723293591089,44.88739355644146],[2.1715977726030946,44.79003250333732],[2.1301586370154935,44.69841001380276],[2.207452911196622,44.61554126530653],[2.208481542221846,44.643845027997145],[2.291065918818413,44.6665074909075],[2.3485223089416474,44.641413433264276],[2.483126025956693,44.650264438091924],[2.5560118814582893,44.72126700429175],[2.6025941721720116,44.843138532303215],[2.7383734675015985,44.94118043193256],[2.7761389208562566,44.908888853880036],[2.772759133201949,44.8554910335462],[2.8597519284780475,44.87445747246259],[2.889729175498866,44.788379018918974],[2.934548098740775,44.77913895893406],[2.939250411998943,44.6776928266787],[2.981718178611768,44.644623138311665],[3.1054477962173,44.88671270991626],[3.141009040232193,44.90324755409978],[3.182301228530477,44.86366119184864],[3.245194668358467,44.93476102183778],[3.2858990674994786,44.92629907216739],[3.3612830269194767,44.971332206620154],[3.3698059696999056,45.0005113434146],[3.2972140087769457,45.03601262651451],[3.314259894337802,45.08493631253987],[3.2832540162917603,45.10370822387763],[3.3507028220886,45.10934952365789],[3.287956329549928,45.120340331850464],[3.2723799168822474,45.209142171494896],[3.235349199974179,45.220035715898156],[3.21257237012993,45.28063105664129],[3.0822301245050987,45.28967658904757],[3.113823791708411,45.309032083121224],[3.1035374814561703,45.35435700894193],[3.0166916334693887,45.28705046673607],[2.9486550385152768,45.30912934691054],[2.8819409691650257,45.38363340952569],[2.714861901210761,45.38149360616077],[2.6885583364228864,45.43761481259542],[2.508400959719343,45.47846560410765]]]}},{"id":"feature_04","type":"Feature","properties":{"code":"28","nom":"Eure-et-Loir"},"geometry":{"type":"Polygon","coordinates":[[[0.814833450332447,48.670176850473574],[0.819535763590614,48.60987330109838],[0.966483052908349,48.522724945872305],[0.9356241221516246,48.47555200805461],[0.97618157400332,48.43907808706155],[0.8833108871545114,48.3566956575119],[0.7731004201662097,48.325571244931155],[0.7601690587062491,48.29824012013369],[0.7933791460920574,48.293085139300004],[0.8304098630001269,48.21070270975035],[0.7976406174822719,48.194459656934775],[0.9115247667035167,48.148842939746125],[0.8411370151203217,48.10312895876815],[1.0387811192526746,48.131724512826715],[0.9958725107718962,48.089025709317504],[1.112254763911542,48.08075828722575],[1.1212185485599244,48.039129385399],[1.2096808167292012,47.96851587435644],[1.3654449434059996,47.95480168006305],[1.4373021678823727,47.976491505080254],[1.4396533245114558,48.011992788180166],[1.520033491768257,47.98232733243914],[1.512980021881006,48.02872215994232],[1.5453084255309077,48.04457615760063],[1.8658004635328878,48.08387072848382],[1.9142930690077407,48.16751758729457],[1.9710147226843864,48.171116347499215],[1.9514707332051273,48.18959646746903],[1.9940854471072704,48.28656846541591],[1.9592589395389677,48.308744609379694],[1.97659871967846,48.39939446102111],[1.930604218122009,48.404160386697534],[1.9222282226308982,48.45765547082068],[1.8775562466783065,48.440634307690594],[1.8015844981010378,48.466117420491074],[1.7871836637479,48.553752094663736],[1.6024709210755068,48.663757440378795],[1.6117286003025235,48.689532344547224],[1.57954714394194,48.70178758200089],[1.6264233292342976,48.74808514571475],[1.5848372463573783,48.76335556063718],[1.5951235566096198,48.83970763524931],[1.5015181333142227,48.94105650371536],[1.4478823727132495,48.924618923321155],[1.46536910014206,48.87764051308209],[1.36221210304101,48.83416359925837],[1.374408728054382,48.78261379092151],[1.3329695924667808,48.762674714111974],[1.1215124431385597,48.78922772859492],[1.1126956057794954,48.75187843349803],[0.8883070949913145,48.7189060089203],[0.814833450332447,48.670176850473574]]]}},{"id":"feature_05","type":"Feature","properties":{"code":"35","nom":"Ille-et-Vilaine"},"geometry":{"type":"MultiPolygon","coordinates":[[[[-2.0068483991467017,48.566104595906715],[-2.048728376602256,48.63700989831722],[-2.1502689535208113,48.627088991807106],[-2.123671494154301,48.60442652889675],[-2.0462302726838546,48.544025715732246],[-2.0068483991467017,48.566104595906715]]],[[[-1.9480694834196077,48.538870734898566],[-1.9248518117074056,48.5423722313139],[-1.90898150446109,48.481582362992135],[-1.9486572725768787,48.44647013504948],[-1.9305827559907973,48.350178983627806],[-1.9668787364522777,48.34288419942919],[-1.9580618990932135,48.29318240308932],[-2.053283742571106,48.298337383923005],[-2.1101523435370693,48.25291519431298],[-2.1868588285609274,48.24639852042889],[-2.190238616215235,48.20846564259611],[-2.228004069569893,48.210605445961036],[-2.2357922759037328,48.144855124384215],[-2.2873707744542577,48.13376705240233],[-2.2522503723073193,48.063250805149075],[-2.1684904173962103,48.076186889127946],[-2.2685615214215877,48.03523883382641],[-2.2819337247495017,47.99098380968816],[-2.1367498029035796,47.97911762739176],[-2.0789995182017096,47.91959218833108],[-2.108682870643892,47.84849235834195],[-2.055928793778825,47.86823690757286],[-2.0357970151422955,47.83234656931569],[-2.128079912833833,47.76144126690518],[-2.0607780543263106,47.74938055703014],[-2.1314597004881413,47.72224395981131],[-2.0969270874984733,47.631399580591264],[-1.9743730482074824,47.693940197120696],[-1.9538004277029994,47.672347635892805],[-1.8640156339298635,47.70697354488888],[-1.6549096412307263,47.71261484466914],[-1.5934856742959131,47.77612809909172],[-1.4685804783758383,47.80589081862205],[-1.4819526817037523,47.831957514158425],[-1.2458083877701518,47.77671168182761],[-1.2381671287256295,47.81007316156259],[-1.1539663319465676,47.96588975204494],[-1.0168645110131207,48.0037253660884],[-1.1000366767669592,48.25933460440776],[-1.045078390562126,48.32771104829608],[-1.082843843916784,48.43304773212404],[-1.0702063770354586,48.50852443263234],[-1.2541843832612627,48.54324760541773],[-1.3463203336634826,48.471661456482025],[-1.4290516575493677,48.46261592407574],[-1.4900347826162275,48.48936346613732],[-1.5711496863196173,48.62650540907122],[-1.822135656474309,48.61006782867702],[-1.8716568929743853,48.647417123773906],[-1.8371242799847178,48.67922238287986],[-1.8560804803067055,48.704900023258965],[-1.9380770677460015,48.69449279780228],[-2.028890492544362,48.646930804827335],[-1.9480694834196077,48.538870734898566]]]]}},{"id":"feature_06","type":"Feature","properties":{"code":"39","nom":"Jura"},"geometry":{"type":"Polygon","coordinates":[[[5.5184692341038275,47.3042041933362],[5.488345039793693,47.28942009736034],[5.439999381608157,47.14439978749194],[5.386069726428548,47.08205369854114],[5.282912729327499,47.045287986180135],[5.31009797785128,47.018054125171986],[5.255286638935765,46.97992671976057],[5.263368739848239,46.935963486990275],[5.3084815576687845,46.937422443829995],[5.328760283594631,46.89433458516353],[5.403850348435995,46.889568659487104],[5.462335369584453,46.83869969767545],[5.328613336305315,46.81302205729634],[5.390331197818764,46.770615045155076],[5.361235634533852,46.73161226563983],[5.391065934265352,46.728694351960385],[5.4411749599227,46.6375581813724],[5.362117318269759,46.57735189578652],[5.359178372483404,46.52259238240227],[5.419573708392992,46.50236151422479],[5.415753078870731,46.47318237743034],[5.310538819719232,46.446823890526026],[5.404732032171902,46.31036279411733],[5.427949703884103,46.34226531701259],[5.475266731044414,46.3154205111617],[5.473062521704648,46.26513513208594],[5.541980800394665,46.270290112919625],[5.641904957130725,46.34207078943396],[5.714643865343005,46.30880657348829],[5.725077122884564,46.26075826156677],[5.870114097441167,46.265329659664566],[6.064084519340579,46.416283060681174],[6.073929987724867,46.46403958123475],[6.15284068208849,46.53620931290635],[6.138145953156716,46.55770461034493],[6.048655053962216,46.60779546184206],[6.1037602874563675,46.649813418826064],[6.06981546362397,46.68959430865583],[6.2033905496137915,46.77275484852],[6.105670602217497,46.845216371559545],[6.024261803935472,46.85552633322691],[5.96856878128405,46.98051030249646],[5.828528014564249,47.01221829781309],[5.815743600393606,47.04577430512671],[5.749470372911308,47.017276014857465],[5.7369798533192995,47.04985938427793],[5.784590775058247,47.0549171013223],[5.768426573233295,47.089445746529066],[5.82720548896039,47.14255177549496],[5.698626610807372,47.26500688624232],[5.5744561513338855,47.25411334183906],[5.5184692341038275,47.3042041933362]]]}},{"id":"feature_07","type":"Feature","properties":{"code":"40","nom":"Landes"},"geometry":{"type":"Polygon","coordinates":[[[-1.2538904886826274,44.467603041758686],[-1.448154805160673,43.642222525633095],[-1.5248612901845306,43.529688321395845],[-1.2912151001693322,43.49817485365784],[-1.170865270218107,43.54554231905416],[-1.1329528695741313,43.520740052778876],[-1.1651343259347153,43.50819302395727],[-1.1475006512165873,43.48796215577978],[-0.768376644776831,43.579487381525034],[-0.7154756206224464,43.541068184745676],[-0.6431775542781208,43.57433240069135],[-0.6583131250778473,43.56052094260864],[-0.615404516597069,43.53853932622349],[-0.44817850135348625,43.59602222570855],[-0.4519991308757474,43.5504055085199],[-0.24289313817661018,43.584934153726664],[-0.2821280644244455,43.64309789973693],[-0.24318703275524545,43.65447776308676],[-0.24671376769887132,43.71059896952141],[-0.194106638123122,43.73695745642573],[-0.22716977821961226,43.80825181399349],[-0.18808179926109503,43.8325677613222],[-0.2276106200875656,43.91096237550995],[-0.1791180146127127,43.93790444515015],[-0.10226458229953739,43.92739995590416],[-0.036138302106556885,43.98371568991744],[0.006623359084904301,43.95375844280847],[-0.013655366840943373,43.923606668120875],[0.059083541371335535,43.897831763952446],[0.07598247964287452,43.98313210718155],[0.06055301426451276,44.02485827279761],[0.13505528994860416,44.124164601688044],[-0.12915593624468347,44.15237110058934],[-0.14076477210078409,44.226388844257926],[-0.194106638123122,44.268990383977815],[-0.2259941999050703,44.26471077724796],[-0.2234960959866692,44.20586618471249],[-0.38954653291570995,44.209464944917144],[-0.3833747467643649,44.286303338475854],[-0.6276011416104401,44.3981566961879],[-0.6286297726356649,44.44318983064066],[-0.676093747085293,44.45729308009131],[-0.8173100921196363,44.42033284015168],[-0.9191445636168272,44.44328709442998],[-1.0292080833158108,44.422667171095235],[-0.9877689477282088,44.50825930569228],[-1.085195000545868,44.53218619786373],[-1.2538904886826274,44.467603041758686]]]}},{"id":"feature_08","type":"Feature","properties":{"code":"42","nom":"Loire"},"geometry":{"type":"Polygon","coordinates":[[[3.899550947690342,46.27593141269988],[3.768620912908238,46.23955475549614],[3.8078558391560744,46.16154919646565],[3.825489513874203,45.99590896326251],[3.708960313445239,45.973732819298725],[3.6939716899348305,45.93064496063226],[3.7543670258444184,45.886000881336756],[3.716454625200443,45.8712167853609],[3.7217447276158815,45.81363662208653],[3.69073884956984,45.79214132464795],[3.7808175379216102,45.72434846349552],[3.823432251823755,45.632336918803695],[3.932320193208195,45.5792308898378],[3.984339533626674,45.494027810398016],[3.9630321766756023,45.435475009230494],[3.8991101058223876,45.41028368779796],[3.897346738350574,45.35708039504274],[3.908367785049405,45.33325076666061],[3.979637220368506,45.37507419606599],[4.016080148119304,45.3285821047735],[4.177869113658131,45.392581678142655],[4.331869872863118,45.36826573081395],[4.366549433142103,45.33694679065458],[4.332016820152436,45.3180776155275],[4.369047537060505,45.30027834208289],[4.362581856330523,45.264388003825715],[4.436643290146662,45.27265542591748],[4.483225580860385,45.236376032503046],[4.602399832497067,45.25164644742548],[4.614449510221123,45.30981019343574],[4.755959749834101,45.36563960850245],[4.756841433570008,45.45570587740798],[4.72230882058034,45.494222337976645],[4.655153909362134,45.48624670725283],[4.683073894332503,45.565613959333724],[4.644720651820576,45.5405199016905],[4.614890352089075,45.57543760205452],[4.468090010060658,45.58662293782573],[4.365961643984832,45.671242434529624],[4.402992360892901,45.74428754030506],[4.349356600291928,45.771229609945266],[4.388591526539763,45.80595278273066],[4.393881628955201,45.865089166634064],[4.342156183115359,45.87714987650911],[4.343772603297854,45.93103401578952],[4.243407604693841,45.997076128734285],[4.312619777962494,46.00553807840467],[4.25442865139267,46.05271101622236],[4.2971903125841315,46.06331276925768],[4.321583562610876,46.129160354623814],[4.433116555203037,46.1572695897358],[4.396085838294967,46.18907484884174],[4.421801613925572,46.208527606704706],[4.38815068467181,46.219712942475915],[4.282495583652359,46.15688053457854],[4.20784636067895,46.19481341241132],[3.9887479523062055,46.16971935476809],[3.972583750481256,46.20269177934582],[3.890146321174006,46.214460697852914],[3.899550947690342,46.27593141269988]]]}},{"id":"feature_09","type":"Feature","properties":{"code":"45","nom":"Loiret"},"geometry":{"type":"Polygon","coordinates":[[[1.9940854471072704,48.28656846541591],[1.9514707332051273,48.18959646746903],[1.9710147226843864,48.171116347499215],[1.9142930690077407,48.16751758729457],[1.8658004635328878,48.08387072848382],[1.5453084255309077,48.04457615760063],[1.512980021881006,48.02872215994232],[1.520033491768257,47.98232733243914],[1.5648524150101668,47.98981664421638],[1.5254705414730134,47.929124039683934],[1.588070086722369,47.87650432966461],[1.5313484330457232,47.82865054532172],[1.592919347269854,47.72846884232746],[1.6265702765236156,47.76105221174792],[1.697251922685446,47.73838974883757],[1.739866636587589,47.66155135527886],[1.7904165041128897,47.63704088037152],[1.8556611005699644,47.68956332660153],[1.960875359721462,47.65950881570325],[2.202603650649136,47.67818346325169],[2.2391935256892523,47.620992355134575],[2.563212298634858,47.572165932898535],[2.68444381232199,47.48297503809684],[2.7274993680920865,47.49892629954447],[2.7326425232182068,47.538123606638344],[2.8065570097450276,47.49445216523599],[2.8745936046991396,47.52042159698305],[2.8452041468355924,47.544932071890386],[2.9765750234856476,47.56944254679772],[2.9380748336844,47.59891347496011],[2.9542390355093513,47.645794621409856],[2.8490247763578527,47.71689445139899],[2.856666035402375,47.76095494795861],[3.0237451033566405,47.7865353245484],[3.0102259527394093,47.90471082856592],[3.128371573350867,47.971044732878624],[3.103096639588218,48.0240534980552],[3.1242570492499713,48.03115375467519],[3.0504895100124685,48.07239360134467],[3.0294760476400313,48.13328073345575],[2.9363114662125884,48.163432508143345],[2.8209578440981655,48.1296819732511],[2.7989157507005054,48.16829569760909],[2.7066328530089683,48.12481878378536],[2.451091516885427,48.12345709073495],[2.522948741361799,48.200587275661604],[2.5061967503795772,48.23852015349439],[2.4237593210723283,48.26030724230091],[2.402598911410574,48.32070805546542],[2.327655793858529,48.333060556708396],[2.24521836455128,48.29843464771232],[2.246246995576504,48.32994811545032],[2.202309756070501,48.34463494763686],[2.1638095662692542,48.29843464771232],[1.9940854471072704,48.28656846541591]]]}},{"id":"feature_10","type":"Feature","properties":{"code":"47","nom":"Lot-et-Garonne"},"geometry":{"type":"Polygon","coordinates":[[[0.29743204464470185,44.76221505959329],[0.22660345119355352,44.764354862958214],[0.21690493009858258,44.72399039039256],[0.18457652644868094,44.74898718424647],[0.10052267695893669,44.701133399903576],[0.18281315897686845,44.66106071870587],[0.07069237722743615,44.54930462478313],[-0.0008709526703007953,44.547651140364785],[-0.010569473765270843,44.418484828154696],[0.02352229735644329,44.37743950906384],[-0.07889996329801807,44.353707144471024],[-0.03628524939587496,44.271421978710684],[-0.14076477210078409,44.226388844257926],[-0.12915593624468347,44.15237110058934],[0.13505528994860416,44.124164601688044],[0.06055301426451276,44.02485827279761],[0.07598247964287452,43.98313210718155],[0.126385399878858,44.00034779789027],[0.1590076981073949,43.97379478340733],[0.20514914695316389,44.01902244543872],[0.3814858941344461,44.00637815282779],[0.5758971579018093,44.07592176218789],[0.666563635410852,44.02515006416555],[0.7418006475415329,44.06512548157394],[0.7961711445890947,44.11511906928176],[0.7885298855445724,44.14439546986553],[0.8793433103429322,44.129611373889674],[0.8902174097524451,44.16968405508738],[0.8562725859200482,44.18903954916103],[0.9062346642880783,44.19030397842212],[0.9291584414216443,44.2301821320412],[0.9498780092154453,44.27638243196574],[0.8696447892479622,44.309354856543465],[0.8981525633756027,44.38133006063644],[0.9413550664350163,44.345342458589954],[1.0642030003046434,44.378509410746304],[0.9817655709973936,44.543955116370824],[1.0752240470034735,44.5773165961058],[0.9791205197896744,44.6435532366292],[0.8424595407241808,44.600951696909306],[0.8168907123828948,44.62701839244568],[0.8433412244600875,44.66349231343874],[0.7976406174822719,44.70171698263947],[0.684932046575569,44.675553023313775],[0.6304146022386892,44.70648290831589],[0.5412175976228237,44.66514579785709],[0.3545945401893009,44.654738572400404],[0.34621854469819,44.72253143355284],[0.29743204464470185,44.76221505959329]]]}},{"id":"feature_11","type":"Feature","properties":{"code":"55","nom":"Meuse"},"geometry":{"type":"Polygon","coordinates":[[[4.950958802758736,49.23693295081105],[4.993279622082243,49.20960182601359],[4.9396438614812705,49.18509135110625],[5.005917088963567,49.0594265353115],[4.968592477476864,49.024800626315425],[5.036188230563022,49.02431430736885],[4.995336884132691,48.982588141752785],[5.037804650745517,48.97305629039994],[4.915691453322479,48.899816657045875],[4.935676284669691,48.84068027314246],[4.8885062047986985,48.800607591944754],[5.009149929328558,48.741373944252025],[4.988430361534757,48.68447462750285],[4.99930446094427,48.61483375435344],[5.057642534803412,48.62971511411861],[5.071014738131325,48.59577005164773],[5.328466389015997,48.50716273958193],[5.470123575918294,48.420987022249],[5.738596273501795,48.466117420491074],[5.765046785578987,48.49656098654661],[5.776214779567136,48.5404269555276],[5.713321339739144,48.580694164303935],[5.803400028090916,48.6250464522315],[5.758874999427643,48.6231011764452],[5.764605943711034,48.70110673547569],[5.714056076185733,48.744583649299415],[5.776361726856454,48.79010310269875],[5.765046785578987,48.87297185119498],[5.791056455788226,48.886686045488375],[5.747119216282224,48.91528159954693],[5.847778109464873,48.953311741169024],[5.804722553694775,48.98346351585662],[5.854096842905536,49.042405372181406],[5.806926763034541,49.062733504148206],[5.817800862444054,49.11107360743767],[5.751380687672437,49.11807660026834],[5.765487627446941,49.19812469887444],[5.732865329218404,49.19520678519499],[5.720962598783666,49.247729231425],[5.768279625943977,49.29976535870843],[5.7214034406516205,49.32456762498371],[5.73830237892316,49.3520932773598],[5.688046405976495,49.41512021283581],[5.634557592664839,49.43749088437822],[5.480262938881218,49.38234231583671],[5.448669271677904,49.40169780991036],[5.505684819933185,49.41939981956566],[5.471152206943517,49.42854261576125],[5.470858312364882,49.49721085101752],[5.45351853222539,49.56490644838064],[5.393564038183753,49.6171371032427],[5.262780950690969,49.54185493031302],[5.112306926429609,49.5896114508666],[5.062344848061578,49.49915612680382],[5.115980608662552,49.421928678087845],[5.026342762178734,49.335947488333545],[5.059258954985905,49.289747188409],[4.950958802758736,49.23693295081105]],[[5.455575794275838,49.480967798201945],[5.449550955413811,49.48476108598522],[5.429860018645234,49.48816531861124],[5.442056643658606,49.5036302611123],[5.455575794275838,49.480967798201945]]]}},{"id":"feature_12","type":"Feature","properties":{"code":"61","nom":"Orne"},"geometry":{"type":"Polygon","coordinates":[[[-0.8409686056997918,48.752267488655285],[-0.8491976539015846,48.73077219121671],[-0.7373707667307885,48.679611438037114],[-0.7733728526136341,48.65753255786265],[-0.7422200272782735,48.62728351938574],[-0.7742545363495399,48.5627003632807],[-0.8603656478897328,48.50152143980167],[-0.7573555980780009,48.43654922853937],[-0.6690402771980422,48.48615376108993],[-0.6540516536876329,48.444330331684554],[-0.46228544112798886,48.51270677557288],[-0.35354444703286436,48.48391669393569],[-0.32018741235773884,48.52291947345093],[-0.27154785959356875,48.50745453094988],[-0.2425992435979749,48.56804987169301],[-0.20689105229376548,48.56299215464864],[-0.14458540162304523,48.52778266291668],[-0.17206454472546184,48.50220228632688],[-0.14869992572394164,48.45814178976726],[-0.0518616620635548,48.453278600301516],[-0.05450671327127399,48.38198424273375],[0.06246332902564333,48.3822760341017],[0.16973485022758972,48.46183781376122],[0.29596257175152463,48.48022066994172],[0.3807511576878575,48.42546115655748],[0.39544588661963065,48.3206107916761],[0.48758183702185054,48.30786923527586],[0.5359274952073854,48.24990001684422],[0.653191432082938,48.26371147492693],[0.7378330707299536,48.18911014852246],[0.7976406174822719,48.194459656934775],[0.8304098630001269,48.21070270975035],[0.7933791460920574,48.293085139300004],[0.7601690587062491,48.29824012013369],[0.7731004201662097,48.325571244931155],[0.8833108871545114,48.3566956575119],[0.97618157400332,48.43907808706155],[0.9356241221516246,48.47555200805461],[0.966483052908349,48.522724945872305],[0.819535763590614,48.60987330109838],[0.814833450332447,48.670176850473574],[0.7306326535533847,48.705191814626914],[0.7748637876380231,48.73758065646875],[0.7584056912344366,48.76802422252429],[0.6102828236021596,48.831342949368235],[0.6293859712134653,48.85361635712133],[0.5972045148528808,48.88503256107002],[0.42013303122501,48.88824226611741],[0.38618820739261395,48.91041841008119],[0.41278566675912387,48.95068561885753],[0.26304637894435157,48.964788868308176],[0.15636264689967572,48.924813450899784],[0.12756097819339995,48.95224183948656],[-0.1379727736037477,48.8192822394932],[-0.30593352529391815,48.85828501900844],[-0.34619708256697823,48.82200562559402],[-0.4327490359751236,48.87462533561333],[-0.5710264352231125,48.83017578389646],[-0.6981358404829532,48.84359818682191],[-0.6822655332366381,48.82181109801539],[-0.7147408841758578,48.79992674541955],[-0.8409686056997918,48.752267488655285]]]}},{"id":"feature_13","type":"Feature","properties":{"code":"62","nom":"Pas-de-Calais"},"geometry":{"type":"Polygon","coordinates":[[[2.067706039055456,51.00655033360495],[1.7807179830179196,50.954903261478776],[1.5805757749671638,50.867365851095435],[1.6105530219879824,50.80375533288354],[1.590421243351452,50.72983485300428],[1.5626482056704,50.72497166353854],[1.5766081981555855,50.57226751431426],[1.6267172238129328,50.52139855250261],[1.5854250355146497,50.53734981395024],[1.557798945122915,50.40468200532482],[1.641558900034024,50.352159559094815],[1.670654463318936,50.3310533168135],[1.8051112330446637,50.35955160708274],[1.9181136985300018,50.311795086529166],[1.9466214726576423,50.33144237197076],[1.946180630789689,50.28747913920046],[2.065207935137054,50.25586840767314],[2.085780555641537,50.20101163049958],[2.1498495737840697,50.19040987746426],[2.3339745272991914,50.2385554531751],[2.3611597758229728,50.2070419854371],[2.4516793060426973,50.23028803108335],[2.4956165455487005,50.1945922204048],[2.3898144972399313,50.15549217710024],[2.3754136628867935,50.10929187717571],[2.420820375285973,50.087699315947816],[2.476660345226713,50.13701205713043],[2.5322064205888166,50.11512770453459],[2.5513095682001214,50.14158345522823],[2.7047225382478377,50.08118264206372],[2.708837062348734,50.128550107460036],[2.7809881814037416,50.111139889172684],[2.752480407276101,50.04013732297287],[2.857841613716917,50.07738935428044],[2.87253634264869,50.020976356477846],[2.9483611439366424,50.053462462108996],[3.0903122254175734,50.05375425347694],[3.114117686287047,50.0921734502563],[3.09574927512233,50.12417323694087],[3.134396412212894,50.14323693964658],[3.102214955852311,50.16337054403475],[3.188326067392504,50.22863454666499],[3.133661675766305,50.26627563312983],[3.012136267500539,50.26802638133749],[3.0842873865555465,50.311211503793274],[2.9823059677690384,50.40147230027743],[3.0685640265985494,50.42569098381682],[3.067094553705372,50.45846888081592],[3.0163977388907526,50.44212856421103],[3.008315637978278,50.49280299844405],[2.8989868547258837,50.50155673948239],[2.886937177001828,50.537641605318186],[2.8002382763043654,50.52762343501876],[2.815667741682727,50.56604263179811],[2.7890702823162172,50.58306379492821],[2.8697443441516537,50.63111210684973],[2.809202060952747,50.66933677605046],[2.769085450969005,50.6636954762702],[2.792450069970525,50.63364096537192],[2.739108203948187,50.60932501804321],[2.373503348125663,50.67264374488716],[2.383495763799268,50.700558452420516],[2.340881049897125,50.740922924986165],[2.411415748769638,50.766697829154595],[2.213477750058649,50.81056379813558],[2.1353017921416138,50.964240585253],[2.067706039055456,51.00655033360495]],[[2.999792695197849,50.1296200091425],[3.0610697148433452,50.17406956085938],[3.095602327833012,50.16259243372023],[3.072825497988763,50.13117622977154],[2.999792695197849,50.1296200091425]]]}},{"id":"feature_14","type":"Feature","properties":{"code":"63","nom":"Puy-de-D\u00f4me"},"geometry":{"type":"Polygon","coordinates":[[[2.565269560685307,46.14297181270652],[2.551750410068075,46.08344637364585],[2.6024472248826935,46.033452785938024],[2.6106762730844872,45.97120396077654],[2.4922367578943927,45.86401926495161],[2.388051129768118,45.82735081637992],[2.4920898106050746,45.737673602631645],[2.5248590561229296,45.65723644886829],[2.464610667502658,45.594404040970915],[2.5163361133425006,45.55335872188006],[2.508400959719343,45.47846560410765],[2.6885583364228864,45.43761481259542],[2.714861901210761,45.38149360616077],[2.8819409691650257,45.38363340952569],[2.9486550385152768,45.30912934691054],[3.0166916334693887,45.28705046673607],[3.1035374814561703,45.35435700894193],[3.1680473414666555,45.352217205577006],[3.2955975885944504,45.41806479094314],[3.419914995357253,45.39715307624045],[3.50132379363928,45.427499378506674],[3.570682914197249,45.402016265706195],[3.6185877305148324,45.33762763717978],[3.679864750160327,45.384119728472264],[3.740847875227187,45.35299531589152],[3.7899282698593115,45.353870689995354],[3.808296681024027,45.391609040249506],[3.897346738350574,45.35708039504274],[3.8991101058223876,45.41028368779796],[3.9630321766756023,45.435475009230494],[3.984339533626674,45.494027810398016],[3.932320193208195,45.5792308898378],[3.823432251823755,45.632336918803695],[3.7808175379216102,45.72434846349552],[3.69073884956984,45.79214132464795],[3.7217447276158815,45.81363662208653],[3.716454625200443,45.8712167853609],[3.7543670258444184,45.886000881336756],[3.6939716899348305,45.93064496063226],[3.5884635362046957,46.024115462163806],[3.4641461294418914,46.00816420071617],[3.4714934939077793,46.0418174718191],[3.41888636433203,46.07420631366094],[3.3320405163452484,46.04405453897334],[3.1280776787722324,46.07138566377081],[3.087373279631219,46.11301456559755],[3.0165446861800707,46.102412812562235],[2.9111834797392557,46.17740319412397],[2.9214697899914963,46.25035103611008],[2.819194476626353,46.24179182265038],[2.810377639267289,46.19617510546173],[2.73308336508616,46.22331170268056],[2.640800467394622,46.11846133779918],[2.565269560685307,46.14297181270652]]]}},{"id":"feature_15","type":"Feature","properties":{"code":"67","nom":"Bas-Rhin"},"geometry":{"type":"Polygon","coordinates":[[[7.635391884015119,49.0541742906885],[7.538259725776097,48.932983609202225],[7.446858511820466,48.965761506201325],[7.326802576447875,48.94339083465891],[7.130480997919381,49.00456975813794],[7.110937008440123,49.071876300343796],[7.068175347248662,49.06691584708874],[7.032173261365816,48.95603512726984],[6.94444572964313,48.93483162119921],[6.9547320398953705,48.89388356589767],[7.0956544903510785,48.86217557058104],[7.051276408977122,48.84632157292272],[7.077873868343632,48.78562896839027],[7.184557600388308,48.85030938828463],[7.311813952937467,48.76734337599908],[7.2424548323794955,48.691574884122836],[7.304319641182262,48.66025594396346],[7.262733558305342,48.5903232794461],[7.167952556695404,48.52758813533804],[7.079343341236809,48.5364391401657],[7.123133633453495,48.51358214967671],[7.093744175589947,48.50521746379563],[7.116814900012832,48.48488933182884],[7.085515127388154,48.398713614495904],[7.107998062653769,48.3770237894787],[7.078461657500904,48.35105435773164],[7.169568976877899,48.34230061669331],[7.198223698294857,48.31049535758736],[7.2752240778973505,48.305243112964355],[7.318279633667448,48.24921917031902],[7.476835758841283,48.203602453130365],[7.470517025400621,48.161000913410476],[7.519450472743426,48.12618047683577],[7.577347704734613,48.12044191326619],[7.696081114503343,48.30407594749258],[7.739871406720029,48.32177795714788],[7.731936253096871,48.39297505092633],[7.839795563456089,48.64138676883639],[7.963084339193669,48.721337603653176],[7.971754229263414,48.7576169970676],[8.096365530604855,48.81043123466555],[8.14794402915538,48.903804472407785],[8.23038145846263,48.96566424241201],[7.934576565066028,49.05787031468246],[7.868744179451683,49.034137950089644],[7.800413689918935,49.06409519719861],[7.635391884015119,49.0541742906885]]]}},{"id":"feature_16","type":"Feature","properties":{"code":"68","nom":"Haut-Rhin"},"geometry":{"type":"Polygon","coordinates":[[[7.198223698294857,48.31049535758736],[7.077873868343632,48.171116347499215],[7.076698290029091,48.10847846718047],[6.943417098617905,47.99798680251883],[6.897863438929408,47.884285432809804],[6.920052479616386,47.85034037033893],[6.846284940378881,47.82300924554146],[6.863477773229057,47.785173631498],[7.037463363781255,47.721660377075416],[7.04628020114032,47.671569525578285],[7.006016643867261,47.60251223516476],[7.086249863834743,47.59259132865465],[7.130334050630063,47.50310864248501],[7.196607278112362,47.49347952734284],[7.173095711821524,47.447181963628985],[7.246275461901757,47.42228243356439],[7.380879178916802,47.43191154870656],[7.455528401890211,47.47305413158673],[7.434514939517776,47.49795366165132],[7.486828174514889,47.48180787262506],[7.5315001504674814,47.52829996391755],[7.503286270918476,47.54201415821094],[7.584695069200501,47.57732091373222],[7.512543950145492,47.69491283501384],[7.548105194160385,47.73965417809866],[7.5567750842301304,47.88000582607995],[7.622166627976522,47.972309162139716],[7.56853086737555,48.03543336140504],[7.577347704734613,48.12044191326619],[7.519450472743426,48.12618047683577],[7.470517025400621,48.161000913410476],[7.476835758841283,48.203602453130365],[7.318279633667448,48.24921917031902],[7.2752240778973505,48.305243112964355],[7.198223698294857,48.31049535758736]]]}},{"id":"feature_17","type":"Feature","properties":{"code":"76","nom":"Seine-Maritime"},"geometry":{"type":"Polygon","coordinates":[[[1.3796988304698203,50.065036853037455],[1.111079185597001,49.93908024587476],[0.5729582121154548,49.84969482349444],[0.18971968157480212,49.70477177741535],[0.06554922210131586,49.51257852972926],[0.1212422447527377,49.46316852475733],[0.3390181275216211,49.44099238079355],[0.5025704605322598,49.48515014114248],[0.6652411098069928,49.40198960127831],[0.7977875647715891,49.41755180756868],[0.917990447433497,49.38545475709479],[0.9319504399186815,49.34479849316119],[0.852451956397787,49.326512900770005],[0.9006506672940038,49.297041972607616],[0.9365058058875313,49.31921811657139],[0.9557559007881551,49.271461596017815],[1.0133592382007066,49.25230062952279],[1.0540636373417192,49.26815462718111],[1.0481857457690102,49.29791734671144],[1.134002962730567,49.30988079279717],[1.1603065275184417,49.34197784327106],[1.2721334146892387,49.34625745000091],[1.34531316476947,49.44809263741354],[1.7138569663783496,49.40928438547692],[1.7901226095342544,49.50343573353367],[1.719147068793788,49.508201659210094],[1.7445689498457568,49.53961786315878],[1.6951946606349972,49.599726884955345],[1.7505937887077838,49.69378096922278],[1.6894637163516055,49.69475360711593],[1.7838038760935913,49.75836412532782],[1.6784426696527754,49.91816853117207],[1.4564053154936776,50.037802992029306],[1.4464128998200723,50.06931645976731],[1.3796988304698203,50.065036853037455]]]}},{"id":"feature_18","type":"Feature","properties":{"code":"89","nom":"Yonne"},"geometry":{"type":"Polygon","coordinates":[[[2.9363114662125884,48.163432508143345],[3.0294760476400313,48.13328073345575],[3.0504895100124685,48.07239360134467],[3.1242570492499713,48.03115375467519],[3.103096639588218,48.0240534980552],[3.128371573350867,47.971044732878624],[3.0102259527394093,47.90471082856592],[3.0237451033566405,47.7865353245484],[2.856666035402375,47.76095494795861],[2.8490247763578527,47.71689445139899],[2.9542390355093513,47.645794621409856],[2.9380748336844,47.59891347496011],[2.9765750234856476,47.56944254679772],[3.101921061273675,47.588019930556854],[3.165108395680301,47.5175036833036],[3.3462944034090683,47.472470548850836],[3.3972851128023223,47.5089444698439],[3.487951590311365,47.49396584628941],[3.5047035812935867,47.55796541965857],[3.5806753298708554,47.49785639786201],[3.5871410106008366,47.45622749603527],[3.6745746477448886,47.449613558361854],[3.7263000935847312,47.39825827760363],[3.8282815123712393,47.382307016156],[3.8514991840834423,47.43560757270052],[3.892350530513772,47.419169992306315],[3.871484015430653,47.36742565639083],[3.948190500454512,47.3934923519272],[3.999181209847766,47.3127634067959],[4.106011889181758,47.339316421278845],[4.066042226487335,47.40730381000991],[4.119384092509673,47.44358320342434],[4.115416515698094,47.51507208857073],[4.248991601687916,47.65950881570325],[4.226508666422301,47.678280727041006],[4.272356220689435,47.68654814913277],[4.239440027882262,47.72448102696555],[4.3324576620203885,47.75657807743944],[4.32452250839723,47.84722792908085],[4.273090957136024,47.83925229835704],[4.24737518150542,47.8737809435638],[4.311150305069317,47.9039327182514],[4.2935166303511885,47.92571980705792],[4.212695621226434,47.97172557940383],[4.201821521816923,47.94118474955897],[4.16626027780203,47.95985939710742],[4.111742833465151,47.92698423631901],[3.8939669506962673,47.92931856726256],[3.9146865184900683,47.975713394765734],[3.8854440079158383,48.000321133462386],[3.850029711190265,47.98378628927887],[3.870602331694748,48.015688812174126],[3.821962778930576,48.043992574864745],[3.80491689336972,48.10254537603227],[3.739672296912646,48.13279441450918],[3.7518689219260164,48.16129270477842],[3.718511887250891,48.17539595422907],[3.667962019725591,48.13921382460396],[3.6319599338427455,48.1894019398904],[3.575238280166099,48.18881835715452],[3.621673623590503,48.22577859709415],[3.600072372060797,48.237061196654665],[3.616824363043019,48.2713953142828],[3.4982379005636073,48.3691454225442],[3.427409307112459,48.3600026263486],[3.4147718402311327,48.39025166482551],[3.0494608789872437,48.36009989013792],[3.0159568970228,48.307966499065174],[3.047550564226114,48.249705489265594],[2.9363114662125884,48.163432508143345]]]}},{"id":"feature_19","type":"Feature","properties":{"code":"93","nom":"Seine-Saint-Denis"},"geometry":{"type":"Polygon","coordinates":[[[2.5529259883826168,49.00982200276094],[2.4594675123765377,48.955062489376694],[2.366449878238411,48.974223455871716],[2.290918971529095,48.95097741022547],[2.3355909474816867,48.9406674485581],[2.319867587524689,48.900497503571074],[2.3948107050767344,48.89845496399547],[2.416265009317123,48.849239486602166],[2.4956165455487005,48.860911141319946],[2.592160914630452,48.80741605719679],[2.559391669112597,48.88532435243796],[2.6025941721720116,48.92938484899758],[2.5529259883826168,49.00982200276094]]]}},{"id":"feature_20","type":"Feature","properties":{"code":"04","nom":"Alpes-de-Haute-Provence"},"geometry":{"type":"Polygon","coordinates":[[[5.675996728252439,44.191373880104585],[5.6436683246025385,44.17260196876683],[5.678641779460159,44.14604895428388],[5.576219518805697,44.18796964747857],[5.5829790941143145,44.15762334521234],[5.498778297335251,44.11570265201765],[5.502598926857512,44.06337473336628],[5.544625851602385,44.069891407250374],[5.512150500663166,43.94597733966329],[5.607078449562422,43.91378302540008],[5.544478904313067,43.81817272050361],[5.654395476722733,43.82507844954496],[5.757258579245148,43.72937088085917],[5.781357934693256,43.75563210397418],[5.881722933297269,43.72392410865754],[5.925513225513955,43.75689653323527],[6.02176370001707,43.668289221169466],[6.216762752941705,43.79949807295516],[6.383547926317334,43.734428597903545],[6.438800107100803,43.7977473247475],[6.636297263943838,43.78889631991984],[6.712122065231791,43.81486575166691],[6.667890931147152,43.83091427690385],[6.698602914614558,43.85523022423256],[6.67259324440532,43.888397176388914],[6.745626047196234,43.872056859784024],[6.830708527711202,43.918354423497874],[6.94180067843541,43.89695638984862],[6.7457729944855505,44.04324112897811],[6.755324568291204,44.07854788449939],[6.6864062896011855,44.16919773614081],[6.724024795666526,44.24982941748279],[6.887430181387847,44.36100192866964],[6.892867231092604,44.42072189530894],[6.944592676932446,44.43200449486946],[6.854073146712722,44.529073756605655],[6.933571630233617,44.5759549030554],[6.966781717619424,44.625267644238015],[6.948413306454707,44.654738572400404],[6.68420208026142,44.541231730270006],[6.632329687132259,44.44708038221326],[6.4692181959895745,44.451262725153796],[6.35724436152946,44.522654346510876],[6.327120167219324,44.46351796260746],[6.2336616912132445,44.463809753975404],[6.26246335991952,44.41225994563855],[6.228224641508488,44.38162185200438],[6.155632680585528,44.46196174197843],[6.083775456109155,44.477718475847425],[5.904352815852201,44.33785314681271],[5.913316600500583,44.248662252011016],[5.865852626050954,44.29583518982871],[5.823825701306081,44.278911290487926],[5.909349023689003,44.190401242211436],[5.795317927178441,44.213452760279054],[5.675996728252439,44.191373880104585]]]}},{"id":"feature_21","type":"Feature","properties":{"code":"05","nom":"Hautes-Alpes"},"geometry":{"type":"Polygon","coordinates":[[[6.260553045158391,45.12675974194524],[6.203978338771062,45.012474789500324],[6.318156382570942,45.003818312251305],[6.32285869582911,44.95294935043965],[6.358860781711956,44.94127769572187],[6.355334046768329,44.85471292323168],[6.2881791355501235,44.87397115351602],[6.136235638395586,44.864050247005906],[6.0564432602960565,44.815904671295065],[6.016032755733679,44.835454692947344],[5.949612580962063,44.804524807945235],[5.980177617140152,44.781181498509675],[5.952551526748417,44.76211779580397],[5.827058541671072,44.7596862010711],[5.801342766040468,44.706774699683834],[5.8294096983001555,44.69237965886524],[5.790615613920274,44.653279615560685],[5.641758009841407,44.651042548406444],[5.597232981178134,44.54327426984562],[5.664534839685656,44.5018398955975],[5.603551714618797,44.46546323839376],[5.465421262660126,44.50038093875778],[5.464392631634901,44.44785849252777],[5.493635142209131,44.42821120708618],[5.418545077367769,44.424904238249475],[5.434415384614084,44.36956114212934],[5.49304735305186,44.337172300287506],[5.626916333620317,44.33474070555464],[5.607813186009011,44.30663147044265],[5.686576933083318,44.26685058061289],[5.675996728252439,44.191373880104585],[5.795317927178441,44.213452760279054],[5.909349023689003,44.190401242211436],[5.823825701306081,44.278911290487926],[5.865852626050954,44.29583518982871],[5.913316600500583,44.248662252011016],[5.904352815852201,44.33785314681271],[6.083775456109155,44.477718475847425],[6.155632680585528,44.46196174197843],[6.228224641508488,44.38162185200438],[6.26246335991952,44.41225994563855],[6.2336616912132445,44.463809753975404],[6.327120167219324,44.46351796260746],[6.35724436152946,44.522654346510876],[6.4692181959895745,44.451262725153796],[6.632329687132259,44.44708038221326],[6.68420208026142,44.541231730270006],[6.948413306454707,44.654738572400404],[6.987060443545273,44.690142591711],[7.077139131897043,44.68090253172609],[6.999550963137279,44.78944892060144],[7.021740003824258,44.82144870728601],[6.749887518586448,44.907332633251],[6.745626047196234,45.01257205328964],[6.673768822719861,45.01957504612031],[6.629978530503177,45.109252259868576],[6.51036343699854,45.10896046850063],[6.4812678737136284,45.094079108735464],[6.486264081550431,45.05604896711337],[6.453494836032576,45.05176936038352],[6.365032567863299,45.07122211824648],[6.3344675316852115,45.12277192658333],[6.260553045158391,45.12675974194524]]]}},{"id":"feature_22","type":"Feature","properties":{"code":"07","nom":"Ard\u00e8che"},"geometry":{"type":"Polygon","coordinates":[[[4.483225580860385,45.236376032503046],[4.457362857940463,45.11897863880006],[4.376541848815709,45.144364487811224],[4.399612573238594,45.10468086177078],[4.346417654505574,45.0746263508725],[4.381831951231147,45.04155666250546],[4.29733725987345,45.016948923808805],[4.3117380942265875,44.97172126177742],[4.235913292938637,44.970359568727005],[4.156120914839107,44.87329030699081],[4.039591714410143,44.87309577941218],[4.028276773132676,44.83409299989694],[3.945545449246792,44.824366620965456],[3.924825881452991,44.76960710758121],[3.8625202307822715,44.74383220341278],[3.9051349446844146,44.59268427481755],[3.9608279673358364,44.55475139698477],[3.998152578822541,44.45972467482419],[4.068393383116419,44.405062425229254],[4.04238371290718,44.394655199772565],[4.051347497555561,44.317330487267284],[4.126731456975559,44.33765861923408],[4.25898401736152,44.26471077724796],[4.336131344253332,44.33950663123106],[4.394175523533837,44.34524519480064],[4.393440787087249,44.29359812267447],[4.440610866958242,44.28406627132161],[4.4576567525190995,44.34164643459599],[4.5035043067862315,44.34018747775627],[4.6492760177894255,44.27035207702822],[4.650598543393285,44.32978025229958],[4.667350534375506,44.430642801819054],[4.698650307000184,44.452235363046945],[4.692331573559521,44.555821298667226],[4.7790304742569845,44.65464130861109],[4.76183764140681,44.76941258000258],[4.822526871895034,44.81707183676684],[4.886595890037567,44.93660903383476],[4.837662442694761,45.004790950144454],[4.860733167117646,45.05536812058816],[4.804452355308953,45.1218965524795],[4.8291394999143336,45.156619725264896],[4.800484778497374,45.29833306629659],[4.755959749834101,45.36563960850245],[4.614449510221123,45.30981019343574],[4.602399832497067,45.25164644742548],[4.483225580860385,45.236376032503046]]]}},{"id":"feature_23","type":"Feature","properties":{"code":"08","nom":"Ardennes"},"geometry":{"type":"Polygon","coordinates":[[[4.2329743471522825,49.95785215721252],[4.218573512799145,49.92069738969426],[4.253106125788811,49.87226002261548],[4.209462780861445,49.78180469855269],[4.250020232713139,49.75709969606673],[4.127025351554195,49.67792697156446],[4.114681779251505,49.63532543184457],[4.025190880057005,49.62258387544433],[4.076475484028894,49.57113133089678],[4.048702446347843,49.54525916293904],[4.075740747582305,49.51831709329883],[4.040620345435366,49.50859071436736],[4.047967709901254,49.40568562527227],[4.248256865241327,49.382245052047395],[4.447223494977539,49.27253149770028],[4.575949320419875,49.29665291745035],[4.635462972593558,49.23216702513463],[4.68601284011886,49.256774763831274],[4.86822747887285,49.228568264929976],[4.91495671687589,49.26513944971235],[4.950958802758736,49.23693295081105],[5.059258954985905,49.289747188409],[5.026342762178734,49.335947488333545],[5.115980608662552,49.421928678087845],[5.062344848061578,49.49915612680382],[5.112306926429609,49.5896114508666],[5.262780950690969,49.54185493031302],[5.393564038183753,49.6171371032427],[5.311714398033775,49.613538343038044],[5.3327278604062105,49.65283291392124],[5.26924663142095,49.69611530016633],[5.166236581609217,49.692905595118944],[5.0934976733969375,49.76371363374014],[4.998716671786999,49.79931218062936],[4.855296117412889,49.79240645158801],[4.873811475866924,49.820807478067934],[4.851622435179946,49.85621149737853],[4.887624521062792,49.90630234887567],[4.790051520955815,49.97001013087687],[4.840307493902481,50.03760846445068],[4.819294031530045,50.06591222714129],[4.89482493823936,50.13458046239756],[4.879542420150315,50.152087944474225],[4.822526871895034,50.1683309972898],[4.702030094654493,50.095577682882315],[4.688804838615896,49.99549324367736],[4.446929600398905,49.93752402524572],[4.2329743471522825,49.95785215721252]]]}},{"id":"feature_24","type":"Feature","properties":{"code":"09","nom":"Ari\u00e8ge"},"geometry":{"type":"Polygon","coordinates":[[[1.6884350853263816,43.273495500340594],[1.6350932193040437,43.237118843136855],[1.4944646634269718,43.28613979295152],[1.5046040263898952,43.22126484547854],[1.4637526799595646,43.210565828653905],[1.4176112311137956,43.22778151936263],[1.425399437447636,43.25657160099982],[1.373086202450522,43.31016394891228],[1.3240058078183985,43.30938583859777],[1.2971144538732533,43.262407428358706],[1.3751434645009706,43.237799689662054],[1.374408728054382,43.21367826991198],[1.214089235408733,43.16242025294307],[1.3019637144207383,43.12400105616371],[1.2236408092143858,43.08606817833093],[1.1241574943462789,43.15687621695212],[1.0496552186621875,43.139660526243404],[1.0389280665419927,43.10056048293884],[0.9923457758282703,43.098031624416656],[0.9867617788341967,43.02751537716341],[1.0189432351947811,43.010396950244],[0.8261483916099124,42.914300326400955],[0.8581829006811788,42.82569301433515],[0.9272481266605137,42.78921909334209],[1.0752240470034735,42.785328541769495],[1.172797047110449,42.70810109305353],[1.3569220006255716,42.71928642882473],[1.4400941663794091,42.60344525575078],[1.4772718305767967,42.61492238288993],[1.480063829073833,42.65139630388298],[1.549276002342487,42.65577317440216],[1.734870428750786,42.61715945004417],[1.7259066441024045,42.59031464419328],[1.786008085433358,42.573585272431124],[1.971749459130975,42.61686765867623],[2.0005511278372508,42.66151173797173],[2.166013775609021,42.6639433327046],[2.1679240903701515,42.696137646967806],[2.0863683447988084,42.75177253445588],[1.9554383100167065,42.73669664711208],[1.8594817300922255,42.820829824869406],[1.8804951924646618,42.85263508397536],[1.9870319772200196,42.87101794015586],[1.9805662964900392,42.92957074132338],[1.9338370584869988,42.939297120254864],[2.0036370209129233,42.9605006263255],[1.9696921970805263,43.00796535551113],[1.984974715169571,43.03257309420778],[1.9411844229528858,43.05270669859595],[1.9639612527971346,43.06914427899015],[1.9495604184439967,43.11942965806592],[1.7100363368560885,43.18965411395122],[1.7238493820519558,43.224474550525926],[1.6884350853263816,43.273495500340594]]]}},{"id":"feature_25","type":"Feature","properties":{"code":"17","nom":"Charente-Maritime"},"geometry":{"type":"MultiPolygon","coordinates":[[[[-1.480924050678528,46.20998656354443],[-1.5128116124604767,46.2222418009981],[-1.4746053172378653,46.233329872979986],[-1.5006149874471046,46.25822940304458],[-1.5615981125139644,46.245487846644345],[-1.5060520371518606,46.1940353020968],[-1.3216331890581032,46.14501435228213],[-1.2566824871796642,46.16096561372976],[-1.443893333770459,46.213488059959765],[-1.4128874557244169,46.23021743172191],[-1.480924050678528,46.20998656354443]]],[[[-1.1294261346305055,46.31036279411733],[-1.1112046707551064,46.26143910809197],[-1.2419877582478906,46.15736685352511],[-1.1607259072551832,46.155421577738814],[-1.0527196496066482,46.011179378184934],[-1.0990080457417344,45.99046219106088],[-1.0650632219093374,45.955836282064794],[-1.0944526797728846,45.948736025444816],[-1.0812274237342887,45.898742437737],[-1.1680732717210702,45.845052826035214],[-1.1328059222848132,45.80741173957038],[-1.2425755474051616,45.78153957161263],[-1.2371384977004056,45.7058683435257],[-1.0203912459567466,45.621443374400435],[-0.9890914733320688,45.581273429413415],[-1.025681348372185,45.57465949174001],[-0.8411155529891099,45.43508595407323],[-0.7528002321091511,45.32177363952147],[-0.5943910542246327,45.32109279299626],[-0.5870436897587457,45.342782618013466],[-0.5676466475688047,45.29755495598207],[-0.418642096200621,45.273336272442684],[-0.3833747467643649,45.14329458612876],[-0.36353686270647056,45.17023665576897],[-0.189257377575637,45.09446816389272],[-0.08771680065708232,45.12131296974361],[-0.040252826207453296,45.10234653082722],[0.004272202455820384,45.19163468941823],[0.0033905187199136932,45.228692193147175],[-0.11534289104881612,45.248047687220826],[-0.1088772103188358,45.28889847873305],[-0.283891431896258,45.30990745722506],[-0.24627292583091798,45.35396795378467],[-0.3103419439734507,45.38606500425856],[-0.23407630081754593,45.40911652232617],[-0.2862425885253419,45.456289460143864],[-0.2420114544407035,45.502684287647035],[-0.32165688525091607,45.53487860191024],[-0.29667584606690145,45.56444679386195],[-0.38704842899730796,45.6258202449196],[-0.432014299528535,45.62455581565851],[-0.3824930630284582,45.65976530739047],[-0.42290356759083547,45.6855402115589],[-0.4010084214824934,45.734755688952205],[-0.46169765197071744,45.75129053313572],[-0.2947655313057709,45.80527193620545],[-0.15604729018982866,45.77949703203702],[-0.1154898383381342,45.870633202625015],[-0.1489938203025778,45.92510092464131],[-0.0971214271734171,45.9283106296887],[-0.102999318746126,45.9696477401475],[-0.19395969083380482,46.05222469727579],[-0.273017332486746,46.057282414320156],[-0.2931491111232756,46.086558814903924],[-0.3626551789705639,46.07547074292203],[-0.4224627257228821,46.113306356965495],[-0.5060757333446739,46.10669241929209],[-0.5469270797750037,46.1441389781783],[-0.6199598825659187,46.13771956808352],[-0.612906412678667,46.161451932676336],[-0.6912293178850195,46.17973752506752],[-0.6907884760170662,46.21912935974002],[-0.7514777065052911,46.24509879148708],[-0.7505960227693844,46.30433243917981],[-0.8305353481582323,46.34158447048739],[-0.850961021373398,46.31726852315868],[-0.9613184356510169,46.32339614188552],[-0.928549190133162,46.37105539864978],[-1.1294261346305055,46.31036279411733]]],[[[-1.250216806449684,45.84592820013905],[-1.217447560931829,45.81295577556132],[-1.1883519976469175,45.88259664871074],[-1.2337587100460978,45.92704620042761],[-1.2359629193858637,45.98151392244391],[-1.4133282975923698,46.04677792507416],[-1.383791892439505,45.95136214775631],[-1.250216806449684,45.84592820013905]]]]}},{"id":"feature_26","type":"Feature","properties":{"code":"19","nom":"Corr\u00e8ze"},"geometry":{"type":"Polygon","coordinates":[[[1.8987166563400608,45.698281767959145],[1.8713844605269614,45.66462849685622],[1.7838038760935913,45.6802879669359],[1.5848372463573783,45.55608210798087],[1.4803577236524692,45.565905750701674],[1.3500154780276379,45.46689121317918],[1.287122038199647,45.48984546745748],[1.2531772143672502,45.44413148647951],[1.288150669224871,45.427304850928046],[1.2596428950972305,45.39832024171223],[1.3228302295038565,45.382660771632544],[1.239511116460701,45.32274627741461],[1.2271675441580117,45.27197457939227],[1.2775704643939942,45.24201733228331],[1.2279022806046003,45.20602973023682],[1.2921182460364502,45.18647970858454],[1.2547936345497455,45.15924584757639],[1.2965266647159819,45.140182144870685],[1.4129089178556287,45.12500899373757],[1.386458405778436,45.1028328497738],[1.3995367145277147,45.061106684157735],[1.4483232145812028,45.01928325475237],[1.535756851725255,45.046225324392566],[1.6299500641779234,45.03348376799233],[1.7748400914452098,44.92367294985589],[1.9082682301457137,44.97843246324014],[1.951029891337174,44.95314387801828],[2.063003725797288,44.97648718745384],[2.138093790638651,44.99273024026942],[2.0951851821578726,45.05595170332405],[2.171744719892412,45.081434816124535],[2.1787981897796636,45.1362915932981],[2.2336095286951787,45.16712421451089],[2.1954032334725673,45.22081382621268],[2.3593964083511603,45.335779625182795],[2.355134936960946,45.414952349685066],[2.477835923541254,45.37040553417887],[2.5226548467831638,45.38207718889665],[2.487387497346907,45.418842901257655],[2.508400959719343,45.47846560410765],[2.5163361133425006,45.55335872188006],[2.464610667502658,45.594404040970915],[2.5248590561229296,45.65723644886829],[2.4920898106050746,45.737673602631645],[2.2732852968109674,45.66394765033101],[2.174389771100132,45.7321295666407],[2.084751924616313,45.728044487489484],[2.046986471261655,45.76383756195734],[1.8987166563400608,45.698281767959145]]]}},{"id":"feature_27","type":"Feature","properties":{"code":"24","nom":"Dordogne"},"geometry":{"type":"Polygon","coordinates":[[[0.6296798657921006,45.71452482077472],[0.5754563160338559,45.6408961322634],[0.4996315147459054,45.6172610314599],[0.5065380373438382,45.55384504082663],[0.4317418670811115,45.485565860727625],[0.3027221470601402,45.45901284624468],[0.3178577178598667,45.43664217470227],[0.27068763798887385,45.420399121886696],[0.2504089120630262,45.37342071164763],[0.26672006117729463,45.2977494835607],[0.17517189993234616,45.260205660885184],[0.14534160020084563,45.2143944161179],[0.05335259708794382,45.2268441811502],[0.004272202455820384,45.19163468941823],[-0.040252826207453296,45.10234653082722],[0.0460052326220568,45.113142811441165],[0.07319048114583815,45.0700549527747],[0.009121463003305408,44.96277299316045],[0.034249449476638105,44.91540552776413],[-0.034227987345426314,44.85208680092018],[0.19295252193979184,44.82096238833944],[0.27509605666840553,44.86764900721055],[0.31506571936282946,44.845375599457455],[0.2637811153909402,44.82621463296244],[0.29743204464470185,44.76221505959329],[0.34621854469819,44.72253143355284],[0.3545945401893009,44.654738572400404],[0.5412175976228237,44.66514579785709],[0.6304146022386892,44.70648290831589],[0.684932046575569,44.675553023313775],[0.7976406174822719,44.70171698263947],[0.8433412244600875,44.66349231343874],[0.8168907123828948,44.62701839244568],[0.8424595407241808,44.600951696909306],[0.9791205197896744,44.6435532366292],[1.0752240470034735,44.5773165961058],[1.1032909792631607,44.571675296325544],[1.1467873769012105,44.67030077869077],[1.2878567746462357,44.714750330407654],[1.3228302295038565,44.76513297327273],[1.2996125577916544,44.796840968589365],[1.4418575338512225,44.87756991372066],[1.4092352356226847,45.00595811561623],[1.4483232145812028,45.01928325475237],[1.3995367145277147,45.061106684157735],[1.386458405778436,45.1028328497738],[1.4129089178556287,45.12500899373757],[1.2965266647159819,45.140182144870685],[1.2547936345497455,45.15924584757639],[1.2921182460364502,45.18647970858454],[1.2279022806046003,45.20602973023682],[1.2775704643939942,45.24201733228331],[1.2271675441580117,45.27197457939227],[1.239511116460701,45.32274627741461],[1.3228302295038565,45.382660771632544],[1.2596428950972305,45.39832024171223],[1.288150669224871,45.427304850928046],[1.2531772143672502,45.44413148647951],[1.1222471795851483,45.47720117484655],[1.1673599974056934,45.524763167821504],[1.0803672021295938,45.53400322780641],[1.0233516538743128,45.60889634557882],[0.8711142621411394,45.622416012293584],[0.8114536626781392,45.575826657211785],[0.7514991686365029,45.618233669353046],[0.7757454713739289,45.667546410535664],[0.6296798657921006,45.71452482077472]]]}},{"id":"feature_28","type":"Feature","properties":{"code":"27","nom":"Eure"},"geometry":{"type":"Polygon","coordinates":[[[0.2972850973553838,49.42990430881166],[0.3090408805008025,49.28323051452491],[0.3839839980528472,49.285564845468464],[0.32608676606165954,49.2438386798524],[0.39471115017304204,49.20843466054181],[0.3858943128139778,49.15406420231482],[0.4268926065336265,49.142489811386355],[0.39970735800984514,49.10056911819167],[0.41807576917456224,49.07391883991941],[0.36708505978130823,49.05242354248083],[0.44628964872356747,49.01497698359462],[0.41278566675912387,48.95068561885753],[0.38618820739261395,48.91041841008119],[0.42013303122501,48.88824226611741],[0.5972045148528808,48.88503256107002],[0.6293859712134653,48.85361635712133],[0.6102828236021596,48.831342949368235],[0.7584056912344366,48.76802422252429],[0.7748637876380231,48.73758065646875],[0.7306326535533847,48.705191814626914],[0.814833450332447,48.670176850473574],[0.8883070949913145,48.7189060089203],[1.1126956057794954,48.75187843349803],[1.1215124431385597,48.78922772859492],[1.3329695924667808,48.762674714111974],[1.374408728054382,48.78261379092151],[1.36221210304101,48.83416359925837],[1.46536910014206,48.87764051308209],[1.4478823727132495,48.924618923321155],[1.5015181333142227,48.94105650371536],[1.5154781257994072,48.976460523025956],[1.4706592025574983,48.97529335755418],[1.447294583555978,49.053493444163294],[1.608789654516169,49.07790665528132],[1.7043053925726968,49.23226428892394],[1.7104771787240418,49.264458603187144],[1.789534820376983,49.247923759003626],[1.8027600764155798,49.271947914964386],[1.7138569663783496,49.40928438547692],[1.34531316476947,49.44809263741354],[1.2721334146892387,49.34625745000091],[1.1603065275184417,49.34197784327106],[1.134002962730567,49.30988079279717],[1.0481857457690102,49.29791734671144],[1.0540636373417192,49.26815462718111],[1.0133592382007066,49.25230062952279],[0.9557559007881551,49.271461596017815],[0.9365058058875313,49.31921811657139],[0.9006506672940038,49.297041972607616],[0.852451956397787,49.326512900770005],[0.9319504399186815,49.34479849316119],[0.917990447433497,49.38545475709479],[0.7977875647715891,49.41755180756868],[0.6652411098069928,49.40198960127831],[0.5025704605322598,49.48515014114248],[0.3390181275216211,49.44099238079355],[0.2972850973553838,49.42990430881166]]]}},{"id":"feature_29","type":"Feature","properties":{"code":"37","nom":"Indre-et-Loire"},"geometry":{"type":"Polygon","coordinates":[[[0.2301301861371794,47.60844532631296],[0.1933933638077452,47.53919350832081],[0.2201377704635732,47.50194147701323],[0.15371759569195653,47.3987445965502],[0.18296010626618564,47.3803617403697],[0.07892142542922986,47.28290342347625],[0.053793438955897166,47.16375528156559],[0.08465236971262158,47.118430355744884],[0.18149063337300841,47.114442540382974],[0.20103462285226747,47.09129375852605],[0.1800211604798312,47.059196708052156],[0.3069836184503547,47.04878948259547],[0.32491118774711847,46.93071124236727],[0.5983800931674228,46.956777937903645],[0.5669333732534279,47.00229739130298],[0.5905918868335833,47.00677152561146],[0.6925733056200913,46.974382683769626],[0.70432908876551,46.90338011756981],[0.7964650391677299,46.84900965934282],[0.8674405799081963,46.748244373612664],[1.0117428180182113,46.75787348875483],[0.9874965152807853,46.80465737141526],[1.063615211147372,46.95736152063954],[1.0559739521028497,46.99597524499752],[1.1614821058329836,47.03964668639988],[1.257879527625418,47.02641881105306],[1.3652979961166825,47.122126379738845],[1.3266508590261177,47.18622321689732],[1.2390702745927475,47.28893377841377],[1.162069894990255,47.27220440665162],[1.1081402398106457,47.29846562976662],[1.1235697051890083,47.391936131298166],[1.0852164626770788,47.430063536709575],[1.1323865425480726,47.44650111710378],[1.045393747271973,47.53150966896494],[1.0763996253180155,47.56321766428157],[1.033344069547919,47.607083633262555],[0.9970480890864382,47.584032115194944],[0.9919049339603179,47.620019717241426],[0.9188721311694028,47.632664009852355],[0.8637668976752524,47.59969158527463],[0.8605340573102627,47.68800710597249],[0.614397347703056,47.69423198848864],[0.44996333095651053,47.61933887071622],[0.38104505226649277,47.639083419947134],[0.3648808504415424,47.620214244820055],[0.40220546192824713,47.579071661939885],[0.378987790216045,47.569150755429774],[0.2301301861371794,47.60844532631296]]]}},{"id":"feature_30","type":"Feature","properties":{"code":"48","nom":"Loz\u00e8re"},"geometry":{"type":"Polygon","coordinates":[[[3.3612830269194767,44.971332206620154],[3.2858990674994786,44.92629907216739],[3.245194668358467,44.93476102183778],[3.182301228530477,44.86366119184864],[3.141009040232193,44.90324755409978],[3.1054477962173,44.88671270991626],[2.981718178611768,44.644623138311665],[3.0759113910644356,44.572939725586636],[3.0685640265985494,44.503493380015854],[3.1357189378167547,44.45486148535844],[3.1211711561742987,44.36187730277347],[3.154234296270788,44.308382218650316],[3.124110101960653,44.260333906728796],[3.154087348981472,44.273172726918354],[3.2297652029801043,44.22619431667929],[3.206547531267903,44.189914923264865],[3.3390939862325,44.20275374345442],[3.373626599222167,44.17075395676984],[3.546583558749141,44.113757376231355],[3.633576354025241,44.122705644848324],[3.649740555850192,44.18077212706927],[3.7969817397465615,44.12737430673543],[3.87750885429268,44.13282107893706],[3.9218869356666364,44.1802858081227],[3.9743471179530676,44.16443181046438],[3.937022506466363,44.19555622304512],[3.9746410125317038,44.26023664293948],[3.922915566691861,44.305172513602926],[3.9523050245554074,44.32832129545986],[3.885884849783791,44.387943998309844],[3.9511294462408664,44.40204724776049],[3.998152578822541,44.45972467482419],[3.9608279673358364,44.55475139698477],[3.9051349446844146,44.59268427481755],[3.8625202307822715,44.74383220341278],[3.740700927937869,44.838664397994734],[3.666345599543096,44.82874349148462],[3.642393191384304,44.87834802403518],[3.5943414277774046,44.87543011035574],[3.5784711205310895,44.82563105022655],[3.4788408583736654,44.80938799741097],[3.404485529978892,44.95635358306567],[3.3612830269194767,44.971332206620154]]]}},{"id":"feature_31","type":"Feature","properties":{"code":"58","nom":"Ni\u00e8vre"},"geometry":{"type":"Polygon","coordinates":[[[2.8745936046991396,47.52042159698305],[2.930727469218514,47.43132796597067],[2.8765039194602693,47.32200346678081],[2.983334598794263,47.25985190540864],[3.0187488955198365,47.070868362769936],[3.0748827600392126,47.02982304367908],[3.067094553705372,46.84784249387104],[3.0321210988477514,46.79493099248378],[3.0490200371192913,46.758165280122775],[3.1972898520408854,46.67996519351366],[3.269734865674529,46.71682816966398],[3.3465882979877044,46.68443932782214],[3.4341688824210745,46.71196498019823],[3.457386554133276,46.65175869461236],[3.5545187123722997,46.68473111919008],[3.5504041882714024,46.71595279556014],[3.5980151100103495,46.724025690073276],[3.591108587412416,46.76244488685263],[3.6294618299243435,46.749508802873756],[3.7361455619690194,46.75252398034252],[3.7972756343251977,46.70155775474155],[4.05531507436714,46.77878520345752],[4.04238371290718,46.83412829957766],[4.100868734055638,46.859125093431565],[4.037240557781059,46.91816421354566],[4.039297819831507,46.98517896438357],[3.9950666857468686,46.98537349196221],[4.060605176782579,47.02505711800265],[4.04811465719057,47.10996840607449],[4.115857357566046,47.123390808999936],[4.114975673830141,47.14624779948892],[4.18183669046971,47.15052740621877],[4.2097566754400795,47.15548785947383],[4.230623190523199,47.198964773297554],[4.178016060947449,47.250320054055784],[4.135401347045306,47.23748123386623],[4.114093990094235,47.30799748111947],[4.142013975064604,47.353419670729494],[4.106011889181758,47.339316421278845],[3.999181209847766,47.3127634067959],[3.948190500454512,47.3934923519272],[3.871484015430653,47.36742565639083],[3.892350530513772,47.419169992306315],[3.8514991840834423,47.43560757270052],[3.8282815123712393,47.382307016156],[3.7263000935847312,47.39825827760363],[3.6745746477448886,47.449613558361854],[3.5871410106008366,47.45622749603527],[3.5806753298708554,47.49785639786201],[3.5047035812935867,47.55796541965857],[3.487951590311365,47.49396584628941],[3.3972851128023223,47.5089444698439],[3.3462944034090683,47.472470548850836],[3.165108395680301,47.5175036833036],[3.101921061273675,47.588019930556854],[2.9765750234856476,47.56944254679772],[2.8452041468355924,47.544932071890386],[2.8745936046991396,47.52042159698305]]]}},{"id":"feature_32","type":"Feature","properties":{"code":"60","nom":"Oise"},"geometry":{"type":"MultiPolygon","coordinates":[[[[2.990241121392197,49.21067172769605],[3.0027316409842033,49.21884188599849],[2.997735433147401,49.223607811674924],[2.98671438644857,49.21874462220918],[2.990241121392197,49.21067172769605]]],[[[1.7838038760935913,49.75836412532782],[1.6894637163516055,49.69475360711593],[1.7505937887077838,49.69378096922278],[1.6951946606349972,49.599726884955345],[1.7445689498457568,49.53961786315878],[1.719147068793788,49.508201659210094],[1.7901226095342544,49.50343573353367],[1.7138569663783496,49.40928438547692],[1.8027600764155798,49.271947914964386],[1.789534820376983,49.247923759003626],[1.7104771787240418,49.264458603187144],[1.7043053925726968,49.23226428892394],[1.7551491546766336,49.17458686186025],[1.8853444530121468,49.162623415774526],[2.080931295094052,49.20979635359222],[2.1642504081372076,49.166027648400544],[2.2186209051847694,49.180714480587085],[2.223029323864302,49.151924398949895],[2.3109038028763074,49.18645304415666],[2.489885601265309,49.10640494555056],[2.5561588287476074,49.11866018300422],[2.5903975471586396,49.07965740348898],[2.633306155639418,49.108350221336856],[2.7349936798472907,49.060496436993965],[2.8090551136634287,49.09755394072291],[2.855784351666469,49.07032007971476],[2.988036912052431,49.072362619290374],[3.0719438142528563,49.11759028132177],[3.1443888278865,49.16203983303864],[3.0187488955198365,49.21660481884425],[3.0021438518269328,49.1880092647857],[3.037705095841824,49.170501782709024],[2.9677581861265825,49.19170528877966],[2.964819240340228,49.232556080291886],[3.0399093051815917,49.22613667019711],[3.037558148552508,49.2864402195723],[2.965847871365453,49.321066128568376],[3.0747358127498945,49.34898083610173],[3.0938389603612,49.43379486038425],[3.162610291761899,49.4407005894256],[3.1070642163997952,49.4682262418017],[3.121318103463617,49.49370935460219],[3.09574927512233,49.513453903833096],[3.1398334619176502,49.57628631173047],[3.093545065782564,49.62258387544433],[3.1183791576772606,49.70593894288713],[3.062980029604475,49.71255288056054],[3.0260962599857244,49.680261302508015],[2.9896533322349264,49.708078746252056],[2.948801985804595,49.69232201238306],[2.9535042990627627,49.66654710821463],[2.8842921257941097,49.71060760477424],[2.8878188607377346,49.68337374376609],[2.793625648285067,49.65594535517931],[2.799503539857777,49.62063859965803],[2.689146125580157,49.62559905291309],[2.6497642520430045,49.57181217742199],[2.6241954237017184,49.61023137420135],[2.571441346836652,49.59710076264384],[2.5047272774864,49.6395077747851],[2.47812981811989,49.62083312723666],[2.3157530634237924,49.68979315386087],[2.065354882426372,49.68317921618746],[1.9332492693297283,49.71965313718052],[1.849048472550666,49.70165933615728],[1.8208345930016607,49.722181995702705],[1.836851847537294,49.74017579672595],[1.7838038760935913,49.75836412532782]]]]}},{"id":"feature_33","type":"Feature","properties":{"code":"64","nom":"Pyr\u00e9n\u00e9es-Atlantiques"},"geometry":{"type":"Polygon","coordinates":[[[-0.24289313817661018,43.584934153726664],[-0.4519991308757474,43.5504055085199],[-0.44817850135348625,43.59602222570855],[-0.615404516597069,43.53853932622349],[-0.6583131250778473,43.56052094260864],[-0.6431775542781208,43.57433240069135],[-0.7154756206224464,43.541068184745676],[-0.768376644776831,43.579487381525034],[-1.1475006512165873,43.48796215577978],[-1.1651343259347153,43.50819302395727],[-1.1329528695741313,43.520740052778876],[-1.170865270218107,43.54554231905416],[-1.2912151001693322,43.49817485365784],[-1.5248612901845306,43.529688321395845],[-1.6097968234101816,43.42668596851144],[-1.7877499907739587,43.3542244454719],[-1.7297058114934534,43.29567164430438],[-1.6239037631846842,43.30578707839312],[-1.6089151396742754,43.25209746669134],[-1.531914760071782,43.29353184093945],[-1.382763261414281,43.253264632163116],[-1.4139160867496408,43.1291560369974],[-1.4709316350049222,43.09170947811119],[-1.4434524919025056,43.0491079383913],[-1.3546963291545935,43.02848801505656],[-1.3319194993103447,43.10785526713745],[-1.2702016377968959,43.118554283962084],[-1.308554880308825,43.06865796004358],[-1.264176798934869,43.0445365402935],[-1.2128921949629792,43.051442269334856],[-0.9464767594299257,42.95408121623072],[-0.7516246537946092,42.96692003642028],[-0.7298764549755843,42.89650105295634],[-0.5511885511652181,42.77754743862431],[-0.5096024682882989,42.82540122296721],[-0.3926324259913825,42.799529055009465],[-0.31342783704912325,42.849328115138654],[-0.3270939349556725,42.915759283240675],[-0.28154027526717407,42.93355855668529],[-0.2877120614185191,43.00533923319963],[-0.18969821944359033,43.05202585207074],[-0.19102074504744948,43.111162235974156],[-0.11769404767790004,43.180316790176995],[-0.06787891659918799,43.177107085129606],[-0.07258122985735493,43.22437728673661],[-0.049510505434470886,43.21717976632731],[-0.01703515449525117,43.27038305908252],[-0.04613071778016309,43.300826625138065],[0.02631429585348055,43.34138562528234],[-0.0052793713498324735,43.37377446712418],[-0.001017899959617985,43.444387978166745],[-0.06655639099532795,43.41170734495696],[-0.06582165454873934,43.463451680872446],[-0.01791683823115786,43.472108158121465],[-0.09682753259478183,43.582405295204474],[-0.24289313817661018,43.584934153726664]],[[-0.10226458229953739,43.35850405220175],[-0.09094964102207204,43.37319088438829],[-0.065380812680786,43.35500255578642],[-0.07507933377575693,43.30714877144353],[-0.1113753142372369,43.31580524869255],[-0.10226458229953739,43.35850405220175]],[[-0.10314626603544408,43.24276014291711],[-0.1406178248114669,43.27193927971156],[-0.11181615610519025,43.31035847649092],[-0.07934080516597142,43.27164748834362],[-0.10314626603544408,43.24276014291711]]]}},{"id":"feature_34","type":"Feature","properties":{"code":"69","nom":"Rh\u00f4ne"},"geometry":{"type":"Polygon","coordinates":[[[4.38815068467181,46.219712942475915],[4.421801613925572,46.208527606704706],[4.396085838294967,46.18907484884174],[4.433116555203037,46.1572695897358],[4.321583562610876,46.129160354623814],[4.2971903125841315,46.06331276925768],[4.25442865139267,46.05271101622236],[4.312619777962494,46.00553807840467],[4.243407604693841,45.997076128734285],[4.343772603297854,45.93103401578952],[4.342156183115359,45.87714987650911],[4.393881628955201,45.865089166634064],[4.388591526539763,45.80595278273066],[4.349356600291928,45.771229609945266],[4.402992360892901,45.74428754030506],[4.365961643984832,45.671242434529624],[4.468090010060658,45.58662293782573],[4.614890352089075,45.57543760205452],[4.644720651820576,45.5405199016905],[4.683073894332503,45.565613959333724],[4.655153909362134,45.48624670725283],[4.72230882058034,45.494222337976645],[4.756841433570008,45.45570587740798],[4.8727828448417,45.5312798417056],[4.777120159495855,45.587401048140244],[5.037951598034834,45.61502396430566],[5.054115799859785,45.66005709875842],[5.159330059011284,45.71452482077472],[5.059405902275223,45.78251220950578],[5.10113893244146,45.813344830718584],[4.923773554234954,45.803910243155045],[4.880717998464858,45.897088953318644],[4.736121865776207,45.93842606377744],[4.750375752840027,46.09414539047047],[4.8023950932585056,46.15688053457854],[4.780206052571527,46.17662508380945],[4.724366082630787,46.184211659376004],[4.735681023908253,46.234302510873135],[4.679547159388878,46.25871572199116],[4.707614091648566,46.26970653018373],[4.67940021209956,46.30404064781187],[4.618564034322018,46.264843340717995],[4.427238663630327,46.302776218550775],[4.38815068467181,46.219712942475915]]]}},{"id":"feature_35","type":"Feature","properties":{"code":"71","nom":"Sa\u00f4ne-et-Loire"},"geometry":{"type":"Polygon","coordinates":[[[4.115857357566046,47.123390808999936],[4.04811465719057,47.10996840607449],[4.060605176782579,47.02505711800265],[3.9950666857468686,46.98537349196221],[4.039297819831507,46.98517896438357],[4.037240557781059,46.91816421354566],[4.100868734055638,46.859125093431565],[4.04238371290718,46.83412829957766],[4.05531507436714,46.77878520345752],[3.7972756343251977,46.70155775474155],[3.7361455619690194,46.75252398034252],[3.6294618299243435,46.749508802873756],[3.7227733586411063,46.62763727486228],[3.741876506252412,46.539516281743055],[3.998005631533223,46.46549853807447],[3.9771391164501058,46.39926189755108],[3.9974178423759525,46.3232988780962],[3.899550947690342,46.27593141269988],[3.890146321174006,46.214460697852914],[3.972583750481256,46.20269177934582],[3.9887479523062055,46.16971935476809],[4.20784636067895,46.19481341241132],[4.282495583652359,46.15688053457854],[4.38815068467181,46.219712942475915],[4.427238663630327,46.302776218550775],[4.618564034322018,46.264843340717995],[4.67940021209956,46.30404064781187],[4.707614091648566,46.26970653018373],[4.679547159388878,46.25871572199116],[4.735681023908253,46.234302510873135],[4.724366082630787,46.184211659376004],[4.780206052571527,46.17662508380945],[4.939937756059905,46.51724287398996],[5.052352432387973,46.484951295937435],[5.201210036466838,46.508294605372996],[5.2151700289520235,46.46841645175392],[5.310538819719232,46.446823890526026],[5.415753078870731,46.47318237743034],[5.419573708392992,46.50236151422479],[5.359178372483404,46.52259238240227],[5.362117318269759,46.57735189578652],[5.4411749599227,46.6375581813724],[5.391065934265352,46.728694351960385],[5.361235634533852,46.73161226563983],[5.390331197818764,46.770615045155076],[5.328613336305315,46.81302205729634],[5.462335369584453,46.83869969767545],[5.403850348435995,46.889568659487104],[5.328760283594631,46.89433458516353],[5.3084815576687845,46.937422443829995],[5.263368739848239,46.935963486990275],[5.255286638935765,46.97992671976057],[4.896000516553903,46.9663097892565],[4.685425050961587,46.90085125904762],[4.679106317520926,46.92915502173824],[4.59387688971664,46.95366549664557],[4.554788910758122,47.0200966647476],[4.4284142419448695,47.039841213978505],[4.405490464811303,47.08166464338388],[4.353471124392824,47.06405989751789],[4.3495035475812465,47.09703232209562],[4.2097566754400795,47.15548785947383],[4.18183669046971,47.15052740621877],[4.1794855338406265,47.12553061236486],[4.115857357566046,47.123390808999936]]]}},{"id":"feature_36","type":"Feature","properties":{"code":"75","nom":"Paris"},"geometry":{"type":"Polygon","coordinates":[[[2.319867587524689,48.900497503571074],[2.224204902178844,48.85351909333202],[2.3319172652487437,48.81704517233896],[2.4627003527415274,48.81908771191457],[2.416265009317123,48.849239486602166],[2.3948107050767344,48.89845496399547],[2.319867587524689,48.900497503571074]]]}},{"id":"feature_37","type":"Feature","properties":{"code":"78","nom":"Yvelines"},"geometry":{"type":"Polygon","coordinates":[[[2.2005463885986885,48.90866766187352],[2.205836491014127,48.94971298096438],[2.121341799656429,49.01838121622065],[2.0247974305746768,48.998733930779046],[1.908562124724349,49.048046671961664],[1.8691802511871956,49.01828395243133],[1.8655065689542525,49.057481259525204],[1.8240674333666513,49.07635043465228],[1.7234085401840025,49.0450314944929],[1.608789654516169,49.07790665528132],[1.447294583555978,49.053493444163294],[1.4706592025574983,48.97529335755418],[1.5154781257994072,48.976460523025956],[1.5015181333142227,48.94105650371536],[1.5951235566096198,48.83970763524931],[1.5848372463573783,48.76335556063718],[1.6264233292342976,48.74808514571475],[1.57954714394194,48.70178758200089],[1.6117286003025235,48.689532344547224],[1.6024709210755068,48.663757440378795],[1.7871836637479,48.553752094663736],[1.8015844981010378,48.466117420491074],[1.8775562466783065,48.440634307690594],[1.9222282226308982,48.45765547082068],[1.9674879877407605,48.53313217132899],[1.9379515825878961,48.56299215464864],[2.017597013398108,48.557642646236324],[2.060211727300251,48.617654404243574],[2.0112782799574456,48.65976962501689],[2.097830233365592,48.694006478855705],[2.097977180654909,48.73437095142136],[2.226556058807928,48.776097117037416],[2.1458819969724905,48.83601161125535],[2.2005463885986885,48.90866766187352]]]}},{"id":"feature_38","type":"Feature","properties":{"code":"81","nom":"Tarn"},"geometry":{"type":"Polygon","coordinates":[[[1.9902648175850093,44.149453186909895],[1.9088560193029842,44.16345917257123],[1.9044476006234525,44.1298059014683],[1.841701108084779,44.14361735955101],[1.836851847537294,44.10743522992589],[1.8061398640698876,44.12630440505297],[1.777485142652929,44.096736213101266],[1.6588986801735173,44.11638349854286],[1.6628662569850956,44.07154489166872],[1.7041584452833796,44.04431103066057],[1.6227496470013545,43.96066417184983],[1.5522149481288414,43.96299850279338],[1.5555947357831492,43.91825715970856],[1.5910090325087234,43.81544933440279],[1.6447917403990147,43.80027618326968],[1.649934895525135,43.7518388161909],[1.7063626546231454,43.71624026930167],[1.664629624456909,43.693772333969946],[1.7206165416869652,43.68813103418969],[1.6966641335281745,43.62072722819452],[1.839349951455696,43.57579135753107],[1.9169381202154598,43.501579086283854],[1.995995761868401,43.48047284400254],[2.0463986821043845,43.50508058269919],[2.0292058492542093,43.4368986663895],[2.0728491941815763,43.39565881972001],[2.1715977726030946,43.41579242410818],[2.2150941702411444,43.38350084605566],[2.2590314097471467,43.459950184457114],[2.3912839701331086,43.41890486536626],[2.56571040255326,43.42289268072817],[2.6679857159184035,43.47006561854585],[2.6155255336319723,43.56664856133548],[2.643298571313024,43.65010089256759],[2.7545376693265498,43.61411329052111],[2.9073628502169946,43.65418597171882],[2.9354297824766817,43.69464770807378],[2.92117589541286,43.7360820823219],[2.824043737173838,43.76195425027964],[2.7429288334704482,43.728981825701915],[2.6606383514525165,43.75592389534212],[2.564093982370765,43.841321502360536],[2.5796703950384448,43.875558356199356],[2.4992902277816436,43.95054873776108],[2.522801794072481,43.98128409518457],[2.459908354244491,44.05141128728056],[2.284747185377751,44.14527084396936],[2.186586396113504,44.13739247703486],[2.237577105506758,44.15859598310549],[2.135889581298885,44.200808467668125],[1.9902648175850093,44.149453186909895]]]}},{"id":"feature_39","type":"Feature","properties":{"code":"82","nom":"Tarn-et-Garonne"},"geometry":{"type":"Polygon","coordinates":[[[1.0642030003046434,44.378509410746304],[0.9413550664350163,44.345342458589954],[0.8981525633756027,44.38133006063644],[0.8696447892479622,44.309354856543465],[0.9498780092154453,44.27638243196574],[0.9291584414216443,44.2301821320412],[0.9062346642880783,44.19030397842212],[0.8562725859200482,44.18903954916103],[0.8902174097524451,44.16968405508738],[0.8793433103429322,44.129611373889674],[0.7885298855445724,44.14439546986553],[0.7961711445890947,44.11511906928176],[0.7418006475415329,44.06512548157394],[0.7654591611216874,44.03011051742061],[0.8603871100209446,44.04071227045593],[0.8136578720179051,44.02485827279761],[0.8276178645030896,43.99956968757576],[0.762520215335333,43.93119324368743],[0.9044712968162649,43.89899892942422],[0.8834578344438286,43.875266564831406],[0.9257786537673365,43.831595123429054],[0.8971239323503788,43.79064706812751],[0.9538455860270245,43.78734009929081],[1.1445831675614446,43.82225779965483],[1.2192323905348532,43.77070799131798],[1.3608895774371499,43.82109063418305],[1.296820559294618,43.84706006593011],[1.3626529449089633,43.857175500018855],[1.3655918906953177,43.88927255049274],[1.4478823727132495,43.873515816623744],[1.5555947357831492,43.91825715970856],[1.5522149481288414,43.96299850279338],[1.6227496470013545,43.96066417184983],[1.7041584452833796,44.04431103066057],[1.6628662569850956,44.07154489166872],[1.6588986801735173,44.11638349854286],[1.777485142652929,44.096736213101266],[1.8061398640698876,44.12630440505297],[1.836851847537294,44.10743522992589],[1.841701108084779,44.14361735955101],[1.9044476006234525,44.1298059014683],[1.9088560193029842,44.16345917257123],[1.9902648175850093,44.149453186909895],[1.89034066084895,44.207519669130846],[1.970426933527115,44.27638243196574],[1.8688863566085603,44.292041902045426],[1.8821116126471562,44.33999295017764],[1.7372215853798698,44.32695960240945],[1.6370035340651743,44.298461312140205],[1.6331829045429131,44.26937943913507],[1.5770490400235389,44.30157375339828],[1.5871884029864622,44.24895404337896],[1.5417816905872819,44.22775053730833],[1.4731573064758994,44.28416353511093],[1.3567750533362535,44.204018172715514],[1.2813910939162554,44.235726168032144],[1.3037270818925517,44.293792650253096],[1.1846997775451857,44.286789657422425],[1.0812488858655005,44.35438799099623],[1.1325334898373898,44.39329350672216],[1.0642030003046434,44.378509410746304]]]}},{"id":"feature_40","type":"Feature","properties":{"code":"83","nom":"Var"},"geometry":{"type":"MultiPolygon","coordinates":[[[[6.434097793842636,43.01331486392345],[6.46172388423437,43.01389844665933],[6.511245120734445,43.04677360744775],[6.4702468270147975,43.04512012302939],[6.434097793842636,43.01331486392345]]],[[[6.397067076934565,42.99279220437802],[6.406912545318853,42.99716907489719],[6.420578643225404,43.013703919080704],[6.369734881121467,43.001254154048404],[6.397067076934565,42.99279220437802]]],[[[6.244094948754803,43.02002606538617],[6.2117665451049024,43.0025185833095],[6.16459646523391,42.997849921422386],[6.20868065202923,42.98335761681448],[6.244094948754803,43.02002606538617]]],[[[5.753584897012205,43.72460495518275],[5.813245496475204,43.68890914450421],[5.7989916094113845,43.66050811802428],[5.700243030989867,43.64173620668652],[5.69157314092012,43.584447834780086],[5.656011896905229,43.57394334553409],[5.724636281016611,43.55089182746647],[5.69877355809669,43.48212632842089],[5.78826445729119,43.420266558416664],[5.682756303561057,43.39916031613535],[5.704945344248033,43.355877929890255],[5.683931881875598,43.3181395796361],[5.762842576239221,43.28166565864304],[5.683931881875598,43.23604894145439],[5.671882204151544,43.17924688849453],[5.694805981285111,43.14355107781599],[5.806926763034541,43.11563637028264],[5.7939954015745805,43.068755223832895],[5.827646330828342,43.05037236765239],[5.943881636678672,43.06642089288934],[5.937709850527327,43.08460922149121],[5.894801242046547,43.08169130781177],[5.886866088423389,43.103478396618286],[5.934330062873018,43.118554283962084],[6.021616752727754,43.07828707518575],[6.114046597708608,43.083636583598064],[6.1281535374831115,43.04268852829652],[6.09185755702163,43.036755437148315],[6.147991421541006,43.02693179442752],[6.159894151975742,43.08840250927449],[6.2007454984060715,43.11573363407195],[6.3682654082282895,43.08986146611421],[6.387515503128913,43.1449127708664],[6.4934644987270005,43.1501650154894],[6.559590778919981,43.18858421226876],[6.623659797062514,43.1652409028332],[6.677001663084852,43.19714342572846],[6.6634825124676205,43.23799421724068],[6.69713344172138,43.26551986961678],[6.583837081657407,43.277288788123876],[6.71667743120064,43.34751324400918],[6.7507692023223544,43.420850141152556],[6.855101777737946,43.411415553589016],[6.933718577522935,43.480083788845285],[6.884197341022858,43.502551724177],[6.90800280189233,43.59903740317731],[6.798820965929254,43.628119276182446],[6.760908565285279,43.66644120917248],[6.753561200819391,43.73812462189751],[6.6586332519201346,43.748531847354194],[6.636297263943838,43.78889631991984],[6.438800107100803,43.7977473247475],[6.383547926317334,43.734428597903545],[6.216762752941705,43.79949807295516],[6.02176370001707,43.668289221169466],[5.925513225513955,43.75689653323527],[5.881722933297269,43.72392410865754],[5.781357934693256,43.75563210397418],[5.757258579245148,43.72937088085917],[5.753584897012205,43.72460495518275]]]]}},{"id":"feature_41","type":"Feature","properties":{"code":"85","nom":"Vend\u00e9e"},"geometry":{"type":"MultiPolygon","coordinates":[[[[-2.3048575018830686,46.70943612167605],[-2.398756819757101,46.724025690073276],[-2.33395306516798,46.68638460360844],[-2.2861951961397162,46.695721927382664],[-2.3048575018830686,46.70943612167605]]],[[[-1.1485292822418112,47.029628516100445],[-1.2712302688221202,47.08390171053812],[-1.300619726685667,47.03429717798756],[-1.3785017900240666,47.03089294536154],[-1.3651295866961526,46.95697246548227],[-1.456089958783831,46.92633437184811],[-1.4822465762823875,47.03789593819221],[-1.5523404332869473,47.01834591653993],[-1.5201589769263633,46.93907592824835],[-1.5444052796637897,46.9230274030114],[-1.5007619347364223,46.883927359706846],[-1.5485198037646861,46.860097731324714],[-1.731028337097313,46.88801243885807],[-1.7511601157338426,46.92964134068481],[-1.8309524938333728,46.93207293541768],[-1.9803978870695094,47.028947669575246],[-2.1537956884644367,46.89015224222299],[-2.144391061948102,46.82644446022178],[-1.8560804803067055,46.608670835945894],[-1.8122901880900204,46.49351050939714],[-1.6271366035496744,46.41424052110556],[-1.5151627690895602,46.40431961459545],[-1.4660823744574367,46.342362580801904],[-1.366746006878648,46.34868472710737],[-1.2985624646352187,46.29810755666366],[-1.2959174134274996,46.3239797246214],[-1.207308197968905,46.26659408892566],[-1.2009894645282428,46.316393149054846],[-1.1294261346305055,46.31036279411733],[-0.928549190133162,46.37105539864978],[-0.9613184356510169,46.32339614188552],[-0.850961021373398,46.31726852315868],[-0.8305353481582323,46.34158447048739],[-0.7505960227693844,46.30433243917981],[-0.6483207094042411,46.31717125936937],[-0.537669400547987,46.386520341150835],[-0.6101144141816297,46.413754202158984],[-0.6365649262588224,46.39566313734643],[-0.6123186235213964,46.45878733661175],[-0.6450878690392514,46.50858639674094],[-0.602032313269155,46.533291399226904],[-0.6140819909932089,46.62043975445299],[-0.6572844940526226,46.63464026769295],[-0.6375935572840463,46.663527613119456],[-0.6807960603434609,46.68687092255501],[-0.6562558630273987,46.70077964442703],[-0.7273783510571823,46.76769713147563],[-0.708862992603148,46.82109495180947],[-0.8322987156300456,46.884608206232045],[-0.8074646237353482,46.91991496175333],[-0.8919593150930458,46.97584164060935],[-0.933545397969965,47.00891132897639],[-1.1485292822418112,47.029628516100445]]],[[[-2.198026822549075,46.9512339019127],[-2.1537956884644367,46.895793542003254],[-2.1571754761187445,46.950066736440924],[-2.237408696086228,46.98196925933618],[-2.2255059656514913,47.01688695970021],[-2.3042697127257976,47.02505711800265],[-2.2643000500313737,46.96096028084418],[-2.198026822549075,46.9512339019127]]]]}},{"id":"feature_42","type":"Feature","properties":{"code":"87","nom":"Haute-Vienne"},"geometry":{"type":"Polygon","coordinates":[[[0.8233563931128751,46.12857677188792],[0.8179193434081196,46.04784782675662],[0.9254847591887012,46.010401267870414],[0.9425306447495583,45.957392502693835],[0.8628852139393457,45.919751416229],[0.8120414518354098,45.93122854336815],[0.8273239699244543,45.88269391250005],[0.7838275722864045,45.79165500570137],[0.716378766489564,45.80556372757339],[0.7149092935963868,45.76305945164282],[0.6296798657921006,45.71452482077472],[0.7757454713739289,45.667546410535664],[0.7514991686365029,45.618233669353046],[0.8114536626781392,45.575826657211785],[0.8711142621411394,45.622416012293584],[1.0233516538743128,45.60889634557882],[1.0803672021295938,45.53400322780641],[1.1673599974056934,45.524763167821504],[1.1222471795851483,45.47720117484655],[1.2531772143672502,45.44413148647951],[1.287122038199647,45.48984546745748],[1.3500154780276379,45.46689121317918],[1.4803577236524692,45.565905750701674],[1.5848372463573783,45.55608210798087],[1.7838038760935913,45.6802879669359],[1.8713844605269614,45.66462849685622],[1.8987166563400608,45.698281767959145],[1.87344172257741,45.72522383759935],[1.8809360343326142,45.797685360638894],[1.7764565116277051,45.83270032479223],[1.7707255673443134,45.86829887168146],[1.6765323548916449,45.83503465573579],[1.6023239737861887,45.857405327278194],[1.5910090325087234,45.882985703867995],[1.6417058473233421,45.89261481901016],[1.6345054301467732,45.92296112127639],[1.5132739164596414,45.931617598525406],[1.5736692523692302,45.98569626538445],[1.5385488502222922,45.99736792010223],[1.5433981107697772,46.076832435972435],[1.5048979209685305,46.08811503553296],[1.5051918155471657,46.127409606416144],[1.3748495699223353,46.21543333574606],[1.4367143787251013,46.272527180073865],[1.4142314434594878,46.28050281079768],[1.4458251106628008,46.331469036398644],[1.4151131271953945,46.34722577026765],[1.3560403168896649,46.40013727165491],[1.3031392927352803,46.37105539864978],[1.1773524130792987,46.38399148262865],[1.1272433874219514,46.347906616792855],[1.050243007819458,46.36278797655802],[1.0060118737348205,46.280989129744256],[0.9072632953133022,46.28526873647411],[0.8071921912879247,46.2248679233096],[0.8446637500639467,46.14005389902707],[0.8233563931128751,46.12857677188792]]]}},{"id":"feature_43","type":"Feature","properties":{"code":"88","nom":"Vosges"},"geometry":{"type":"Polygon","coordinates":[[[5.470123575918294,48.420987022249],[5.738596273501795,48.466117420491074],[5.765046785578987,48.49656098654661],[5.90567534145606,48.49500476591758],[5.855272421220077,48.409412631320535],[5.9313911170866636,48.43402037001719],[5.908026498085144,48.417582789622976],[5.9616622586861165,48.349887192259864],[6.0770158808005394,48.37974717557951],[6.116691648916328,48.3540695352004],[6.149607841723499,48.4085372572167],[6.232045271030749,48.40026983512494],[6.2870035572355825,48.430227082233905],[6.404120546821817,48.39064071998277],[6.53372805600006,48.43139424770568],[6.583837081657407,48.417290998255034],[6.584865712682632,48.46057338450013],[6.623659797062514,48.473120413321745],[6.644967154013585,48.42808727886898],[6.81527906233284,48.39890814207453],[7.123133633453495,48.51358214967671],[7.093744175589947,48.50521746379563],[7.116814900012832,48.48488933182884],[7.085515127388154,48.398713614495904],[7.107998062653769,48.3770237894787],[7.078461657500904,48.35105435773164],[7.169568976877899,48.34230061669331],[7.198223698294857,48.31049535758736],[7.077873868343632,48.171116347499215],[7.076698290029091,48.10847846718047],[6.943417098617905,47.99798680251883],[6.897863438929408,47.884285432809804],[6.920052479616386,47.85034037033893],[6.846284940378881,47.82300924554146],[6.8236550578239505,47.81308833903135],[6.601764650954172,47.94439445460636],[6.478622822505908,47.885549862070896],[6.431746637213552,47.943810871870475],[6.366208146177842,47.96199920047235],[6.205300864374921,47.93204195336338],[6.1316802724267365,48.02376170668726],[6.041160742207012,48.00440621261361],[5.95372710506296,47.937099670407754],[5.929774696904168,47.9387531548261],[5.959604996635669,47.96588975204494],[5.93682816679142,47.97892309981312],[5.884808826372941,47.92610886221517],[5.842781901628069,47.97561613097642],[5.787235826265965,47.95266187669812],[5.777684252460313,48.031348282253816],[5.630443068563942,48.08396799227314],[5.671882204151544,48.10954836886293],[5.682168514403784,48.17568774559702],[5.7299263834320495,48.19796115335011],[5.640876326105502,48.24241070506698],[5.653807687565463,48.26857466439267],[5.611633815531272,48.29182071003891],[5.588269196529753,48.274313227962246],[5.525963545859032,48.347163806159045],[5.425745494544337,48.33140707229005],[5.441615801790652,48.38023349452609],[5.394445721919659,48.391029775140034],[5.470123575918294,48.420987022249]]]}},{"id":"feature_44","type":"Feature","properties":{"code":"92","nom":"Hauts-de-Seine"},"geometry":{"type":"Polygon","coordinates":[[[2.290918971529095,48.95097741022547],[2.2005463885986885,48.90866766187352],[2.1458819969724905,48.83601161125535],[2.226556058807928,48.776097117037416],[2.2803387666982182,48.73300925837095],[2.3207492712605955,48.74876599223995],[2.3319172652487437,48.81704517233896],[2.224204902178844,48.85351909333202],[2.319867587524689,48.900497503571074],[2.3355909474816867,48.9406674485581],[2.290918971529095,48.95097741022547]]]}},{"id":"feature_45","type":"Feature","properties":{"code":"03","nom":"Allier"},"geometry":{"type":"Polygon","coordinates":[[[3.0321210988477514,46.79493099248378],[2.9244087357778508,46.79454193732652],[2.8449102522569563,46.7268463399634],[2.705016432826473,46.73939336878502],[2.62346068725513,46.68871893455199],[2.62478321285899,46.657302730603305],[2.5673268227357546,46.65243954113756],[2.614937744474701,46.55332773982576],[2.5366148392683483,46.51977173251214],[2.3520490438852732,46.512282420734905],[2.281073503144807,46.42046540362171],[2.285041079956386,46.38593675841495],[2.337060420374864,46.36687305570924],[2.3026747546745145,46.35442329067695],[2.3229534806003613,46.32932923303372],[2.391871759290379,46.330010079558924],[2.4212612171539263,46.28468515373822],[2.4788645545664787,46.281183657322885],[2.565269560685307,46.14297181270652],[2.640800467394622,46.11846133779918],[2.73308336508616,46.22331170268056],[2.810377639267289,46.19617510546173],[2.819194476626353,46.24179182265038],[2.9214697899914963,46.25035103611008],[2.9111834797392557,46.17740319412397],[3.0165446861800707,46.102412812562235],[3.087373279631219,46.11301456559755],[3.1280776787722324,46.07138566377081],[3.3320405163452484,46.04405453897334],[3.41888636433203,46.07420631366094],[3.4714934939077793,46.0418174718191],[3.4641461294418914,46.00816420071617],[3.5884635362046957,46.024115462163806],[3.6939716899348305,45.93064496063226],[3.708960313445239,45.973732819298725],[3.825489513874203,45.99590896326251],[3.8078558391560744,46.16154919646565],[3.768620912908238,46.23955475549614],[3.899550947690342,46.27593141269988],[3.9974178423759525,46.3232988780962],[3.9771391164501058,46.39926189755108],[3.998005631533223,46.46549853807447],[3.741876506252412,46.539516281743055],[3.7227733586411063,46.62763727486228],[3.6294618299243435,46.749508802873756],[3.591108587412416,46.76244488685263],[3.5980151100103495,46.724025690073276],[3.5504041882714024,46.71595279556014],[3.5545187123722997,46.68473111919008],[3.457386554133276,46.65175869461236],[3.4341688824210745,46.71196498019823],[3.3465882979877044,46.68443932782214],[3.269734865674529,46.71682816966398],[3.1972898520408854,46.67996519351366],[3.0490200371192913,46.758165280122775],[3.0321210988477514,46.79493099248378]]]}},{"id":"feature_46","type":"Feature","properties":{"code":"06","nom":"Alpes-Maritimes"},"geometry":{"type":"MultiPolygon","coordinates":[[[[7.067146716223437,43.5136397961589],[7.070820398456382,43.51733582015286],[7.032173261365816,43.523463438879695],[7.0361408381773956,43.51743308394217],[7.067146716223437,43.5136397961589]]],[[[6.887430181387847,44.36100192866964],[6.724024795666526,44.24982941748279],[6.6864062896011855,44.16919773614081],[6.755324568291204,44.07854788449939],[6.7457729944855505,44.04324112897811],[6.94180067843541,43.89695638984862],[6.830708527711202,43.918354423497874],[6.745626047196234,43.872056859784024],[6.67259324440532,43.888397176388914],[6.698602914614558,43.85523022423256],[6.667890931147152,43.83091427690385],[6.712122065231791,43.81486575166691],[6.636297263943838,43.78889631991984],[6.6586332519201346,43.748531847354194],[6.753561200819391,43.73812462189751],[6.760908565285279,43.66644120917248],[6.798820965929254,43.628119276182446],[6.90800280189233,43.59903740317731],[6.884197341022858,43.502551724177],[6.933718577522935,43.480083788845285],[6.971924872745545,43.54544505526484],[7.101238487345153,43.57063637669738],[7.138563098831858,43.54563958284347],[7.151053618423864,43.64922551846376],[7.20645274649665,43.64562675825911],[7.314605951434503,43.70651389037019],[7.326361734579923,43.67412504852835],[7.336060255674893,43.71030717815347],[7.524740575158864,43.784811240768626],[7.501082061578709,43.874780245884835],[7.559273188148532,43.89724818121656],[7.567208341771691,43.94364300871973],[7.648617140053716,43.97408657477527],[7.716947629586462,44.08175758954678],[7.666691656639797,44.13068127557214],[7.68461922593656,44.17396366181723],[7.426873680473253,44.11288200212752],[7.262733558305342,44.147994230070175],[7.1889660190678395,44.197793290199364],[7.008073905917708,44.23640701455735],[6.993526124275252,44.280856566274224],[6.887430181387847,44.36100192866964]]]]}},{"id":"feature_47","type":"Feature","properties":{"code":"11","nom":"Aude"},"geometry":{"type":"Polygon","coordinates":[[[1.6884350853263816,43.273495500340594],[1.7238493820519558,43.224474550525926],[1.7100363368560885,43.18965411395122],[1.9495604184439967,43.11942965806592],[1.9639612527971346,43.06914427899015],[1.9411844229528858,43.05270669859595],[1.984974715169571,43.03257309420778],[1.9696921970805263,43.00796535551113],[2.0036370209129233,42.9605006263255],[1.9338370584869988,42.939297120254864],[1.9805662964900392,42.92957074132338],[1.9870319772200196,42.87101794015586],[1.8804951924646618,42.85263508397536],[1.8594817300922255,42.820829824869406],[1.9554383100167065,42.73669664711208],[2.0863683447988084,42.75177253445588],[2.1679240903701515,42.696137646967806],[2.166013775609021,42.6639433327046],[2.355428831539581,42.7269702681806],[2.318985903788783,42.82394226612748],[2.3375012622428173,42.84057437410032],[2.7248543168843673,42.833960436426906],[2.7890702823162172,42.89601473400977],[2.865335925472122,42.918288141762865],[3.0434360401252167,42.838142779367445],[3.065625080812195,43.02167954980452],[3.240492355100299,43.212802895808146],[3.2009635342738285,43.24917955301189],[3.015809949733482,43.27631615023073],[3.0043480611666986,43.320084855422394],[2.8867902297125116,43.3299084981432],[2.867834029390524,43.382139153005255],[2.8682748712584765,43.329519442985934],[2.8127287958963727,43.32348908804842],[2.7723182913339954,43.2577387664716],[2.707367589455557,43.273495500340594],[2.6937014915490067,43.32047391057966],[2.616407217367879,43.28944676178823],[2.539847679633339,43.34624881474809],[2.5912792308945463,43.40275907634],[2.56571040255326,43.42289268072817],[2.3912839701331086,43.41890486536626],[2.2590314097471467,43.459950184457114],[2.2150941702411444,43.38350084605566],[2.1715977726030946,43.41579242410818],[2.0728491941815763,43.39565881972001],[2.0292058492542093,43.4368986663895],[1.8960716051323416,43.39643693003453],[1.858746993645637,43.44380439543085],[1.804082602019439,43.39167100435811],[1.8134872285357746,43.34138562528234],[1.7476548429214285,43.3437199562259],[1.6884350853263816,43.273495500340594]]]}},{"id":"feature_48","type":"Feature","properties":{"code":"2A","nom":"Corse-du-Sud"},"geometry":{"type":"MultiPolygon","coordinates":[[[[9.271062161410828,41.364985426405134],[9.260335009290634,41.37364190365415],[9.255926590611102,41.36877871418841],[9.26577205899539,41.362164776515],[9.271062161410828,41.364985426405134]]],[[[8.57350337901954,42.38139202474504],[8.547934550678255,42.37934948516943],[8.55337160038301,42.33305192145557],[8.600247785675368,42.352990998265106],[8.628020823356419,42.33227381114105],[8.597455787178331,42.316030758325475],[8.690179526737822,42.27819514428201],[8.540146344344414,42.23501002182623],[8.57350337901954,42.22586722563064],[8.58261411095724,42.12928428284101],[8.70002499512211,42.11255491107887],[8.747048127703785,42.05020882212806],[8.656381650194742,42.009358030615836],[8.646095339942502,41.96811818394635],[8.595839366995836,41.96607564437074],[8.614942514607142,41.90236786236953],[8.745137812942655,41.93320048358233],[8.80318199222316,41.89137705417696],[8.77129443044121,41.81123169178154],[8.658585859534508,41.741785346210754],[8.772470008755754,41.74149355484281],[8.772910850623706,41.71192536289111],[8.914421090236685,41.689749218927325],[8.793042629260237,41.629542933341455],[8.777172322013922,41.592777220980444],[8.845061969678714,41.51798136699735],[9.038150707842219,41.45962309340845],[9.070185216913485,41.4756716186454],[9.07429974101438,41.44289372164631],[9.120588137149467,41.437641477023305],[9.09384373049364,41.39387277183163],[9.219777557438938,41.368195131452524],[9.26518426983812,41.42830415324908],[9.22815355293005,41.40914318675406],[9.224039028829154,41.44250466648904],[9.283993522870789,41.4776168944317],[9.273119423461276,41.53023660445102],[9.368635161517805,41.59686230013167],[9.282524049977612,41.5963759811851],[9.387591361839792,41.65736037708549],[9.402286090771566,41.85869642096718],[9.236970390289114,41.84653844730282],[9.221100083042797,42.02754635921771],[9.160851694422528,42.025990138588675],[9.045645019597423,42.20690078671424],[8.904722569141715,42.2538791969533],[8.861373118792983,42.329939480197496],[8.770853588573258,42.32478449936381],[8.57350337901954,42.38139202474504]]]]}},{"id":"feature_49","type":"Feature","properties":{"code":"22","nom":"C\u00f4tes-d'Armor"},"geometry":{"type":"MultiPolygon","coordinates":[[[[-3.002269336985039,48.836303402623294],[-2.994481130651199,48.84719694702655],[-2.994040288783246,48.86441263773528],[-3.0129964891052334,48.856437007011465],[-3.002269336985039,48.836303402623294]]],[[[-3.583886708104634,48.79409091806066],[-3.5700736629087673,48.79730062310805],[-3.565812191518553,48.80780511235405],[-3.583592813525999,48.80478993488529],[-3.583886708104634,48.79409091806066]]],[[[-2.123671494154301,48.60442652889675],[-2.2017005047820186,48.58380660556201],[-2.259009947615935,48.64498552904104],[-2.337920641979559,48.62008599897644],[-2.2873707744542577,48.66803704710865],[-2.3268995952807288,48.68272387929519],[-2.3964056631280175,48.6427484618868],[-2.468115940315072,48.649654190928146],[-2.6303457477218517,48.52612917849832],[-2.681630351693741,48.531186895542696],[-2.6847162447694135,48.49811720717565],[-2.717926332155222,48.555405579082084],[-2.819613856363094,48.59353298449349],[-2.841362055182119,48.66336838522154],[-2.941727053786132,48.71919780028825],[-2.928648745036854,48.75440729202021],[-3.0435615252833226,48.78339190123603],[-3.0135842782625044,48.822200153172645],[-3.07030593193915,48.82093572391155],[-3.121443588621722,48.76530083642347],[-3.0791227692982144,48.83007852010714],[-3.0839720298457,48.86567706699637],[-3.114096224155835,48.86674696867883],[-3.2082894366085037,48.81315462076637],[-3.231801002899341,48.86742781520404],[-3.397557545249746,48.80080211952338],[-3.513205061942804,48.8350389733622],[-3.585062286419176,48.77551353430153],[-3.5493540951149667,48.74575081477119],[-3.584768391840541,48.71715526071264],[-3.567428611701048,48.68291840687382],[-3.6591237202353146,48.659186042281],[-3.6410492036492332,48.596839953330196],[-3.539214732152043,48.538287152162674],[-3.6040184867411638,48.4964637227573],[-3.552293040901321,48.45113879693659],[-3.6075452216847896,48.38850091661784],[-3.554644197530405,48.37780189979322],[-3.5293692637677547,48.31477496431721],[-3.5549380921090403,48.29376598582521],[-3.5184951643582423,48.28228885868606],[-3.5577300906060776,48.228599246984274],[-3.520405479119373,48.19231985356985],[-3.5647835604933285,48.185803179685756],[-3.443698994095515,48.185803179685756],[-3.4169545874396876,48.14592502606668],[-3.336721367472204,48.171116347499215],[-3.272358454751036,48.140089198707784],[-3.1395181052078036,48.16372429951129],[-3.1323176880312347,48.19552955861724],[-3.0779471909836724,48.21089723732898],[-3.0143190147090935,48.19757209819285],[-2.999918180355955,48.161681759935675],[-2.810356177136077,48.146605872591884],[-2.777586931618222,48.09038740236791],[-2.6619394149251647,48.12861207156864],[-2.67002151583764,48.047883126437334],[-2.631227431457758,48.035530625194355],[-2.5484961075718733,48.07677047186384],[-2.5139634945822054,48.132502623141235],[-2.533654431350782,48.15691583425925],[-2.4263829101488352,48.17383973360003],[-2.357905473326771,48.1112991170706],[-2.2873707744542577,48.13376705240233],[-2.2357922759037328,48.144855124384215],[-2.228004069569893,48.210605445961036],[-2.190238616215235,48.20846564259611],[-2.1868588285609274,48.24639852042889],[-2.1101523435370693,48.25291519431298],[-2.053283742571106,48.298337383923005],[-1.9580618990932135,48.29318240308932],[-1.9668787364522777,48.34288419942919],[-1.9305827559907973,48.350178983627806],[-1.9486572725768787,48.44647013504948],[-1.90898150446109,48.481582362992135],[-1.9248518117074056,48.5423722313139],[-1.9480694834196077,48.538870734898566],[-1.9856879894849477,48.51076149978658],[-1.9754016792327063,48.54363666057499],[-2.0068483991467017,48.566104595906715],[-2.0462302726838546,48.544025715732246],[-2.123671494154301,48.60442652889675]]]]}},{"id":"feature_50","type":"Feature","properties":{"code":"23","nom":"Creuse"},"geometry":{"type":"Polygon","coordinates":[[[2.1677771430808335,46.42416142761567],[2.0890133960065276,46.40898827648256],[1.7548552600979983,46.452270662727656],[1.727670011574217,46.389049199673025],[1.6835858247788966,46.418228336467465],[1.6287744858633815,46.388271089358504],[1.6092304963841224,46.42318878972252],[1.5461901092668144,46.393523333981506],[1.5222377011080237,46.42659302234854],[1.4151131271953945,46.34722577026765],[1.4458251106628008,46.331469036398644],[1.4142314434594878,46.28050281079768],[1.4367143787251013,46.272527180073865],[1.3748495699223353,46.21543333574606],[1.5051918155471657,46.127409606416144],[1.5048979209685305,46.08811503553296],[1.5433981107697772,46.076832435972435],[1.5385488502222922,45.99736792010223],[1.5736692523692302,45.98569626538445],[1.5132739164596414,45.931617598525406],[1.6345054301467732,45.92296112127639],[1.6417058473233421,45.89261481901016],[1.5910090325087234,45.882985703867995],[1.6023239737861887,45.857405327278194],[1.6765323548916449,45.83503465573579],[1.7707255673443134,45.86829887168146],[1.7764565116277051,45.83270032479223],[1.8809360343326142,45.797685360638894],[1.87344172257741,45.72522383759935],[1.8987166563400608,45.698281767959145],[2.046986471261655,45.76383756195734],[2.084751924616313,45.728044487489484],[2.174389771100132,45.7321295666407],[2.2732852968109674,45.66394765033101],[2.4920898106050746,45.737673602631645],[2.388051129768118,45.82735081637992],[2.4922367578943927,45.86401926495161],[2.6106762730844872,45.97120396077654],[2.6024472248826935,46.033452785938024],[2.551750410068075,46.08344637364585],[2.565269560685307,46.14297181270652],[2.4788645545664787,46.281183657322885],[2.4212612171539263,46.28468515373822],[2.391871759290379,46.330010079558924],[2.3229534806003613,46.32932923303372],[2.3026747546745145,46.35442329067695],[2.337060420374864,46.36687305570924],[2.285041079956386,46.38593675841495],[2.281073503144807,46.42046540362171],[2.1677771430808335,46.42416142761567]]]}},{"id":"feature_51","type":"Feature","properties":{"code":"25","nom":"Doubs"},"geometry":{"type":"Polygon","coordinates":[[[6.807050014131047,47.56282860912431],[6.768402877040483,47.5378318152704],[6.659955777523994,47.57994703604372],[6.646583574196081,47.53530295674822],[6.581779819606959,47.53987435484601],[6.553565940057954,47.492798680817636],[6.470981563461386,47.48715738103738],[6.417639697439048,47.521102443508255],[6.334320584395893,47.50602655616446],[6.242772423150944,47.41401501147263],[6.200451603827437,47.42918816260574],[6.1522528929312195,47.386197567728594],[6.116691648916328,47.39320056055926],[6.113017966683383,47.361395301453314],[5.989435296367169,47.327644766561065],[5.926982698407132,47.34486045726979],[5.893625663732006,47.310818131009604],[5.698626610807372,47.26500688624232],[5.82720548896039,47.14255177549496],[5.768426573233295,47.089445746529066],[5.784590775058247,47.0549171013223],[5.7369798533192995,47.04985938427793],[5.749470372911308,47.017276014857465],[5.815743600393606,47.04577430512671],[5.828528014564249,47.01221829781309],[5.96856878128405,46.98051030249646],[6.024261803935472,46.85552633322691],[6.105670602217497,46.845216371559545],[6.2033905496137915,46.77275484852],[6.06981546362397,46.68959430865583],[6.1037602874563675,46.649813418826064],[6.048655053962216,46.60779546184206],[6.138145953156716,46.55770461034493],[6.110813757343617,46.57637925789337],[6.438065370654215,46.76176404032743],[6.464515882731407,46.89024950601231],[6.432628320949458,46.92866870279166],[6.6997784929291,47.039063103663985],[6.707272804684305,47.08302633643429],[6.955025934474007,47.24302526985717],[6.942976256749951,47.287766612941994],[7.0567134586818785,47.334647759391736],[7.016156006830183,47.37189979069931],[6.884197341022858,47.35264156041498],[6.940625100120869,47.43337050554628],[6.907708907313696,47.494549429025305],[6.948854148322662,47.48569842419766],[6.945474360668353,47.512445966259236],[6.807050014131047,47.56282860912431]]]}},{"id":"feature_52","type":"Feature","properties":{"code":"29","nom":"Finist\u00e8re"},"geometry":{"type":"MultiPolygon","coordinates":[[[[-5.07246274889329,48.48274952846391],[-5.133151979381515,48.457266415663426],[-5.138001239929,48.44841541083578],[-5.040428239822024,48.46514478259793],[-5.07246274889329,48.48274952846391]]],[[[-3.991812383250667,48.73641349099697],[-4.006213217603805,48.75207296107666],[-4.039864146857566,48.74652892508571],[-4.022230472139438,48.73855329436189],[-3.991812383250667,48.73641349099697]]],[[[-3.6591237202353146,48.659186042281],[-3.6451637277501296,48.690699510019],[-3.8188554237236927,48.71520998492634],[-3.8644090834121902,48.67037137805221],[-3.8566208770783508,48.62066958171233],[-3.8910065427787006,48.670954960788094],[-3.9494915639271593,48.652863895975536],[-3.983436387759556,48.72629805690823],[-4.29849137605678,48.63263302779805],[-4.295405482981107,48.66045047154209],[-4.351392400211164,48.67610994162178],[-4.415020576485744,48.63798253621037],[-4.561380076646208,48.6237820229704],[-4.545509769399892,48.597812591223345],[-4.59826384626496,48.608025289101406],[-4.5919451128242965,48.55696179971112],[-4.630592249914861,48.57767898683518],[-4.730663353940239,48.55637821697523],[-4.777098697364643,48.503174924220026],[-4.759171128067879,48.470397027220926],[-4.793409846478911,48.41622109657257],[-4.760934495539692,48.372744182748846],[-4.772396384106475,48.32917000513581],[-4.680554328282891,48.355625755829436],[-4.608697103806518,48.33792374617414],[-4.287911171225903,48.436451964750056],[-4.282033279653193,48.434409425174444],[-4.428980568970928,48.36564392612886],[-4.4474959274249635,48.32566850872047],[-4.297609692320874,48.35591754719738],[-4.278065702841615,48.344926739004805],[-4.331113674285318,48.314677700527895],[-4.192836275037329,48.297559273608485],[-4.279388228445474,48.27781472437758],[-4.186664488885984,48.24659304800752],[-4.2458842464810305,48.25077539094806],[-4.2848252781502305,48.275966712380594],[-4.271746969400952,48.29590578919014],[-4.502601160919114,48.28092716563565],[-4.507597368755917,48.310689885165985],[-4.535664301015604,48.283942343104414],[-4.556236921520087,48.299796340762725],[-4.532431460650614,48.33938270301386],[-4.55535523778418,48.3383128013314],[-4.5665232317723286,48.28637393783728],[-4.619718150505348,48.26390600250556],[-4.54374640192808,48.248732851372445],[-4.554032712180321,48.16780937866251],[-4.50157252989389,48.23044725898126],[-4.448377611160869,48.23569950360426],[-4.301136427264499,48.191444479466014],[-4.273069495004812,48.15419244815844],[-4.28423748899296,48.10789488444458],[-4.731985879544098,48.04088013360667],[-4.424572150291397,47.96374994868001],[-4.3625603941993125,47.88934314985417],[-4.362413446909994,47.795775384533314],[-4.174761758451247,47.80773883061904],[-4.159479240362202,47.83186025036911],[-4.195628273534365,47.876115274507356],[-4.1635937644631,47.84917320486715],[-4.112896949648481,47.86424909221095],[-4.14860514095269,47.911811085185896],[-4.101728955660333,47.97162831561452],[-4.109811056572808,47.93641882388255],[-4.144343669562476,47.91083844729275],[-4.097320536980801,47.86191476126739],[-3.977117654318893,47.853841866754266],[-3.9900490157788537,47.88272921218076],[-3.952283562424196,47.894984449634435],[-3.8455998303795207,47.7923711519073],[-3.7217232654846697,47.80384827904644],[-3.538626942994772,47.76270569616627],[-3.523050530327092,47.84917320486715],[-3.4883709700481065,47.82369009206667],[-3.4034354368224555,47.870182183359155],[-3.3927082847022607,47.95450988869511],[-3.6401675199133265,47.98524524611859],[-3.694978858828842,48.093499843625985],[-3.731127892001005,48.0962232297268],[-3.7154045320440074,48.14222900207271],[-3.5647835604933285,48.185803179685756],[-3.520405479119373,48.19231985356985],[-3.5577300906060776,48.228599246984274],[-3.5184951643582423,48.28228885868606],[-3.5549380921090403,48.29376598582521],[-3.5293692637677547,48.31477496431721],[-3.554644197530405,48.37780189979322],[-3.6075452216847896,48.38850091661784],[-3.552293040901321,48.45113879693659],[-3.6040184867411638,48.4964637227573],[-3.539214732152043,48.538287152162674],[-3.6410492036492332,48.596839953330196],[-3.6591237202353146,48.659186042281]]]]}},{"id":"feature_53","type":"Feature","properties":{"code":"30","nom":"Gard"},"geometry":{"type":"Polygon","coordinates":[[[3.373626599222167,44.17075395676984],[3.3360080931568277,44.158693246894806],[3.3210194696464175,44.1094777695015],[3.2628283430765954,44.09401282700045],[3.4507739261139783,44.020773193646384],[3.355845977214722,43.946171867241915],[3.358344081133122,43.91378302540008],[3.4243234140367864,43.91154595824584],[3.4351975134462975,43.86291406358843],[3.5133734713633338,43.8961782795341],[3.530713251502826,43.85561927938981],[3.577883331373819,43.84385036088272],[3.6235839383516346,43.91699273044747],[3.6463607681958834,43.90094420521052],[3.706903051394791,43.96134501837503],[3.7872832186515915,43.96688905436597],[3.827105934056698,43.93576464178523],[3.806092471684261,43.87789268714291],[3.9173315696977866,43.88557652649878],[3.9793433257898716,43.84287772298957],[3.9611218619144726,43.80572295547131],[4.023721407163826,43.80329136073844],[4.144659026272324,43.73384501516766],[4.19094742240741,43.639207348164334],[4.150096075977078,43.58551773646255],[4.09881147200519,43.58522594509461],[4.101015681344956,43.554393323881804],[4.139075029278249,43.531828124760764],[4.116592094012635,43.50867934290384],[4.137605556385072,43.48193180084226],[4.230182348655244,43.46014471203574],[4.237970554989085,43.49759127092195],[4.320554931585653,43.52550597845531],[4.309533884886822,43.543305251899916],[4.46074264559477,43.589213760456516],[4.475290427237226,43.60827746316222],[4.42709171634101,43.620629964405204],[4.487193157671964,43.69921910617158],[4.627674766259718,43.690562628922564],[4.613714773774534,43.729759936016436],[4.666321903350282,43.844725734986554],[4.641928653323539,43.86748546168622],[4.739060811562561,43.92399572327814],[4.843246439688835,44.009879649243125],[4.760809010381585,44.08623172385526],[4.7196637693726196,44.08662077901252],[4.7220149260017035,44.187386064742675],[4.6492760177894255,44.27035207702822],[4.5035043067862315,44.34018747775627],[4.4576567525190995,44.34164643459599],[4.440610866958242,44.28406627132161],[4.393440787087249,44.29359812267447],[4.394175523533837,44.34524519480064],[4.336131344253332,44.33950663123106],[4.25898401736152,44.26471077724796],[4.126731456975559,44.33765861923408],[4.051347497555561,44.317330487267284],[4.04238371290718,44.394655199772565],[4.068393383116419,44.405062425229254],[3.998152578822541,44.45972467482419],[3.9511294462408664,44.40204724776049],[3.885884849783791,44.387943998309844],[3.9523050245554074,44.32832129545986],[3.922915566691861,44.305172513602926],[3.9746410125317038,44.26023664293948],[3.937022506466363,44.19555622304512],[3.9743471179530676,44.16443181046438],[3.9218869356666364,44.1802858081227],[3.87750885429268,44.13282107893706],[3.7969817397465615,44.12737430673543],[3.649740555850192,44.18077212706927],[3.633576354025241,44.122705644848324],[3.546583558749141,44.113757376231355],[3.373626599222167,44.17075395676984]]]}},{"id":"feature_54","type":"Feature","properties":{"code":"33","nom":"Gironde"},"geometry":{"type":"Polygon","coordinates":[[[-1.025681348372185,45.57465949174001],[-1.091219839407895,45.562404254286335],[-1.1545541211038386,45.480119088525996],[-1.2616786950164673,44.64763831578042],[-1.2521271212108145,44.61768106867146],[-1.2325831317315559,44.69296324160113],[-1.1605789599658656,44.77466482462558],[-1.0054026224463373,44.64802737093768],[-1.1915848380119076,44.66067166354861],[-1.2585928019407948,44.54706755762889],[-1.2538904886826274,44.467603041758686],[-1.085195000545868,44.53218619786373],[-0.9877689477282088,44.50825930569228],[-1.0292080833158108,44.422667171095235],[-0.9191445636168272,44.44328709442998],[-0.8173100921196363,44.42033284015168],[-0.676093747085293,44.45729308009131],[-0.6286297726356649,44.44318983064066],[-0.6276011416104401,44.3981566961879],[-0.3833747467643649,44.286303338475854],[-0.38954653291570995,44.209464944917144],[-0.2234960959866692,44.20586618471249],[-0.2259941999050703,44.26471077724796],[-0.194106638123122,44.268990383977815],[-0.14076477210078409,44.226388844257926],[-0.03628524939587496,44.271421978710684],[-0.07889996329801807,44.353707144471024],[0.02352229735644329,44.37743950906384],[-0.010569473765270843,44.418484828154696],[-0.0008709526703007953,44.547651140364785],[0.07069237722743615,44.54930462478313],[0.18281315897686845,44.66106071870587],[0.10052267695893669,44.701133399903576],[0.18457652644868094,44.74898718424647],[0.21690493009858258,44.72399039039256],[0.22660345119355352,44.764354862958214],[0.29743204464470185,44.76221505959329],[0.2637811153909402,44.82621463296244],[0.31506571936282946,44.845375599457455],[0.27509605666840553,44.86764900721055],[0.19295252193979184,44.82096238833944],[-0.034227987345426314,44.85208680092018],[0.034249449476638105,44.91540552776413],[0.009121463003305408,44.96277299316045],[0.07319048114583815,45.0700549527747],[0.0460052326220568,45.113142811441165],[-0.040252826207453296,45.10234653082722],[-0.08771680065708232,45.12131296974361],[-0.189257377575637,45.09446816389272],[-0.36353686270647056,45.17023665576897],[-0.3833747467643649,45.14329458612876],[-0.418642096200621,45.273336272442684],[-0.5676466475688047,45.29755495598207],[-0.5870436897587457,45.342782618013466],[-0.5943910542246327,45.32109279299626],[-0.7528002321091511,45.32177363952147],[-0.8411155529891099,45.43508595407323],[-1.025681348372185,45.57465949174001]]]}},{"id":"feature_55","type":"Feature","properties":{"code":"36","nom":"Indre"},"geometry":{"type":"Polygon","coordinates":[[[1.3266508590261177,47.18622321689732],[1.3652979961166825,47.122126379738845],[1.257879527625418,47.02641881105306],[1.1614821058329836,47.03964668639988],[1.0559739521028497,46.99597524499752],[1.063615211147372,46.95736152063954],[0.9874965152807853,46.80465737141526],[1.0117428180182113,46.75787348875483],[0.8674405799081963,46.748244373612664],[0.9248969700314307,46.70000153411251],[0.9097613992317033,46.60351585511221],[1.1459056931653038,46.50644659337601],[1.1516366374486955,46.449255485258895],[1.2127667098048729,46.43223432212881],[1.1773524130792987,46.38399148262865],[1.3031392927352803,46.37105539864978],[1.3560403168896649,46.40013727165491],[1.4151131271953945,46.34722577026765],[1.5222377011080237,46.42659302234854],[1.5461901092668144,46.393523333981506],[1.6092304963841224,46.42318878972252],[1.6287744858633815,46.388271089358504],[1.6835858247788966,46.418228336467465],[1.727670011574217,46.389049199673025],[1.7548552600979983,46.452270662727656],[2.0890133960065276,46.40898827648256],[2.1677771430808335,46.42416142761567],[2.151612941255882,46.45800922629723],[2.2043670181209496,46.484464976990864],[2.158666411143134,46.55741281897698],[2.1893783946105403,46.64222684325951],[2.143089998475454,46.66362487690877],[2.1554335707781433,46.692220430967325],[2.086956133956079,46.71264582672344],[2.0657957242943255,46.74250581004309],[2.1166394863982614,46.779757841350666],[2.048162049576197,46.83587904778532],[2.154845781620873,46.911647539661566],[2.0707919321311286,46.93401821120398],[2.108851280064422,46.997239674258616],[2.033467320644424,47.042856391447266],[2.053305204702318,47.10364625976903],[1.7745461968665746,47.13088012077718],[1.8421419499527323,47.17805305859487],[1.8392030041663778,47.21939016905367],[1.715620333850163,47.27687306853873],[1.5923315581125825,47.2766785409601],[1.526205277919602,47.25294617636728],[1.5341404315427596,47.221335444839966],[1.44847016187052,47.2379675528128],[1.3266508590261177,47.18622321689732]]]}},{"id":"feature_56","type":"Feature","properties":{"code":"38","nom":"Is\u00e8re"},"geometry":{"type":"Polygon","coordinates":[[[5.623683493255326,45.61327321609799],[5.554177425408037,45.6717287534762],[5.545948377206244,45.697309130065996],[5.571223310968895,45.696822811119425],[5.353888270067964,45.88318023144662],[5.2211948678140505,45.76840896005513],[5.10113893244146,45.813344830718584],[5.059405902275223,45.78251220950578],[5.159330059011284,45.71452482077472],[5.054115799859785,45.66005709875842],[5.037951598034834,45.61502396430566],[4.777120159495855,45.587401048140244],[4.8727828448417,45.5312798417056],[4.756841433570008,45.45570587740798],[4.755959749834101,45.36563960850245],[4.800484778497374,45.29833306629659],[4.9891650979813456,45.34404704727456],[5.0754231568108565,45.28179822211307],[5.138610491217483,45.296193262931666],[5.121564605656626,45.248339478588775],[5.201797825624109,45.21740959358666],[5.167559107213076,45.21021207317736],[5.187543938560289,45.12082665079704],[5.14728038128723,45.07248654750757],[5.20826350635409,45.08415820222535],[5.388420883057632,45.03610989030383],[5.482907990088936,45.08376914706809],[5.464098737056267,44.79236683428088],[5.555499951011898,44.77116332821025],[5.549769006728505,44.7945066376458],[5.647048112256845,44.72408765418187],[5.801342766040468,44.706774699683834],[5.827058541671072,44.7596862010711],[5.952551526748417,44.76211779580397],[5.980177617140152,44.781181498509675],[5.949612580962063,44.804524807945235],[6.016032755733679,44.835454692947344],[6.0564432602960565,44.815904671295065],[6.136235638395586,44.864050247005906],[6.2881791355501235,44.87397115351602],[6.355334046768329,44.85471292323168],[6.358860781711956,44.94127769572187],[6.32285869582911,44.95294935043965],[6.318156382570942,45.003818312251305],[6.203978338771062,45.012474789500324],[6.260553045158391,45.12675974194524],[6.143876897440109,45.15447992189997],[6.1619514140261895,45.188327720581526],[6.127271853747205,45.23326359124498],[6.131974167005373,45.28821763220785],[6.1947206595440445,45.352217205577006],[6.132561956162643,45.43333520586557],[6.049830632276757,45.43790660396336],[5.966217624654966,45.49227706219035],[5.916549440865573,45.476617592110664],[5.9096429182676395,45.390344610988414],[5.740065746394972,45.43732302122747],[5.623683493255326,45.61327321609799]]]}},{"id":"feature_57","type":"Feature","properties":{"code":"51","nom":"Marne"},"geometry":{"type":"Polygon","coordinates":[[[4.047967709901254,49.40568562527227],[4.035477190309246,49.359971644294305],[3.9243850395850384,49.40617194421884],[3.8591404431279646,49.38136967794357],[3.852086973240713,49.34470122937188],[3.8015371057154113,49.35890174261184],[3.646948557353154,49.31513303742017],[3.676338015216702,49.23839190765077],[3.6516508706113218,49.22146800831],[3.7487830288503456,49.15707937978358],[3.6222614127477755,49.151146288635374],[3.600072372060797,49.120702722579836],[3.6391603510193153,49.081310887907335],[3.5867001687328823,49.035791434508],[3.663994442914012,49.03734765513703],[3.675015489612841,49.01176727854724],[3.4853065391036466,48.851962872702984],[3.4872168538647763,48.81519716034198],[3.404044688110938,48.80926406919377],[3.4422509833335493,48.78436453912918],[3.3986076384061814,48.75557445749199],[3.4675259170962,48.735246325525196],[3.453125082743062,48.63399472084846],[3.5556942906868407,48.62028052655507],[3.643715716988165,48.53624461258706],[3.8226975153771647,48.5161110081989],[3.860756863310458,48.53391028164351],[3.8542911825804786,48.57728993167792],[3.8999917895582943,48.57485833694505],[4.080149166261837,48.70110673547569],[4.295573892401636,48.71316744535073],[4.333780187624248,48.677179843304245],[4.315999565616803,48.61561186466796],[4.403139308182219,48.56124140644097],[4.545384284241786,48.52525380439449],[4.6140086683531685,48.55384935845305],[4.670142532872543,48.531867742067895],[4.799162252893515,48.52982520249228],[4.769185005872696,48.588669795027755],[4.857353379463339,48.6145419629855],[4.7815285781753865,48.669204212580425],[4.988430361534757,48.68447462750285],[5.009149929328558,48.741373944252025],[4.8885062047986985,48.800607591944754],[4.935676284669691,48.84068027314246],[4.915691453322479,48.899816657045875],[5.037804650745517,48.97305629039994],[4.995336884132691,48.982588141752785],[5.036188230563022,49.02431430736885],[4.968592477476864,49.024800626315425],[5.005917088963567,49.0594265353115],[4.9396438614812705,49.18509135110625],[4.993279622082243,49.20960182601359],[4.950958802758736,49.23693295081105],[4.91495671687589,49.26513944971235],[4.86822747887285,49.228568264929976],[4.68601284011886,49.256774763831274],[4.635462972593558,49.23216702513463],[4.575949320419875,49.29665291745035],[4.447223494977539,49.27253149770028],[4.248256865241327,49.382245052047395],[4.047967709901254,49.40568562527227]]]}},{"id":"feature_58","type":"Feature","properties":{"code":"52","nom":"Haute-Marne"},"geometry":{"type":"Polygon","coordinates":[[[4.670142532872543,48.531867742067895],[4.653390541890321,48.470591554799555],[4.626793082523811,48.46806269627737],[4.754637224230242,48.366713827811324],[4.841336124927706,48.33957723059249],[4.814150876403923,48.32304238640897],[4.8507407514440395,48.29629484434739],[4.8351643387763605,48.22110993520704],[4.86308432374673,48.20204623250133],[4.835605180644313,48.10857573096978],[4.7305378687821324,48.11820484611195],[4.662942115695975,48.07657594428521],[4.723190504316246,48.04574332307241],[4.704234303994259,48.02026021027193],[4.789022889930591,48.00790770902894],[4.809154668567121,47.99010843558433],[4.7865247860121904,47.96423626762659],[4.866023269533084,47.94050390303377],[4.833988760461818,47.906850631930844],[4.901878408126612,47.92134293653875],[4.9940143585288315,47.819799540494074],[4.918189557240881,47.77739252835281],[4.958893956381893,47.76192758585175],[4.954044695834408,47.701526772687245],[5.026195814889416,47.709502403411065],[5.1089271387753,47.649685172982444],[5.179314890358496,47.67935062872347],[5.173583946075103,47.65260308666189],[5.258666426590073,47.62225678439567],[5.252935482306681,47.57702912236427],[5.3741669959938125,47.60455477474037],[5.406348452354397,47.67341753757526],[5.529784175381293,47.672833954839376],[5.567255734157316,47.70522279668121],[5.596645192020864,47.67176405315691],[5.690103668026943,47.68489466471441],[5.690250615316261,47.8186323750223],[5.745943637967683,47.823592828277356],[5.761079208767409,47.85938590274521],[5.827940225406978,47.85189659096797],[5.884808826372941,47.92610886221517],[5.842781901628069,47.97561613097642],[5.787235826265965,47.95266187669812],[5.777684252460313,48.031348282253816],[5.630443068563942,48.08396799227314],[5.671882204151544,48.10954836886293],[5.682168514403784,48.17568774559702],[5.7299263834320495,48.19796115335011],[5.640876326105502,48.24241070506698],[5.653807687565463,48.26857466439267],[5.611633815531272,48.29182071003891],[5.588269196529753,48.274313227962246],[5.525963545859032,48.347163806159045],[5.425745494544337,48.33140707229005],[5.441615801790652,48.38023349452609],[5.394445721919659,48.391029775140034],[5.470123575918294,48.420987022249],[5.328466389015997,48.50716273958193],[5.071014738131325,48.59577005164773],[5.057642534803412,48.62971511411861],[4.99930446094427,48.61483375435344],[4.988430361534757,48.68447462750285],[4.7815285781753865,48.669204212580425],[4.857353379463339,48.6145419629855],[4.769185005872696,48.588669795027755],[4.799162252893515,48.52982520249228],[4.670142532872543,48.531867742067895]]]}},{"id":"feature_59","type":"Feature","properties":{"code":"57","nom":"Moselle"},"geometry":{"type":"Polygon","coordinates":[[[7.635391884015119,49.0541742906885],[7.539141409512002,49.09210716852128],[7.491089645905104,49.169820936183825],[7.444948197059334,49.18431324079173],[7.3650088716704865,49.17186347575944],[7.29858869689887,49.117493017532446],[7.156784562707257,49.12128630531573],[7.097858699690844,49.15503684020797],[7.049806936083945,49.11457510385301],[7.034377470705582,49.18966274920405],[6.935481944994747,49.2221488548352],[6.83541084096937,49.21135257422125],[6.860979669310655,49.17876920480079],[6.834529157233463,49.151438080003324],[6.738572577308982,49.16369331745699],[6.669066509461693,49.280604392213405],[6.565762565071326,49.347327351683376],[6.601764650954172,49.36678010954634],[6.587069922022398,49.38496843814821],[6.470099879725481,49.46277946960007],[6.180760667058861,49.507715340263516],[6.100821341670011,49.45285856308996],[6.027935486168415,49.448481692570795],[5.971801621649041,49.491375023658634],[5.893478716442688,49.49691905964957],[5.936681219502102,49.47766082936524],[5.9424121637854945,49.430390627758236],[5.911994074896722,49.40772816484788],[5.95622520898136,49.36162512871265],[5.944028583967988,49.33468305907245],[6.0064811819280255,49.307935517010876],[6.029404959061592,49.230513540716274],[5.982381826479918,49.19549857656294],[6.0261721186966035,49.165152274296716],[5.981500142744011,49.14443508717265],[6.005011709034848,49.113991521117114],[5.924778489067366,49.09210716852128],[6.044981371729273,49.01040558549683],[6.043511898836096,48.97753042470842],[6.327267114508642,48.905263429247505],[6.285534084342405,48.849434014180794],[6.338875950364743,48.83406633546905],[6.310074281658467,48.82113025149018],[6.355040152189694,48.78164115302836],[6.5541537292152245,48.75411550065227],[6.658339357341498,48.708109728306354],[6.666421458253975,48.67114948836672],[7.0093964315215675,48.611915840673994],[6.994554755300477,48.59596457922636],[7.079343341236809,48.5364391401657],[7.167952556695404,48.52758813533804],[7.262733558305342,48.5903232794461],[7.304319641182262,48.66025594396346],[7.2424548323794955,48.691574884122836],[7.311813952937467,48.76734337599908],[7.184557600388308,48.85030938828463],[7.077873868343632,48.78562896839027],[7.051276408977122,48.84632157292272],[7.0956544903510785,48.86217557058104],[6.9547320398953705,48.89388356589767],[6.94444572964313,48.93483162119921],[7.032173261365816,48.95603512726984],[7.068175347248662,49.06691584708874],[7.110937008440123,49.071876300343796],[7.130480997919381,49.00456975813794],[7.326802576447875,48.94339083465891],[7.446858511820466,48.965761506201325],[7.538259725776097,48.932983609202225],[7.635391884015119,49.0541742906885]]]}},{"id":"feature_60","type":"Feature","properties":{"code":"65","nom":"Hautes-Pyr\u00e9n\u00e9es"},"geometry":{"type":"MultiPolygon","coordinates":[[[[-0.10314626603544408,43.24276014291711],[-0.07934080516597142,43.27164748834362],[-0.11181615610519025,43.31035847649092],[-0.1406178248114669,43.27193927971156],[-0.10314626603544408,43.24276014291711]]],[[[-0.10226458229953739,43.35850405220175],[-0.1113753142372369,43.31580524869255],[-0.07507933377575693,43.30714877144353],[-0.065380812680786,43.35500255578642],[-0.09094964102207204,43.37319088438829],[-0.10226458229953739,43.35850405220175]]],[[[-0.09682753259478183,43.582405295204474],[-0.01791683823115786,43.472108158121465],[-0.06582165454873934,43.463451680872446],[-0.06655639099532795,43.41170734495696],[-0.001017899959617985,43.444387978166745],[-0.0052793713498324735,43.37377446712418],[0.02631429585348055,43.34138562528234],[-0.04613071778016309,43.300826625138065],[-0.01703515449525117,43.27038305908252],[-0.049510505434470886,43.21717976632731],[-0.07258122985735493,43.22437728673661],[-0.06787891659918799,43.177107085129606],[-0.11769404767790004,43.180316790176995],[-0.19102074504744948,43.111162235974156],[-0.18969821944359033,43.05202585207074],[-0.2877120614185191,43.00533923319963],[-0.28154027526717407,42.93355855668529],[-0.3270939349556725,42.915759283240675],[-0.31342783704912325,42.849328115138654],[-0.15972097242277172,42.79738925164454],[-0.05979681568671236,42.69341426086699],[0.1757596890896167,42.736502119533455],[0.25996048586867904,42.7157849324094],[0.2928766786758521,42.67493414089717],[0.3597376953154212,42.723371507975955],[0.4777363686375624,42.69993093475108],[0.460249641208752,42.85175970987152],[0.47729552676960907,42.87811819677584],[0.5758971579018093,42.87082341257723],[0.6455501730384157,42.96205684695453],[0.6082255615517109,43.033545732100926],[0.5309312873705823,43.003296693624016],[0.5638474801777553,43.074201996034525],[0.442028177333353,43.13129584036233],[0.5174121367533511,43.212316576861575],[0.5709009500650062,43.217763349063205],[0.5515039078750652,43.23604894145439],[0.6357047046541275,43.300048514823544],[0.6067560886585337,43.31084479543749],[0.33181771034505125,43.34313637349001],[0.298754570248561,43.388364035521406],[0.18207842253027984,43.37114834481268],[0.13196939687293163,43.424059846199945],[0.16591422070532857,43.44273449374839],[0.1121315128150373,43.51733582015286],[0.015734091022603813,43.54340251568923],[-0.01585957618070921,43.60467870295757],[-0.09682753259478183,43.582405295204474]]]]}},{"id":"feature_61","type":"Feature","properties":{"code":"66","nom":"Pyr\u00e9n\u00e9es-Orientales"},"geometry":{"type":"Polygon","coordinates":[[[2.166013775609021,42.6639433327046],[2.0005511278372508,42.66151173797173],[1.971749459130975,42.61686765867623],[1.786008085433358,42.573585272431124],[1.741042214902131,42.55705042824761],[1.7298742209139828,42.495287922032695],[1.935306531380177,42.45356175641663],[1.971749459130975,42.37380544917848],[2.0170092242408373,42.348711391535254],[2.15631525451405,42.42340998172904],[2.2578558314326047,42.43838860528352],[2.4287555289091305,42.39432810872391],[2.5257407398588363,42.333635504191456],[2.577760080277314,42.357951451520165],[2.6718063454406646,42.3411248159687],[2.6750391858056544,42.40492986175922],[2.7770206045921633,42.41193285458989],[2.9470386183327832,42.48176825531793],[3.0407909889174967,42.47311177806891],[3.0854629648700893,42.42554978509396],[3.1731904965927757,42.43488710886819],[3.133514728476989,42.512892667898676],[3.049607826276562,42.55014469920626],[3.0434360401252167,42.838142779367445],[2.865335925472122,42.918288141762865],[2.7890702823162172,42.89601473400977],[2.7248543168843673,42.833960436426906],[2.3375012622428173,42.84057437410032],[2.318985903788783,42.82394226612748],[2.355428831539581,42.7269702681806],[2.166013775609021,42.6639433327046]],[[1.9574955720671543,42.46163465092977],[1.9788029290182259,42.494801603086124],[2.012747752850623,42.44830951179363],[1.981447980225945,42.44753140147912],[1.9574955720671543,42.46163465092977]]]}},{"id":"feature_62","type":"Feature","properties":{"code":"73","nom":"Savoie"},"geometry":{"type":"Polygon","coordinates":[[[6.802641595451515,45.778329866565244],[6.690373866412765,45.727071849596335],[6.6887574462302695,45.77132687373458],[6.56546867049269,45.81567916166214],[6.535785318050507,45.861976725375996],[6.572816034958578,45.877538931666365],[6.509040911394679,45.908566080457796],[6.368559302806926,45.77249403920636],[6.33064690216295,45.69546111806902],[6.232192218320067,45.682135978932884],[6.214264649023304,45.708980784783776],[6.194279817676092,45.69371036986135],[6.166212885416405,45.75566740365489],[6.042924109678825,45.73903529568206],[5.980030669850834,45.76889527900171],[5.962543942422023,45.81217766524681],[5.913316600500583,45.80410477073367],[5.873346937806158,45.83804983320455],[5.8620319965286924,45.93239570883993],[5.831173065771969,45.93842606377744],[5.776067832277818,45.72921165296126],[5.704063660512128,45.710926060570074],[5.689075037001718,45.648482707829956],[5.623683493255326,45.61327321609799],[5.740065746394972,45.43732302122747],[5.9096429182676395,45.390344610988414],[5.916549440865573,45.476617592110664],[5.966217624654966,45.49227706219035],[6.049830632276757,45.43790660396336],[6.132561956162643,45.43333520586557],[6.1947206595440445,45.352217205577006],[6.131974167005373,45.28821763220785],[6.127271853747205,45.23326359124498],[6.1619514140261895,45.188327720581526],[6.143876897440109,45.15447992189997],[6.260553045158391,45.12675974194524],[6.3344675316852115,45.12277192658333],[6.365032567863299,45.07122211824648],[6.453494836032576,45.05176936038352],[6.486264081550431,45.05604896711337],[6.4812678737136284,45.094079108735464],[6.51036343699854,45.10896046850063],[6.629978530503177,45.109252259868576],[6.767962035172529,45.15973216652297],[6.894483651275099,45.13736149498056],[6.8916916527780625,45.16702695072158],[6.943123204039269,45.170917502294174],[6.968838979669872,45.20797500602312],[7.079637235815445,45.21419988853927],[7.137534467806633,45.25563426278738],[7.110643113861487,45.326442301408576],[7.184263705809673,45.407463037907824],[7.000285699583868,45.504337772065384],[6.977802764318255,45.58983264287312],[7.000726541451822,45.63982623058094],[6.84775441327206,45.68933349934218],[6.802641595451515,45.778329866565244]]]}},{"id":"feature_63","type":"Feature","properties":{"code":"74","nom":"Haute-Savoie"},"geometry":{"type":"Polygon","coordinates":[[[6.802641595451515,45.778329866565244],[6.818071060829876,45.834937391946475],[6.939596469095644,45.84670631045357],[7.043929044511236,45.92208574717255],[6.937392259755878,46.064479934729455],[6.872735452456075,46.05203016969716],[6.898451228086678,46.12254641695041],[6.798527071350618,46.13606608366516],[6.803670226476738,46.204247999974854],[6.864506404254282,46.28303166931986],[6.770607086380249,46.35490960962352],[6.804845804791281,46.39362059777082],[6.509040911394679,46.40412508701682],[6.390013607047315,46.34022277743698],[6.315217436784588,46.36881833149554],[6.237776215314142,46.2773903695396],[6.30860480876529,46.25511696178651],[6.2956734473053295,46.226132352570694],[6.144905528465333,46.144819824703504],[5.956078261692044,46.13207826830326],[5.894066505599959,46.11943397569233],[5.883192406190446,46.08490533048557],[5.823972648595399,46.10357997803401],[5.831173065771969,45.93842606377744],[5.8620319965286924,45.93239570883993],[5.873346937806158,45.83804983320455],[5.913316600500583,45.80410477073367],[5.962543942422023,45.81217766524681],[5.980030669850834,45.76889527900171],[6.042924109678825,45.73903529568206],[6.166212885416405,45.75566740365489],[6.194279817676092,45.69371036986135],[6.214264649023304,45.708980784783776],[6.232192218320067,45.682135978932884],[6.33064690216295,45.69546111806902],[6.368559302806926,45.77249403920636],[6.509040911394679,45.908566080457796],[6.572816034958578,45.877538931666365],[6.535785318050507,45.861976725375996],[6.56546867049269,45.81567916166214],[6.6887574462302695,45.77132687373458],[6.690373866412765,45.727071849596335],[6.802641595451515,45.778329866565244]]]}},{"id":"feature_64","type":"Feature","properties":{"code":"77","nom":"Seine-et-Marne"},"geometry":{"type":"Polygon","coordinates":[[[2.571588294125969,48.692061203069414],[2.500906647964139,48.54616551909717],[2.5047272774864,48.43946714221882],[2.5345575772178996,48.40425765048685],[2.4737213994403575,48.390543456193456],[2.402598911410574,48.32070805546542],[2.4237593210723283,48.26030724230091],[2.5061967503795772,48.23852015349439],[2.522948741361799,48.200587275661604],[2.451091516885427,48.12345709073495],[2.7066328530089683,48.12481878378536],[2.7989157507005054,48.16829569760909],[2.8209578440981655,48.1296819732511],[2.9363114662125884,48.163432508143345],[3.047550564226114,48.249705489265594],[3.0159568970228,48.307966499065174],[3.0494608789872437,48.36009989013792],[3.4147718402311327,48.39025166482551],[3.388321328153941,48.48041519752036],[3.434756671578345,48.490238840241155],[3.405367213714799,48.52807445428462],[3.4592968688944072,48.53079784038543],[3.4656156023350686,48.57048146642588],[3.5556942906868407,48.62028052655507],[3.453125082743062,48.63399472084846],[3.4675259170962,48.735246325525196],[3.3986076384061814,48.75557445749199],[3.4422509833335493,48.78436453912918],[3.404044688110938,48.80926406919377],[3.4872168538647763,48.81519716034198],[3.4853065391036466,48.851962872702984],[3.3803861745307824,48.874819863191966],[3.3721571263289896,48.92170100964171],[3.330277148873435,48.90876492566284],[3.30470832053215,48.94874034307123],[3.2678245509133976,48.93833311761455],[3.1609938715794055,49.02421704357953],[3.1902363821536337,49.04649045133263],[3.165255342969619,49.09969374408784],[3.0719438142528563,49.11759028132177],[2.988036912052431,49.072362619290374],[2.855784351666469,49.07032007971476],[2.8090551136634287,49.09755394072291],[2.7349936798472907,49.060496436993965],[2.633306155639418,49.108350221336856],[2.5903975471586396,49.07965740348898],[2.5881933378188737,49.0469767702792],[2.534998419085853,49.023827988422276],[2.5529259883826168,49.00982200276094],[2.6025941721720116,48.92938484899758],[2.559391669112597,48.88532435243796],[2.592160914630452,48.80741605719679],[2.6136152188708417,48.76102122969362],[2.571588294125969,48.692061203069414]]]}},{"id":"feature_65","type":"Feature","properties":{"code":"84","nom":"Vaucluse"},"geometry":{"type":"MultiPolygon","coordinates":[[[[4.888065362930744,44.33162826429656],[4.8895348358239215,44.30410261192046],[4.987254783220216,44.2932090675172],[5.071014738131325,44.38317807263342],[4.970355844948676,44.431323648344254],[4.918483451819515,44.407785811330065],[4.888065362930744,44.33162826429656]]],[[[5.498778297335251,44.11570265201765],[5.383277727931512,44.15528901426879],[5.384600253535371,44.20100299524675],[5.354035217357282,44.21335549648973],[5.154921640331752,44.23096024235572],[5.166530476187853,44.314801628745094],[4.826641395995932,44.22833412004422],[4.782557209200611,44.315579739059615],[4.650598543393285,44.32978025229958],[4.6492760177894255,44.27035207702822],[4.7220149260017035,44.187386064742675],[4.7196637693726196,44.08662077901252],[4.760809010381585,44.08623172385526],[4.843246439688835,44.009879649243125],[4.739060811562561,43.92399572327814],[4.9662413208477805,43.87166780462676],[5.051470748652067,43.78782641823739],[5.173436998785785,43.73880546842271],[5.308040715800832,43.73793009431888],[5.531400595563788,43.65895189739524],[5.606931502273104,43.6586601060273],[5.753584897012205,43.72460495518275],[5.757258579245148,43.72937088085917],[5.654395476722733,43.82507844954496],[5.544478904313067,43.81817272050361],[5.607078449562422,43.91378302540008],[5.512150500663166,43.94597733966329],[5.544625851602385,44.069891407250374],[5.502598926857512,44.06337473336628],[5.498778297335251,44.11570265201765]]]]}},{"id":"feature_66","type":"Feature","properties":{"code":"86","nom":"Vienne"},"geometry":{"type":"Polygon","coordinates":[[[-0.1021176350102202,47.064838007832414],[-0.0862473277639042,46.98537349196221],[-0.03334630360951962,46.97992671976057],[-0.009100000872093617,46.90756246051035],[-0.03555051294928635,46.87488182730056],[0.034249449476638105,46.85397011259788],[-0.04568987591220974,46.83218302379136],[0.00794588468876345,46.81438375034674],[-0.022472204200007617,46.7694478796833],[0.038217026288217326,46.73161226563983],[-0.06582165454873934,46.62287134918586],[0.0007454675121945087,46.64310221736334],[-0.011598104790495611,46.61927258898121],[0.042625444967749004,46.59126061765854],[-0.008071369846869736,46.56762551685504],[0.006623359084904301,46.54282325057976],[-0.03143598884838905,46.52502397713514],[-0.043338719283125826,46.47250153090514],[-0.014683997866167253,46.47512765321664],[-0.009100000872093617,46.39109173924864],[0.03410250218732003,46.37358425717196],[0.015734091022603813,46.32611952798633],[0.07818668898264125,46.305013285705016],[0.12418119053909216,46.34849019952874],[0.177376109272112,46.32816206756194],[0.10757614684618755,46.18605967137299],[0.22043166504220846,46.157950436261004],[0.1973609406193244,46.095507083520886],[0.41381429778434775,46.048917728439086],[0.48067531442391687,46.06535530883329],[0.4433507029372121,46.1015374384584],[0.49257804485865364,46.135871556086535],[0.5400420193082818,46.085488913221454],[0.6033763010042259,46.076637908393806],[0.6874301504939702,46.097160567939234],[0.7125581369673029,46.1395675800805],[0.8233563931128751,46.12857677188792],[0.8446637500639467,46.14005389902707],[0.8071921912879247,46.2248679233096],[0.9072632953133022,46.28526873647411],[1.0060118737348205,46.280989129744256],[1.050243007819458,46.36278797655802],[1.1272433874219514,46.347906616792855],[1.1773524130792987,46.38399148262865],[1.2127667098048729,46.43223432212881],[1.1516366374486955,46.449255485258895],[1.1459056931653038,46.50644659337601],[0.9097613992317033,46.60351585511221],[0.9248969700314307,46.70000153411251],[0.8674405799081963,46.748244373612664],[0.7964650391677299,46.84900965934282],[0.70432908876551,46.90338011756981],[0.6925733056200913,46.974382683769626],[0.5905918868335833,47.00677152561146],[0.5669333732534279,47.00229739130298],[0.5983800931674228,46.956777937903645],[0.32491118774711847,46.93071124236727],[0.3069836184503547,47.04878948259547],[0.1800211604798312,47.059196708052156],[0.20103462285226747,47.09129375852605],[0.18149063337300841,47.114442540382974],[0.08465236971262158,47.118430355744884],[0.053793438955897166,47.16375528156559],[-0.01071642105458892,47.15753039904944],[-0.03569746023860354,47.08633330527099],[-0.08595343318526893,47.10102013745753],[-0.1021176350102202,47.064838007832414]]]}},{"id":"feature_67","type":"Feature","properties":{"code":"94","nom":"Val-de-Marne"},"geometry":{"type":"Polygon","coordinates":[[[2.3319172652487437,48.81704517233896],[2.3207492712605955,48.74876599223995],[2.3693888240247656,48.74604260613914],[2.3707113496286256,48.7201704381814],[2.503551699171858,48.735246325525196],[2.571588294125969,48.692061203069414],[2.6136152188708417,48.76102122969362],[2.592160914630452,48.80741605719679],[2.4956165455487005,48.860911141319946],[2.416265009317123,48.849239486602166],[2.4627003527415274,48.81908771191457],[2.3319172652487437,48.81704517233896]]]}},{"id":"feature_68","type":"Feature","properties":{"code":"01","nom":"Ain"},"geometry":{"type":"Polygon","coordinates":[[[4.780206052571527,46.17662508380945],[4.8023950932585056,46.15688053457854],[4.750375752840027,46.09414539047047],[4.736121865776207,45.93842606377744],[4.880717998464858,45.897088953318644],[4.923773554234954,45.803910243155045],[5.10113893244146,45.813344830718584],[5.2211948678140505,45.76840896005513],[5.353888270067964,45.88318023144662],[5.571223310968895,45.696822811119425],[5.545948377206244,45.697309130065996],[5.554177425408037,45.6717287534762],[5.623683493255326,45.61327321609799],[5.689075037001718,45.648482707829956],[5.704063660512128,45.710926060570074],[5.776067832277818,45.72921165296126],[5.831173065771969,45.93842606377744],[5.823972648595399,46.10357997803401],[5.883192406190446,46.08490533048557],[5.894066505599959,46.11943397569233],[5.956078261692044,46.13207826830326],[5.995313187939878,46.18294723011491],[5.971801621649041,46.21144552038415],[6.12433290796085,46.25103188263529],[6.102731656431143,46.28507420889547],[6.16973962036003,46.367942957391705],[6.064084519340579,46.416283060681174],[5.870114097441167,46.265329659664566],[5.725077122884564,46.26075826156677],[5.714643865343005,46.30880657348829],[5.641904957130725,46.34207078943396],[5.541980800394665,46.270290112919625],[5.473062521704648,46.26513513208594],[5.475266731044414,46.3154205111617],[5.427949703884103,46.34226531701259],[5.404732032171902,46.31036279411733],[5.310538819719232,46.446823890526026],[5.2151700289520235,46.46841645175392],[5.201210036466838,46.508294605372996],[5.052352432387973,46.484951295937435],[4.939937756059905,46.51724287398996],[4.780206052571527,46.17662508380945]]]}},{"id":"feature_69","type":"Feature","properties":{"code":"12","nom":"Aveyron"},"geometry":{"type":"Polygon","coordinates":[[[2.981718178611768,44.644623138311665],[2.939250411998943,44.6776928266787],[2.934548098740775,44.77913895893406],[2.889729175498866,44.788379018918974],[2.8597519284780475,44.87445747246259],[2.772759133201949,44.8554910335462],[2.7761389208562566,44.908888853880036],[2.7383734675015985,44.94118043193256],[2.6025941721720116,44.843138532303215],[2.5560118814582893,44.72126700429175],[2.483126025956693,44.650264438091924],[2.3485223089416474,44.641413433264276],[2.291065918818413,44.6665074909075],[2.208481542221846,44.643845027997145],[2.207452911196622,44.61554126530653],[2.193639866000755,44.58587580956551],[2.0574197288032146,44.582860632096754],[1.909884650328208,44.48666674446439],[1.89034066084895,44.50582771095941],[1.843023633688639,44.482387137734534],[1.9113541232213853,44.35662505815047],[1.8821116126471562,44.33999295017764],[1.8688863566085603,44.292041902045426],[1.970426933527115,44.27638243196574],[1.89034066084895,44.207519669130846],[1.9902648175850093,44.149453186909895],[2.135889581298885,44.200808467668125],[2.237577105506758,44.15859598310549],[2.186586396113504,44.13739247703486],[2.284747185377751,44.14527084396936],[2.459908354244491,44.05141128728056],[2.522801794072481,43.98128409518457],[2.4992902277816436,43.95054873776108],[2.5796703950384448,43.875558356199356],[2.564093982370765,43.841321502360536],[2.6606383514525165,43.75592389534212],[2.7429288334704482,43.728981825701915],[2.824043737173838,43.76195425027964],[2.92117589541286,43.7360820823219],[2.9354297824766817,43.69464770807378],[3.060775820264709,43.69309148744475],[3.0648903443656064,43.835582938790964],[3.2227117330928525,43.81778366534635],[3.26312223765523,43.89277404690808],[3.358344081133122,43.91378302540008],[3.355845977214722,43.946171867241915],[3.4507739261139783,44.020773193646384],[3.2628283430765954,44.09401282700045],[3.3210194696464175,44.1094777695015],[3.3360080931568277,44.158693246894806],[3.373626599222167,44.17075395676984],[3.3390939862325,44.20275374345442],[3.206547531267903,44.189914923264865],[3.2297652029801043,44.22619431667929],[3.154087348981472,44.273172726918354],[3.124110101960653,44.260333906728796],[3.154234296270788,44.308382218650316],[3.1211711561742987,44.36187730277347],[3.1357189378167547,44.45486148535844],[3.0685640265985494,44.503493380015854],[3.0759113910644356,44.572939725586636],[2.981718178611768,44.644623138311665]]]}},{"id":"feature_70","type":"Feature","properties":{"code":"13","nom":"Bouches-du-Rh\u00f4ne"},"geometry":{"type":"Polygon","coordinates":[[[4.739060811562561,43.92399572327814],[4.641928653323539,43.86748546168622],[4.666321903350282,43.844725734986554],[4.613714773774534,43.729759936016436],[4.627674766259718,43.690562628922564],[4.487193157671964,43.69921910617158],[4.42709171634101,43.620629964405204],[4.475290427237226,43.60827746316222],[4.46074264559477,43.589213760456516],[4.309533884886822,43.543305251899916],[4.320554931585653,43.52550597845531],[4.237970554989085,43.49759127092195],[4.230182348655244,43.46014471203574],[4.534804079410909,43.45158549857604],[4.588145945433247,43.42269815314954],[4.555670594494028,43.38281999953046],[4.585794788804163,43.36006027283079],[4.832960129436595,43.32981123435388],[4.902172302705248,43.37095381723405],[4.873664528577606,43.36083838314531],[4.835752127933631,43.397993150663574],[4.861467903564234,43.400716536764385],[4.824437186656166,43.42435163756789],[4.866758005979673,43.404704352126295],[4.867345795136943,43.4323272682917],[4.967710793740958,43.42610238577556],[5.053821905281151,43.32426719836293],[5.311126608876505,43.36083838314531],[5.3644684748988425,43.31210922469858],[5.345659221866171,43.28234650516825],[5.376077310754942,43.25511264416009],[5.345659221866171,43.2125111044402],[5.536984592557863,43.2144563802265],[5.600906663411077,43.162517516732386],[5.671882204151544,43.17924688849453],[5.683931881875598,43.23604894145439],[5.762842576239221,43.28166565864304],[5.683931881875598,43.3181395796361],[5.704945344248033,43.355877929890255],[5.682756303561057,43.39916031613535],[5.78826445729119,43.420266558416664],[5.69877355809669,43.48212632842089],[5.724636281016611,43.55089182746647],[5.656011896905229,43.57394334553409],[5.69157314092012,43.584447834780086],[5.700243030989867,43.64173620668652],[5.7989916094113845,43.66050811802428],[5.813245496475204,43.68890914450421],[5.753584897012205,43.72460495518275],[5.606931502273104,43.6586601060273],[5.531400595563788,43.65895189739524],[5.308040715800832,43.73793009431888],[5.173436998785785,43.73880546842271],[5.051470748652067,43.78782641823739],[4.9662413208477805,43.87166780462676],[4.739060811562561,43.92399572327814]],[[5.017819819398305,43.46928750823134],[4.998422777208363,43.49807758986852],[5.0219343434992005,43.556144072089474],[5.046327593525945,43.52210174582929],[5.108780191485982,43.52550597845531],[5.149778485205632,43.45703227077767],[5.202826456649333,43.49117186082717],[5.230158652462432,43.4651051652908],[5.137287965613623,43.4001329540285],[5.070426948974054,43.400230217817814],[5.051764643230701,43.46354894466176],[5.017819819398305,43.46928750823134]]]}},{"id":"feature_71","type":"Feature","properties":{"code":"16","nom":"Charente"},"geometry":{"type":"Polygon","coordinates":[[[-0.102999318746126,45.9696477401475],[-0.0971214271734171,45.9283106296887],[-0.1489938203025778,45.92510092464131],[-0.1154898383381342,45.870633202625015],[-0.15604729018982866,45.77949703203702],[-0.2947655313057709,45.80527193620545],[-0.46169765197071744,45.75129053313572],[-0.4010084214824934,45.734755688952205],[-0.42290356759083547,45.6855402115589],[-0.3824930630284582,45.65976530739047],[-0.432014299528535,45.62455581565851],[-0.38704842899730796,45.6258202449196],[-0.29667584606690145,45.56444679386195],[-0.32165688525091607,45.53487860191024],[-0.2420114544407035,45.502684287647035],[-0.2862425885253419,45.456289460143864],[-0.23407630081754593,45.40911652232617],[-0.3103419439734507,45.38606500425856],[-0.24627292583091798,45.35396795378467],[-0.283891431896258,45.30990745722506],[-0.1088772103188358,45.28889847873305],[-0.11534289104881612,45.248047687220826],[0.0033905187199136932,45.228692193147175],[0.004272202455820384,45.19163468941823],[0.05335259708794382,45.2268441811502],[0.14534160020084563,45.2143944161179],[0.17517189993234616,45.260205660885184],[0.26672006117729463,45.2977494835607],[0.2504089120630262,45.37342071164763],[0.27068763798887385,45.420399121886696],[0.3178577178598667,45.43664217470227],[0.3027221470601402,45.45901284624468],[0.4317418670811115,45.485565860727625],[0.5065380373438382,45.55384504082663],[0.4996315147459054,45.6172610314599],[0.5754563160338559,45.6408961322634],[0.6296798657921006,45.71452482077472],[0.7149092935963868,45.76305945164282],[0.716378766489564,45.80556372757339],[0.7838275722864045,45.79165500570137],[0.8273239699244543,45.88269391250005],[0.8120414518354098,45.93122854336815],[0.8628852139393457,45.919751416229],[0.9425306447495583,45.957392502693835],[0.9254847591887012,46.010401267870414],[0.8179193434081196,46.04784782675662],[0.8233563931128751,46.12857677188792],[0.7125581369673029,46.1395675800805],[0.6874301504939702,46.097160567939234],[0.6033763010042259,46.076637908393806],[0.5400420193082818,46.085488913221454],[0.49257804485865364,46.135871556086535],[0.4433507029372121,46.1015374384584],[0.48067531442391687,46.06535530883329],[0.41381429778434775,46.048917728439086],[0.1973609406193244,46.095507083520886],[0.0928814179144144,46.10144017466909],[0.0192608259662288,46.052808280011675],[-0.03951808976086468,46.05290554380099],[-0.041428404521995255,45.99347736852963],[-0.102999318746126,45.9696477401475]]]}},{"id":"feature_72","type":"Feature","properties":{"code":"18","nom":"Cher"},"geometry":{"type":"Polygon","coordinates":[[[2.2391935256892523,47.620992355134575],[2.1195784321846167,47.58296221351248],[2.1313342153300354,47.550281580302695],[2.1956971280512034,47.54862809588435],[2.198783021126875,47.48706011724806],[2.2477164684696813,47.49172877913517],[2.243748891658102,47.41489038557646],[2.2052487018568554,47.405261270434295],[2.188937552742587,47.43784463985476],[2.101650862887853,47.38678115046448],[2.157490832828592,47.299632795238395],[2.0243565887067243,47.26510415003163],[1.9408905283742506,47.29019820767486],[1.8948960268177997,47.25469692457495],[1.9041537060448164,47.21569414505971],[1.8392030041663778,47.21939016905367],[1.8421419499527323,47.17805305859487],[1.7745461968665746,47.13088012077718],[2.053305204702318,47.10364625976903],[2.033467320644424,47.042856391447266],[2.108851280064422,46.997239674258616],[2.0707919321311286,46.93401821120398],[2.154845781620873,46.911647539661566],[2.048162049576197,46.83587904778532],[2.1166394863982614,46.779757841350666],[2.0657957242943255,46.74250581004309],[2.086956133956079,46.71264582672344],[2.1554335707781433,46.692220430967325],[2.143089998475454,46.66362487690877],[2.1893783946105403,46.64222684325951],[2.158666411143134,46.55741281897698],[2.2043670181209496,46.484464976990864],[2.151612941255882,46.45800922629723],[2.1677771430808335,46.42416142761567],[2.281073503144807,46.42046540362171],[2.3520490438852732,46.512282420734905],[2.5366148392683483,46.51977173251214],[2.614937744474701,46.55332773982576],[2.5673268227357546,46.65243954113756],[2.62478321285899,46.657302730603305],[2.62346068725513,46.68871893455199],[2.705016432826473,46.73939336878502],[2.8449102522569563,46.7268463399634],[2.9244087357778508,46.79454193732652],[3.0321210988477514,46.79493099248378],[3.067094553705372,46.84784249387104],[3.0748827600392126,47.02982304367908],[3.0187488955198365,47.070868362769936],[2.983334598794263,47.25985190540864],[2.8765039194602693,47.32200346678081],[2.930727469218514,47.43132796597067],[2.8745936046991396,47.52042159698305],[2.8065570097450276,47.49445216523599],[2.7326425232182068,47.538123606638344],[2.7274993680920865,47.49892629954447],[2.68444381232199,47.48297503809684],[2.563212298634858,47.572165932898535],[2.2391935256892523,47.620992355134575]]]}},{"id":"feature_73","type":"Feature","properties":{"code":"2B","nom":"Haute-Corse"},"geometry":{"type":"Polygon","coordinates":[[[9.402286090771566,41.85869642096718],[9.412572401023807,41.95245871386666],[9.556580744555188,42.14212310303057],[9.533216125553668,42.54596235626572],[9.446223330277569,42.673572447846766],[9.492364779123337,42.80507309100041],[9.463563110417061,42.98637279428324],[9.421830080250825,43.01166137950509],[9.340862123836752,42.99444568879637],[9.356144641925797,42.926944619011884],[9.311031824105251,42.83464128295211],[9.344535806069695,42.737766548794546],[9.293398149387125,42.67425329437197],[9.224626817986424,42.732027985224974],[9.124555713961046,42.73163893006772],[9.059017222925336,42.694581426338765],[9.059311117503972,42.66005278113201],[8.823460718149008,42.606168641851596],[8.787752526844798,42.55812032993007],[8.724271297859536,42.58408976167713],[8.718687300865462,42.52826034661042],[8.666521013157666,42.51522699884223],[8.649915969464763,42.4782667589026],[8.67989321648558,42.46815132481386],[8.655206071880201,42.41572614237317],[8.57350337901954,42.38139202474504],[8.770853588573258,42.32478449936381],[8.861373118792983,42.329939480197496],[8.904722569141715,42.2538791969533],[9.045645019597423,42.20690078671424],[9.160851694422528,42.025990138588675],[9.221100083042797,42.02754635921771],[9.236970390289114,41.84653844730282],[9.402286090771566,41.85869642096718]]]}},{"id":"feature_74","type":"Feature","properties":{"code":"21","nom":"C\u00f4te-d'Or"},"geometry":{"type":"MultiPolygon","coordinates":[[[[4.115857357566046,47.123390808999936],[4.1794855338406265,47.12553061236486],[4.18183669046971,47.15052740621877],[4.114975673830141,47.14624779948892],[4.115857357566046,47.123390808999936]]],[[[4.2935166303511885,47.92571980705792],[4.311150305069317,47.9039327182514],[4.24737518150542,47.8737809435638],[4.273090957136024,47.83925229835704],[4.32452250839723,47.84722792908085],[4.3324576620203885,47.75657807743944],[4.239440027882262,47.72448102696555],[4.272356220689435,47.68654814913277],[4.226508666422301,47.678280727041006],[4.248991601687916,47.65950881570325],[4.115416515698094,47.51507208857073],[4.119384092509673,47.44358320342434],[4.066042226487335,47.40730381000991],[4.106011889181758,47.339316421278845],[4.142013975064604,47.353419670729494],[4.114093990094235,47.30799748111947],[4.135401347045306,47.23748123386623],[4.178016060947449,47.250320054055784],[4.230623190523199,47.198964773297554],[4.2097566754400795,47.15548785947383],[4.3495035475812465,47.09703232209562],[4.353471124392824,47.06405989751789],[4.405490464811303,47.08166464338388],[4.4284142419448695,47.039841213978505],[4.554788910758122,47.0200966647476],[4.59387688971664,46.95366549664557],[4.679106317520926,46.92915502173824],[4.685425050961587,46.90085125904762],[4.896000516553903,46.9663097892565],[5.255286638935765,46.97992671976057],[5.31009797785128,47.018054125171986],[5.282912729327499,47.045287986180135],[5.386069726428548,47.08205369854114],[5.439999381608157,47.14439978749194],[5.488345039793693,47.28942009736034],[5.5184692341038275,47.3042041933362],[5.472180837968741,47.317043013525755],[5.49701492986344,47.3901853830905],[5.432358122563635,47.392908769191315],[5.439264645161568,47.45009987730843],[5.3766650999122145,47.46468944570565],[5.486434725032561,47.527035534656456],[5.47747094038418,47.60873711768091],[5.425892441833655,47.63217769090578],[5.3741669959938125,47.60455477474037],[5.252935482306681,47.57702912236427],[5.258666426590073,47.62225678439567],[5.173583946075103,47.65260308666189],[5.179314890358496,47.67935062872347],[5.1089271387753,47.649685172982444],[5.026195814889416,47.709502403411065],[4.954044695834408,47.701526772687245],[4.958893956381893,47.76192758585175],[4.918189557240881,47.77739252835281],[4.9940143585288315,47.819799540494074],[4.901878408126612,47.92134293653875],[4.833988760461818,47.906850631930844],[4.866023269533084,47.94050390303377],[4.7865247860121904,47.96423626762659],[4.809154668567121,47.99010843558433],[4.789022889930591,48.00790770902894],[4.704234303994259,48.02026021027193],[4.582708895728491,48.02950027025683],[4.535832710436134,48.00119650756622],[4.553319437864944,47.96773776404192],[4.309093043018869,47.96122109015783],[4.2935166303511885,47.92571980705792]]]]}},{"id":"feature_75","type":"Feature","properties":{"code":"26","nom":"Dr\u00f4me"},"geometry":{"type":"Polygon","coordinates":[[[4.800484778497374,45.29833306629659],[4.8291394999143336,45.156619725264896],[4.804452355308953,45.1218965524795],[4.860733167117646,45.05536812058816],[4.837662442694761,45.004790950144454],[4.886595890037567,44.93660903383476],[4.822526871895034,44.81707183676684],[4.76183764140681,44.76941258000258],[4.7790304742569845,44.65464130861109],[4.692331573559521,44.555821298667226],[4.698650307000184,44.452235363046945],[4.667350534375506,44.430642801819054],[4.650598543393285,44.32978025229958],[4.782557209200611,44.315579739059615],[4.826641395995932,44.22833412004422],[5.166530476187853,44.314801628745094],[5.154921640331752,44.23096024235572],[5.354035217357282,44.21335549648973],[5.384600253535371,44.20100299524675],[5.383277727931512,44.15528901426879],[5.498778297335251,44.11570265201765],[5.5829790941143145,44.15762334521234],[5.576219518805697,44.18796964747857],[5.678641779460159,44.14604895428388],[5.6436683246025385,44.17260196876683],[5.675996728252439,44.191373880104585],[5.686576933083318,44.26685058061289],[5.607813186009011,44.30663147044265],[5.626916333620317,44.33474070555464],[5.49304735305186,44.337172300287506],[5.434415384614084,44.36956114212934],[5.418545077367769,44.424904238249475],[5.493635142209131,44.42821120708618],[5.464392631634901,44.44785849252777],[5.465421262660126,44.50038093875778],[5.603551714618797,44.46546323839376],[5.664534839685656,44.5018398955975],[5.597232981178134,44.54327426984562],[5.641758009841407,44.651042548406444],[5.790615613920274,44.653279615560685],[5.8294096983001555,44.69237965886524],[5.801342766040468,44.706774699683834],[5.647048112256845,44.72408765418187],[5.549769006728505,44.7945066376458],[5.555499951011898,44.77116332821025],[5.464098737056267,44.79236683428088],[5.482907990088936,45.08376914706809],[5.388420883057632,45.03610989030383],[5.20826350635409,45.08415820222535],[5.14728038128723,45.07248654750757],[5.187543938560289,45.12082665079704],[5.167559107213076,45.21021207317736],[5.201797825624109,45.21740959358666],[5.121564605656626,45.248339478588775],[5.138610491217483,45.296193262931666],[5.0754231568108565,45.28179822211307],[4.9891650979813456,45.34404704727456],[4.800484778497374,45.29833306629659]],[[4.888065362930744,44.33162826429656],[4.918483451819515,44.407785811330065],[4.970355844948676,44.431323648344254],[5.071014738131325,44.38317807263342],[4.987254783220216,44.2932090675172],[4.8895348358239215,44.30410261192046],[4.888065362930744,44.33162826429656]]]}},{"id":"feature_76","type":"Feature","properties":{"code":"31","nom":"Haute-Garonne"},"geometry":{"type":"Polygon","coordinates":[[[0.9538455860270245,43.78734009929081],[1.0642030003046434,43.702720602586915],[1.0509777442660466,43.67782107252232],[1.10138066450203,43.66050811802428],[1.0877145665954808,43.644945911733906],[1.1810260953122427,43.6140160267318],[1.1993945064769598,43.56917741985766],[1.0718442593491657,43.54632042936868],[0.9927866176962237,43.366771474293515],[0.9172557109869084,43.40635783654464],[0.7567892710519413,43.41627874305476],[0.6746457363233276,43.32942217919662],[0.6067560886585337,43.31084479543749],[0.6357047046541275,43.300048514823544],[0.5515039078750652,43.23604894145439],[0.5709009500650062,43.217763349063205],[0.5174121367533511,43.212316576861575],[0.442028177333353,43.13129584036233],[0.5638474801777553,43.074201996034525],[0.5309312873705823,43.003296693624016],[0.6082255615517109,43.033545732100926],[0.6455501730384157,42.96205684695453],[0.5758971579018093,42.87082341257723],[0.47729552676960907,42.87811819677584],[0.460249641208752,42.85175970987152],[0.4777363686375624,42.69993093475108],[0.6705312122224312,42.689912764451655],[0.6445215420131918,42.783091474615254],[0.6783194185562706,42.85496941491891],[0.8581829006811788,42.82569301433515],[0.8261483916099124,42.914300326400955],[1.0189432351947811,43.010396950244],[0.9867617788341967,43.02751537716341],[0.9923457758282703,43.098031624416656],[1.0389280665419927,43.10056048293884],[1.0496552186621875,43.139660526243404],[1.1241574943462789,43.15687621695212],[1.2236408092143858,43.08606817833093],[1.3019637144207383,43.12400105616371],[1.214089235408733,43.16242025294307],[1.374408728054382,43.21367826991198],[1.3751434645009706,43.237799689662054],[1.2971144538732533,43.262407428358706],[1.3240058078183985,43.30938583859777],[1.373086202450522,43.31016394891228],[1.425399437447636,43.25657160099982],[1.4176112311137956,43.22778151936263],[1.4637526799595646,43.210565828653905],[1.5046040263898952,43.22126484547854],[1.4944646634269718,43.28613979295152],[1.6350932193040437,43.237118843136855],[1.6884350853263816,43.273495500340594],[1.7476548429214285,43.3437199562259],[1.8134872285357746,43.34138562528234],[1.804082602019439,43.39167100435811],[1.858746993645637,43.44380439543085],[1.8960716051323416,43.39643693003453],[2.0292058492542093,43.4368986663895],[2.0463986821043845,43.50508058269919],[1.995995761868401,43.48047284400254],[1.9169381202154598,43.501579086283854],[1.839349951455696,43.57579135753107],[1.6966641335281745,43.62072722819452],[1.7206165416869652,43.68813103418969],[1.664629624456909,43.693772333969946],[1.7063626546231454,43.71624026930167],[1.649934895525135,43.7518388161909],[1.6447917403990147,43.80027618326968],[1.5910090325087234,43.81544933440279],[1.5555947357831492,43.91825715970856],[1.4478823727132495,43.873515816623744],[1.3655918906953177,43.88927255049274],[1.3626529449089633,43.857175500018855],[1.296820559294618,43.84706006593011],[1.3608895774371499,43.82109063418305],[1.2192323905348532,43.77070799131798],[1.1445831675614446,43.82225779965483],[0.9538455860270245,43.78734009929081]]]}},{"id":"feature_77","type":"Feature","properties":{"code":"32","nom":"Gers"},"geometry":{"type":"Polygon","coordinates":[[[0.07598247964287452,43.98313210718155],[0.059083541371335535,43.897831763952446],[-0.013655366840943373,43.923606668120875],[0.006623359084904301,43.95375844280847],[-0.036138302106556885,43.98371568991744],[-0.10226458229953739,43.92739995590416],[-0.1791180146127127,43.93790444515015],[-0.2276106200875656,43.91096237550995],[-0.18808179926109503,43.8325677613222],[-0.22716977821961226,43.80825181399349],[-0.194106638123122,43.73695745642573],[-0.24671376769887132,43.71059896952141],[-0.24318703275524545,43.65447776308676],[-0.2821280644244455,43.64309789973693],[-0.24289313817661018,43.584934153726664],[-0.09682753259478183,43.582405295204474],[-0.01585957618070921,43.60467870295757],[0.015734091022603813,43.54340251568923],[0.1121315128150373,43.51733582015286],[0.16591422070532857,43.44273449374839],[0.13196939687293163,43.424059846199945],[0.18207842253027984,43.37114834481268],[0.298754570248561,43.388364035521406],[0.33181771034505125,43.34313637349001],[0.6067560886585337,43.31084479543749],[0.6746457363233276,43.32942217919662],[0.7567892710519413,43.41627874305476],[0.9172557109869084,43.40635783654464],[0.9927866176962237,43.366771474293515],[1.0718442593491657,43.54632042936868],[1.1993945064769598,43.56917741985766],[1.1810260953122427,43.6140160267318],[1.0877145665954808,43.644945911733906],[1.10138066450203,43.66050811802428],[1.0509777442660466,43.67782107252232],[1.0642030003046434,43.702720602586915],[0.9538455860270245,43.78734009929081],[0.8971239323503788,43.79064706812751],[0.9257786537673365,43.831595123429054],[0.8834578344438286,43.875266564831406],[0.9044712968162649,43.89899892942422],[0.762520215335333,43.93119324368743],[0.8276178645030896,43.99956968757576],[0.8136578720179051,44.02485827279761],[0.8603871100209446,44.04071227045593],[0.7654591611216874,44.03011051742061],[0.7418006475415329,44.06512548157394],[0.666563635410852,44.02515006416555],[0.5758971579018093,44.07592176218789],[0.3814858941344461,44.00637815282779],[0.20514914695316389,44.01902244543872],[0.1590076981073949,43.97379478340733],[0.126385399878858,44.00034779789027],[0.07598247964287452,43.98313210718155]]]}},{"id":"feature_78","type":"Feature","properties":{"code":"34","nom":"H\u00e9rault"},"geometry":{"type":"Polygon","coordinates":[[[3.358344081133122,43.91378302540008],[3.26312223765523,43.89277404690808],[3.2227117330928525,43.81778366534635],[3.0648903443656064,43.835582938790964],[3.060775820264709,43.69309148744475],[2.9354297824766817,43.69464770807378],[2.9073628502169946,43.65418597171882],[2.7545376693265498,43.61411329052111],[2.643298571313024,43.65010089256759],[2.6155255336319723,43.56664856133548],[2.6679857159184035,43.47006561854585],[2.56571040255326,43.42289268072817],[2.5912792308945463,43.40275907634],[2.539847679633339,43.34624881474809],[2.616407217367879,43.28944676178823],[2.6937014915490067,43.32047391057966],[2.707367589455557,43.273495500340594],[2.7723182913339954,43.2577387664716],[2.8127287958963727,43.32348908804842],[2.8682748712584765,43.329519442985934],[2.867834029390524,43.382139153005255],[2.8867902297125116,43.3299084981432],[3.0043480611666986,43.320084855422394],[3.015809949733482,43.27631615023073],[3.2009635342738285,43.24917955301189],[3.240492355100299,43.212802895808146],[3.4034568989536673,43.28789054115919],[3.51102231473425,43.273300972761966],[3.6460668736172472,43.38476527531675],[3.7230672532197406,43.40110559192165],[3.9071922067348623,43.51684950120629],[4.101015681344956,43.554393323881804],[4.09881147200519,43.58522594509461],[4.150096075977078,43.58551773646255],[4.19094742240741,43.639207348164334],[4.144659026272324,43.73384501516766],[4.023721407163826,43.80329136073844],[3.9611218619144726,43.80572295547131],[3.9793433257898716,43.84287772298957],[3.9173315696977866,43.88557652649878],[3.806092471684261,43.87789268714291],[3.827105934056698,43.93576464178523],[3.7872832186515915,43.96688905436597],[3.706903051394791,43.96134501837503],[3.6463607681958834,43.90094420521052],[3.6235839383516346,43.91699273044747],[3.577883331373819,43.84385036088272],[3.530713251502826,43.85561927938981],[3.5133734713633338,43.8961782795341],[3.4351975134462975,43.86291406358843],[3.4243234140367864,43.91154595824584],[3.358344081133122,43.91378302540008]]]}},{"id":"feature_79","type":"Feature","properties":{"code":"43","nom":"Haute-Loire"},"geometry":{"type":"Polygon","coordinates":[[[3.897346738350574,45.35708039504274],[3.808296681024027,45.391609040249506],[3.7899282698593115,45.353870689995354],[3.740847875227187,45.35299531589152],[3.679864750160327,45.384119728472264],[3.6185877305148324,45.33762763717978],[3.570682914197249,45.402016265706195],[3.50132379363928,45.427499378506674],[3.419914995357253,45.39715307624045],[3.2955975885944504,45.41806479094314],[3.1680473414666555,45.352217205577006],[3.1035374814561703,45.35435700894193],[3.113823791708411,45.309032083121224],[3.0822301245050987,45.28967658904757],[3.21257237012993,45.28063105664129],[3.235349199974179,45.220035715898156],[3.2723799168822474,45.209142171494896],[3.287956329549928,45.120340331850464],[3.3507028220886,45.10934952365789],[3.2832540162917603,45.10370822387763],[3.314259894337802,45.08493631253987],[3.2972140087769457,45.03601262651451],[3.3698059696999056,45.0005113434146],[3.3612830269194767,44.971332206620154],[3.404485529978892,44.95635358306567],[3.4788408583736654,44.80938799741097],[3.5784711205310895,44.82563105022655],[3.5943414277774046,44.87543011035574],[3.642393191384304,44.87834802403518],[3.666345599543096,44.82874349148462],[3.740700927937869,44.838664397994734],[3.8625202307822715,44.74383220341278],[3.924825881452991,44.76960710758121],[3.945545449246792,44.824366620965456],[4.028276773132676,44.83409299989694],[4.039591714410143,44.87309577941218],[4.156120914839107,44.87329030699081],[4.235913292938637,44.970359568727005],[4.3117380942265875,44.97172126177742],[4.29733725987345,45.016948923808805],[4.381831951231147,45.04155666250546],[4.346417654505574,45.0746263508725],[4.399612573238594,45.10468086177078],[4.376541848815709,45.144364487811224],[4.457362857940463,45.11897863880006],[4.483225580860385,45.236376032503046],[4.436643290146662,45.27265542591748],[4.362581856330523,45.264388003825715],[4.369047537060505,45.30027834208289],[4.332016820152436,45.3180776155275],[4.366549433142103,45.33694679065458],[4.331869872863118,45.36826573081395],[4.177869113658131,45.392581678142655],[4.016080148119304,45.3285821047735],[3.979637220368506,45.37507419606599],[3.908367785049405,45.33325076666061],[3.897346738350574,45.35708039504274]]]}},{"id":"feature_80","type":"Feature","properties":{"code":"44","nom":"Loire-Atlantique"},"geometry":{"type":"Polygon","coordinates":[[[-1.1485292822418112,47.029628516100445],[-1.115466142145321,47.06260094067817],[-1.2478656498206,47.1001447633537],[-1.1632240111735848,47.17785853101624],[-1.1810046331810309,47.240885466492244],[-1.3541085399973225,47.3042041933362],[-1.1676324298531169,47.36596669955111],[-0.9748375862682481,47.37141347175274],[-0.9485340214803735,47.42490855587589],[-0.967490221802362,47.492798680817636],[-1.1571991723115578,47.510111635315674],[-1.1723347431112843,47.57304130700237],[-1.0459600742980326,47.5634121918602],[-1.0068720953395145,47.58908983223931],[-1.1382429719895697,47.619533398294855],[-1.1951115729555335,47.7215631132861],[-1.2544782778398984,47.73372108695045],[-1.2458083877701518,47.77671168182761],[-1.4819526817037523,47.831957514158425],[-1.4685804783758383,47.80589081862205],[-1.5934856742959131,47.77612809909172],[-1.6549096412307263,47.71261484466914],[-1.8640156339298635,47.70697354488888],[-1.9538004277029994,47.672347635892805],[-1.9743730482074824,47.693940197120696],[-2.0969270874984733,47.631399580591264],[-2.098543507680968,47.53403852748713],[-2.155999897804203,47.5220750814014],[-2.163641156848725,47.490561613663395],[-2.2966284536812753,47.516141990253196],[-2.323960649494374,47.4597289924506],[-2.4230031224945274,47.47713921073795],[-2.4585643665094192,47.448154601522134],[-2.434758905639946,47.413236901158115],[-2.5589293651134324,47.37462317680013],[-2.5029424478833753,47.32881193203285],[-2.544234636181659,47.29010094388555],[-2.416537441764547,47.258782003726175],[-2.369808203761507,47.27745665127462],[-2.301771608807396,47.23641133218376],[-2.1872996704288803,47.28066635632201],[-2.167020944503033,47.16618687629846],[-2.2476950063384695,47.13408982582457],[-2.0534306898604235,47.094114408416175],[-1.9803978870695094,47.028947669575246],[-1.8309524938333728,46.93207293541768],[-1.7511601157338426,46.92964134068481],[-1.731028337097313,46.88801243885807],[-1.5485198037646861,46.860097731324714],[-1.5007619347364223,46.883927359706846],[-1.5444052796637897,46.9230274030114],[-1.5201589769263633,46.93907592824835],[-1.5523404332869473,47.01834591653993],[-1.4822465762823875,47.03789593819221],[-1.456089958783831,46.92633437184811],[-1.3651295866961526,46.95697246548227],[-1.3785017900240666,47.03089294536154],[-1.300619726685667,47.03429717798756],[-1.2712302688221202,47.08390171053812],[-1.1485292822418112,47.029628516100445]]]}},{"id":"feature_81","type":"Feature","properties":{"code":"46","nom":"Lot"},"geometry":{"type":"Polygon","coordinates":[[[1.4483232145812028,45.01928325475237],[1.4092352356226847,45.00595811561623],[1.4418575338512225,44.87756991372066],[1.2996125577916544,44.796840968589365],[1.3228302295038565,44.76513297327273],[1.2878567746462357,44.714750330407654],[1.1467873769012105,44.67030077869077],[1.1032909792631607,44.571675296325544],[1.0752240470034735,44.5773165961058],[0.9817655709973936,44.543955116370824],[1.0642030003046434,44.378509410746304],[1.1325334898373898,44.39329350672216],[1.0812488858655005,44.35438799099623],[1.1846997775451857,44.286789657422425],[1.3037270818925517,44.293792650253096],[1.2813910939162554,44.235726168032144],[1.3567750533362535,44.204018172715514],[1.4731573064758994,44.28416353511093],[1.5417816905872819,44.22775053730833],[1.5871884029864622,44.24895404337896],[1.5770490400235389,44.30157375339828],[1.6331829045429131,44.26937943913507],[1.6370035340651743,44.298461312140205],[1.7372215853798698,44.32695960240945],[1.8821116126471562,44.33999295017764],[1.9113541232213853,44.35662505815047],[1.843023633688639,44.482387137734534],[1.89034066084895,44.50582771095941],[1.909884650328208,44.48666674446439],[2.0574197288032146,44.582860632096754],[2.193639866000755,44.58587580956551],[2.207452911196622,44.61554126530653],[2.1301586370154935,44.69841001380276],[2.1715977726030946,44.79003250333732],[2.083723293591089,44.88739355644146],[2.1081165436178333,44.910639602087706],[2.063003725797288,44.97648718745384],[1.951029891337174,44.95314387801828],[1.9082682301457137,44.97843246324014],[1.7748400914452098,44.92367294985589],[1.6299500641779234,45.03348376799233],[1.535756851725255,45.046225324392566],[1.4483232145812028,45.01928325475237]]]}},{"id":"feature_82","type":"Feature","properties":{"code":"49","nom":"Maine-et-Loire"},"geometry":{"type":"Polygon","coordinates":[[[-1.2458083877701518,47.77671168182761],[-1.2544782778398984,47.73372108695045],[-1.1951115729555335,47.7215631132861],[-1.1382429719895697,47.619533398294855],[-1.0068720953395145,47.58908983223931],[-1.0459600742980326,47.5634121918602],[-1.1723347431112843,47.57304130700237],[-1.1571991723115578,47.510111635315674],[-0.967490221802362,47.492798680817636],[-0.9485340214803735,47.42490855587589],[-0.9748375862682481,47.37141347175274],[-1.1676324298531169,47.36596669955111],[-1.3541085399973225,47.3042041933362],[-1.1810046331810309,47.240885466492244],[-1.1632240111735848,47.17785853101624],[-1.2478656498206,47.1001447633537],[-1.115466142145321,47.06260094067817],[-1.1485292822418112,47.029628516100445],[-0.933545397969965,47.00891132897639],[-0.8919593150930458,46.97584164060935],[-0.7876267396774539,47.00521530498243],[-0.5954196852498566,46.99801778457313],[-0.5422247665168367,47.035172552091396],[-0.5594175993670119,47.06192009415297],[-0.4953485812244791,47.0824427536984],[-0.4627262829959422,47.081956434751824],[-0.4762454336131734,47.05443078237573],[-0.18484895889610442,47.10841218544546],[-0.14120561396873743,47.10374352355834],[-0.17853022545544217,47.06979846108747],[-0.1021176350102202,47.064838007832414],[-0.08595343318526893,47.10102013745753],[-0.03569746023860354,47.08633330527099],[-0.01071642105458892,47.15753039904944],[0.053793438955897166,47.16375528156559],[0.07892142542922986,47.28290342347625],[0.18296010626618564,47.3803617403697],[0.15371759569195653,47.3987445965502],[0.2201377704635732,47.50194147701323],[0.1933933638077452,47.53919350832081],[0.2301301861371794,47.60844532631296],[0.18589905205254098,47.61661548461541],[0.1515133863521907,47.581600520462075],[-0.0946233232550151,47.66232946559337],[-0.13503382781739237,47.63256674606304],[-0.19322495438721532,47.64793442477478],[-0.2202632556216786,47.689660590390844],[-0.1816161185311147,47.70609817078505],[-0.19381274354448674,47.72321659770446],[-0.3657410720462364,47.71611634108447],[-0.3816113792925524,47.760565892801345],[-0.5096024682882989,47.78604900560183],[-0.532820140000501,47.75083951386986],[-0.7417791854103211,47.73809795746962],[-0.9520607564239993,47.79655349484783],[-0.9786582157905093,47.762024849641065],[-1.2381671287256295,47.81007316156259],[-1.2458083877701518,47.77671168182761]]]}},{"id":"feature_83","type":"Feature","properties":{"code":"50","nom":"Manche"},"geometry":{"type":"Polygon","coordinates":[[[-1.1195806662462173,49.35559477377514],[-1.177477898237405,49.36493209754936],[-1.1679263244317521,49.408019956215824],[-1.3063506709690587,49.53893701663358],[-1.2962113080061348,49.58319204077182],[-1.2287625022092947,49.607897043257786],[-1.267850481167812,49.69533718985181],[-1.4712255295835575,49.696698882902226],[-1.485920258515331,49.669367758104755],[-1.615233873114938,49.64349559014701],[-1.9421915918468984,49.72558622832872],[-1.9461591686584772,49.674328211359814],[-1.8734202604461982,49.65759883959766],[-1.845206380897193,49.619082379028995],[-1.8410918567962966,49.571714913632675],[-1.8864985691954765,49.52765441707306],[-1.846381959211735,49.49866980785724],[-1.807000085674582,49.37193509038003],[-1.6967896186862808,49.33176514539301],[-1.6316919695185241,49.2142704879007],[-1.5718844227662059,49.22399686683218],[-1.610825454435406,49.21446501547933],[-1.5811421019932235,49.13169353077241],[-1.6105315598567702,49.092982542625116],[-1.5937795688745484,49.022563559161185],[-1.5746764212632431,49.002916273719585],[-1.559246955884881,49.03832029303018],[-1.5094318248061684,49.02694042968035],[-1.5561610628092084,49.02470336252611],[-1.543523595927883,48.931038333415934],[-1.6014208279190707,48.83649793020192],[-1.574529473973925,48.821713834226074],[-1.570268002583711,48.742930164881066],[-1.4452158593743185,48.65500369934046],[-1.3884942056976728,48.68068133971958],[-1.4008377780003625,48.65889425091306],[-1.3573413803623127,48.6355509414775],[-1.5711496863196173,48.62650540907122],[-1.4900347826162275,48.48936346613732],[-1.4290516575493677,48.46261592407574],[-1.3463203336634826,48.471661456482025],[-1.2541843832612627,48.54324760541773],[-1.0702063770354586,48.50852443263234],[-0.8603656478897328,48.50152143980167],[-0.7742545363495399,48.5627003632807],[-0.7422200272782735,48.62728351938574],[-0.7733728526136341,48.65753255786265],[-0.7373707667307885,48.679611438037114],[-0.8491976539015846,48.73077219121671],[-0.8409686056997918,48.752267488655285],[-0.9454481284047018,48.78465633049712],[-1.0587444884686752,48.773373730936605],[-1.1595503289406413,48.826187968534555],[-1.0137786179374482,48.915962446072136],[-1.075496479450897,48.92150648206308],[-1.0565402791289094,48.95846672200271],[-0.9428030771969826,48.96770678198762],[-0.8641862774119939,49.034429741457586],[-0.8916654205144106,49.046295923754],[-0.8784401644758146,49.11710396237519],[-0.9184098271702386,49.10504325250015],[-0.8866692126776075,49.12945646361817],[-0.9585264371539797,49.16126172272412],[-0.9062132021568665,49.21028267253879],[-1.0227424025858305,49.20337694349744],[-1.1358918153604858,49.27039169433535],[-1.1195806662462173,49.35559477377514]]]}},{"id":"feature_84","type":"Feature","properties":{"code":"56","nom":"Morbihan"},"geometry":{"type":"MultiPolygon","coordinates":[[[[-2.88280119076972,47.34262339011555],[-2.885152347398804,47.33221616465887],[-2.86399193773705,47.33746840928187],[-2.8688411982845357,47.34719478821334],[-2.88280119076972,47.34262339011555]]],[[[-3.4218038479871726,47.620019717241426],[-3.429445107031695,47.642293124994524],[-3.513205061942804,47.65094960224354],[-3.461920457970914,47.62040877239869],[-3.4218038479871726,47.620019717241426]]],[[[-2.948045787226795,47.37335874753904],[-2.9496622074092897,47.39154707614091],[-2.9703817752030903,47.3934923519272],[-2.973467668278763,47.38541945741407],[-2.948045787226795,47.37335874753904]]],[[[-3.235474685132284,47.32385147877779],[-3.217253221256885,47.293505176511566],[-3.0864701337641014,47.28309795105488],[-3.063252462051899,47.31509773773946],[-3.244732364359302,47.387656524568314],[-3.2635416173919722,47.35225250525772],[-3.235474685132284,47.32385147877779]]],[[[-2.859583519057518,47.55991069544487],[-2.8378353202384936,47.59191048212944],[-2.844741842836427,47.60134506969298],[-2.853852574774127,47.59414754928368],[-2.859583519057518,47.55991069544487]]],[[[-2.8096214406894884,47.578293551625364],[-2.799335130437247,47.58860351329274],[-2.7868446108452396,47.595411978544774],[-2.8090336515322174,47.5922995372867],[-2.8096214406894884,47.578293551625364]]],[[[-2.2873707744542577,48.13376705240233],[-2.357905473326771,48.1112991170706],[-2.4263829101488352,48.17383973360003],[-2.533654431350782,48.15691583425925],[-2.5139634945822054,48.132502623141235],[-2.5484961075718733,48.07677047186384],[-2.631227431457758,48.035530625194355],[-2.67002151583764,48.047883126437334],[-2.6619394149251647,48.12861207156864],[-2.777586931618222,48.09038740236791],[-2.810356177136077,48.146605872591884],[-2.999918180355955,48.161681759935675],[-3.0143190147090935,48.19757209819285],[-3.0779471909836724,48.21089723732898],[-3.1323176880312347,48.19552955861724],[-3.1395181052078036,48.16372429951129],[-3.272358454751036,48.140089198707784],[-3.336721367472204,48.171116347499215],[-3.4169545874396876,48.14592502606668],[-3.443698994095515,48.185803179685756],[-3.5647835604933285,48.185803179685756],[-3.7154045320440074,48.14222900207271],[-3.731127892001005,48.0962232297268],[-3.694978858828842,48.093499843625985],[-3.6401675199133265,47.98524524611859],[-3.3927082847022607,47.95450988869511],[-3.4034354368224555,47.870182183359155],[-3.4883709700481065,47.82369009206667],[-3.523050530327092,47.84917320486715],[-3.5299570529250257,47.77428008709474],[-3.4528097260332147,47.695399153960416],[-3.387124287708187,47.70191582784451],[-3.2979272830923216,47.768541523525165],[-3.363906615995985,47.70911334825381],[-3.287934867418716,47.70094318995136],[-3.2150490119171193,47.64521103867396],[-3.161119356737511,47.73537457136881],[-3.125998954590572,47.7235083890724],[-3.209758909501681,47.64073690436548],[-3.1398119997864393,47.57965524467578],[-3.1572987272152497,47.527813644970976],[-3.1311421097166927,47.47334592295467],[-3.094405287387259,47.48248871915027],[-3.1330524244778233,47.532968625804656],[-3.130407373270104,47.59599556128067],[-3.0948461292552123,47.56467662112129],[-3.012261752658645,47.58014156362235],[-2.9287956923261715,47.55475571461118],[-2.9765535613544354,47.65863344159941],[-2.939082002578413,47.59405028549437],[-2.8954386576510456,47.58150325667276],[-2.8510605762770895,47.61904707934828],[-2.7577490475603277,47.63208042711646],[-2.7786155626434463,47.61914434313759],[-2.713370966186372,47.594731132019575],[-2.7157221228154556,47.63217769090578],[-2.692357503813936,47.62673091870415],[-2.690006347184852,47.5896734149752],[-2.730563799036547,47.54250047715751],[-2.9099864392935015,47.5529077026142],[-2.8494441560945947,47.49873177196584],[-2.6813364571151057,47.4958138582864],[-2.586849350083802,47.563509455649516],[-2.5599579961386563,47.55115695440653],[-2.621969752230741,47.504664863114044],[-2.4662056255539415,47.51176511973403],[-2.4412245863699265,47.496300177232975],[-2.493684768656358,47.496786496179546],[-2.499121818361114,47.457589189085674],[-2.4585643665094192,47.448154601522134],[-2.4230031224945274,47.47713921073795],[-2.323960649494374,47.4597289924506],[-2.2966284536812753,47.516141990253196],[-2.163641156848725,47.490561613663395],[-2.155999897804203,47.5220750814014],[-2.098543507680968,47.53403852748713],[-2.0969270874984733,47.631399580591264],[-2.1314597004881413,47.72224395981131],[-2.0607780543263106,47.74938055703014],[-2.128079912833833,47.76144126690518],[-2.0357970151422955,47.83234656931569],[-2.055928793778825,47.86823690757286],[-2.108682870643892,47.84849235834195],[-2.0789995182017096,47.91959218833108],[-2.1367498029035796,47.97911762739176],[-2.2819337247495017,47.99098380968816],[-2.2685615214215877,48.03523883382641],[-2.1684904173962103,48.076186889127946],[-2.2522503723073193,48.063250805149075],[-2.2873707744542577,48.13376705240233]]]]}},{"id":"feature_85","type":"Feature","properties":{"code":"59","nom":"Nord"},"geometry":{"type":"MultiPolygon","coordinates":[[[[2.999792695197849,50.1296200091425],[3.072825497988763,50.13117622977154],[3.095602327833012,50.16259243372023],[3.0610697148433452,50.17406956085938],[2.999792695197849,50.1296200091425]]],[[[2.067706039055456,51.00655033360495],[2.1353017921416138,50.964240585253],[2.213477750058649,50.81056379813558],[2.411415748769638,50.766697829154595],[2.340881049897125,50.740922924986165],[2.383495763799268,50.700558452420516],[2.373503348125663,50.67264374488716],[2.739108203948187,50.60932501804321],[2.792450069970525,50.63364096537192],[2.769085450969005,50.6636954762702],[2.809202060952747,50.66933677605046],[2.8697443441516537,50.63111210684973],[2.7890702823162172,50.58306379492821],[2.815667741682727,50.56604263179811],[2.8002382763043654,50.52762343501876],[2.886937177001828,50.537641605318186],[2.8989868547258837,50.50155673948239],[3.008315637978278,50.49280299844405],[3.0163977388907526,50.44212856421103],[3.067094553705372,50.45846888081592],[3.0685640265985494,50.42569098381682],[2.9823059677690384,50.40147230027743],[3.0842873865555465,50.311211503793274],[3.012136267500539,50.26802638133749],[3.133661675766305,50.26627563312983],[3.188326067392504,50.22863454666499],[3.102214955852311,50.16337054403475],[3.134396412212894,50.14323693964658],[3.09574927512233,50.12417323694087],[3.114117686287047,50.0921734502563],[3.0903122254175734,50.05375425347694],[3.1727496547248233,50.012028087860884],[3.3748021775367096,50.0364412989789],[3.49147832525499,50.01883655311292],[3.544967138566646,50.05385151726625],[3.6137384699673465,50.025450490786326],[3.715132099596584,50.06931645976731],[3.8750107503742797,50.036538562768214],[3.88735432267697,50.00969375691732],[3.982282271576226,50.04441692970272],[3.9803719568150946,49.995395979888045],[4.140838396750063,49.97876387191521],[4.162145753701134,50.048988327800515],[4.2279781393154785,50.06639854608787],[4.199764259766473,50.131078965982226],[4.126878404264877,50.13506678134413],[4.150683865134351,50.21307234037462],[4.220630774849592,50.25217238367918],[4.203144047420782,50.274543055221585],[4.162586595569087,50.288938096040184],[4.167582803405891,50.25966169545642],[4.136283030781213,50.25684104556629],[4.1199718816669435,50.30002616802207],[4.027395089396771,50.35750906750713],[3.9004326314262467,50.32755182039817],[3.7474605032464847,50.350895129833724],[3.710429786338416,50.30313860928015],[3.6582634986306193,50.37132052558984],[3.664288337492648,50.45321663619292],[3.613003733520758,50.492511207076106],[3.5008829517713256,50.48725896245311],[3.5193983102253608,50.52285750934233],[3.4739915978261795,50.53355652616696],[3.373773546511485,50.49183036055091],[3.286486856656751,50.52762343501876],[3.2410801442575696,50.65776238512199],[3.2582729771077457,50.70065571620983],[3.1912650131788585,50.72438808080265],[3.150707561327163,50.79013840237947],[2.9582066123209305,50.75346995380778],[2.9108895851606196,50.694528097482994],[2.7956829103355156,50.724582608381276],[2.725736000620273,50.808618522349285],[2.6350695231112304,50.81280086528982],[2.599508279096339,50.8533598654341],[2.5901036525800043,50.91930471458955],[2.6327183664821474,50.94605225665113],[2.573939450755053,51.00353515613619],[2.5463133603633192,51.08844644420803],[2.067706039055456,51.00655033360495]]]]}},{"id":"feature_86","type":"Feature","properties":{"code":"70","nom":"Haute-Sa\u00f4ne"},"geometry":{"type":"Polygon","coordinates":[[[5.884808826372941,47.92610886221517],[5.827940225406978,47.85189659096797],[5.761079208767409,47.85938590274521],[5.745943637967683,47.823592828277356],[5.690250615316261,47.8186323750223],[5.690103668026943,47.68489466471441],[5.596645192020864,47.67176405315691],[5.567255734157316,47.70522279668121],[5.529784175381293,47.672833954839376],[5.406348452354397,47.67341753757526],[5.3741669959938125,47.60455477474037],[5.425892441833655,47.63217769090578],[5.47747094038418,47.60873711768091],[5.486434725032561,47.527035534656456],[5.3766650999122145,47.46468944570565],[5.439264645161568,47.45009987730843],[5.432358122563635,47.392908769191315],[5.49701492986344,47.3901853830905],[5.472180837968741,47.317043013525755],[5.5184692341038275,47.3042041933362],[5.5744561513338855,47.25411334183906],[5.698626610807372,47.26500688624232],[5.893625663732006,47.310818131009604],[5.926982698407132,47.34486045726979],[5.989435296367169,47.327644766561065],[6.113017966683383,47.361395301453314],[6.116691648916328,47.39320056055926],[6.1522528929312195,47.386197567728594],[6.200451603827437,47.42918816260574],[6.242772423150944,47.41401501147263],[6.334320584395893,47.50602655616446],[6.417639697439048,47.521102443508255],[6.470981563461386,47.48715738103738],[6.553565940057954,47.492798680817636],[6.581779819606959,47.53987435484601],[6.646583574196081,47.53530295674822],[6.659955777523994,47.57994703604372],[6.768402877040483,47.5378318152704],[6.807050014131047,47.56282860912431],[6.757675724920288,47.74792160019042],[6.8236550578239505,47.81308833903135],[6.601764650954172,47.94439445460636],[6.478622822505908,47.885549862070896],[6.431746637213552,47.943810871870475],[6.366208146177842,47.96199920047235],[6.205300864374921,47.93204195336338],[6.1316802724267365,48.02376170668726],[6.041160742207012,48.00440621261361],[5.95372710506296,47.937099670407754],[5.929774696904168,47.9387531548261],[5.959604996635669,47.96588975204494],[5.93682816679142,47.97892309981312],[5.884808826372941,47.92610886221517]]]}},{"id":"feature_87","type":"Feature","properties":{"code":"72","nom":"Sarthe"},"geometry":{"type":"Polygon","coordinates":[[[-0.05450671327127399,48.38198424273375],[-0.15619423747914674,48.33879912027797],[-0.14678961096281107,48.20506140997009],[-0.24994660806386104,48.15711036183788],[-0.21644262609941745,48.11373071180347],[-0.2309904077418734,48.05897119841923],[-0.3416417165981285,48.04311720076091],[-0.28154027526717407,47.9538290421699],[-0.39704084467091416,47.925914334636545],[-0.37441096211598346,47.85831600106275],[-0.447884606774851,47.832249305526375],[-0.3882240073118499,47.80530723588617],[-0.3816113792925524,47.760565892801345],[-0.3657410720462364,47.71611634108447],[-0.19381274354448674,47.72321659770446],[-0.1816161185311147,47.70609817078505],[-0.2202632556216786,47.689660590390844],[-0.19322495438721532,47.64793442477478],[-0.13503382781739237,47.63256674606304],[-0.0946233232550151,47.66232946559337],[0.1515133863521907,47.581600520462075],[0.18589905205254098,47.61661548461541],[0.2301301861371794,47.60844532631296],[0.378987790216045,47.569150755429774],[0.40220546192824713,47.579071661939885],[0.3648808504415424,47.620214244820055],[0.38104505226649277,47.639083419947134],[0.44996333095651053,47.61933887071622],[0.614397347703056,47.69423198848864],[0.580452523870659,47.71232305330119],[0.6968347770103058,47.76426191679531],[0.774569893059387,47.83973861730361],[0.7598751641276138,47.89829141847114],[0.817184606961531,47.892455591112245],[0.8120414518354098,47.928929512105306],[0.8456923810891714,47.94147654092692],[0.8415778569882741,48.02969479783546],[0.7964650391677299,48.05274631590308],[0.8429003825921342,48.072685392712614],[0.8142456611751756,48.0988493520383],[0.8411370151203217,48.10312895876815],[0.9115247667035167,48.148842939746125],[0.7976406174822719,48.194459656934775],[0.7378330707299536,48.18911014852246],[0.653191432082938,48.26371147492693],[0.5359274952073854,48.24990001684422],[0.48758183702185054,48.30786923527586],[0.39544588661963065,48.3206107916761],[0.3807511576878575,48.42546115655748],[0.29596257175152463,48.48022066994172],[0.16973485022758972,48.46183781376122],[0.06246332902564333,48.3822760341017],[-0.05450671327127399,48.38198424273375]]]}},{"id":"feature_88","type":"Feature","properties":{"code":"80","nom":"Somme"},"geometry":{"type":"Polygon","coordinates":[[[1.3796988304698203,50.065036853037455],[1.4464128998200723,50.06931645976731],[1.4564053154936776,50.037802992029306],[1.6784426696527754,49.91816853117207],[1.7838038760935913,49.75836412532782],[1.836851847537294,49.74017579672595],[1.8208345930016607,49.722181995702705],[1.849048472550666,49.70165933615728],[1.9332492693297283,49.71965313718052],[2.065354882426372,49.68317921618746],[2.3157530634237924,49.68979315386087],[2.47812981811989,49.62083312723666],[2.5047272774864,49.6395077747851],[2.571441346836652,49.59710076264384],[2.6241954237017184,49.61023137420135],[2.6497642520430045,49.57181217742199],[2.689146125580157,49.62559905291309],[2.799503539857777,49.62063859965803],[2.793625648285067,49.65594535517931],[2.8878188607377346,49.68337374376609],[2.8842921257941097,49.71060760477424],[2.9535042990627627,49.66654710821463],[2.948801985804595,49.69232201238306],[2.9896533322349264,49.708078746252056],[3.0260962599857244,49.680261302508015],[3.062980029604475,49.71255288056054],[3.1183791576772606,49.70593894288713],[3.056955190742448,49.83286818794298],[3.2030207963242763,49.9839188527489],[3.1557037691639653,49.9917972196834],[3.1727496547248233,50.012028087860884],[3.0903122254175734,50.05375425347694],[2.9483611439366424,50.053462462108996],[2.87253634264869,50.020976356477846],[2.857841613716917,50.07738935428044],[2.752480407276101,50.04013732297287],[2.7809881814037416,50.111139889172684],[2.708837062348734,50.128550107460036],[2.7047225382478377,50.08118264206372],[2.5513095682001214,50.14158345522823],[2.5322064205888166,50.11512770453459],[2.476660345226713,50.13701205713043],[2.420820375285973,50.087699315947816],[2.3754136628867935,50.10929187717571],[2.3898144972399313,50.15549217710024],[2.4956165455487005,50.1945922204048],[2.4516793060426973,50.23028803108335],[2.3611597758229728,50.2070419854371],[2.3339745272991914,50.2385554531751],[2.1498495737840697,50.19040987746426],[2.085780555641537,50.20101163049958],[2.065207935137054,50.25586840767314],[1.946180630789689,50.28747913920046],[1.9466214726576423,50.33144237197076],[1.9181136985300018,50.311795086529166],[1.8051112330446637,50.35955160708274],[1.670654463318936,50.3310533168135],[1.641558900034024,50.352159559094815],[1.5557416830724673,50.36130235529041],[1.5379610610650207,50.28271321352403],[1.6837327720682138,50.18301782947634],[1.5123922327237347,50.201692477024785],[1.4539072115752765,50.11036177885816],[1.3796988304698203,50.065036853037455]]]}},{"id":"feature_89","type":"Feature","properties":{"code":"91","nom":"Essonne"},"geometry":{"type":"Polygon","coordinates":[[[2.226556058807928,48.776097117037416],[2.097977180654909,48.73437095142136],[2.097830233365592,48.694006478855705],[2.0112782799574456,48.65976962501689],[2.060211727300251,48.617654404243574],[2.017597013398108,48.557642646236324],[1.9379515825878961,48.56299215464864],[1.9674879877407605,48.53313217132899],[1.9222282226308982,48.45765547082068],[1.930604218122009,48.404160386697534],[1.97659871967846,48.39939446102111],[1.9592589395389677,48.308744609379694],[1.9940854471072704,48.28656846541591],[2.1638095662692542,48.29843464771232],[2.202309756070501,48.34463494763686],[2.246246995576504,48.32994811545032],[2.24521836455128,48.29843464771232],[2.327655793858529,48.333060556708396],[2.402598911410574,48.32070805546542],[2.4737213994403575,48.390543456193456],[2.5345575772178996,48.40425765048685],[2.5047272774864,48.43946714221882],[2.500906647964139,48.54616551909717],[2.571588294125969,48.692061203069414],[2.503551699171858,48.735246325525196],[2.3707113496286256,48.7201704381814],[2.3693888240247656,48.74604260613914],[2.3207492712605955,48.74876599223995],[2.2803387666982182,48.73300925837095],[2.226556058807928,48.776097117037416]]]}},{"id":"feature_90","type":"Feature","properties":{"code":"95","nom":"Val-d'Oise"},"geometry":{"type":"Polygon","coordinates":[[[1.7043053925726968,49.23226428892394],[1.608789654516169,49.07790665528132],[1.7234085401840025,49.0450314944929],[1.8240674333666513,49.07635043465228],[1.8655065689542525,49.057481259525204],[1.8691802511871956,49.01828395243133],[1.908562124724349,49.048046671961664],[2.0247974305746768,48.998733930779046],[2.121341799656429,49.01838121622065],[2.205836491014127,48.94971298096438],[2.2005463885986885,48.90866766187352],[2.290918971529095,48.95097741022547],[2.366449878238411,48.974223455871716],[2.4594675123765377,48.955062489376694],[2.5529259883826168,49.00982200276094],[2.534998419085853,49.023827988422276],[2.5881933378188737,49.0469767702792],[2.5903975471586396,49.07965740348898],[2.5561588287476074,49.11866018300422],[2.489885601265309,49.10640494555056],[2.3109038028763074,49.18645304415666],[2.223029323864302,49.151924398949895],[2.2186209051847694,49.180714480587085],[2.1642504081372076,49.166027648400544],[2.080931295094052,49.20979635359222],[1.8853444530121468,49.162623415774526],[1.7551491546766336,49.17458686186025],[1.7043053925726968,49.23226428892394]]]}},{"id":"feature_91","type":"Feature","properties":{"code":"41","nom":"Loir-et-Cher"},"geometry":{"type":"Polygon","coordinates":[[[0.8411370151203217,48.10312895876815],[0.8142456611751756,48.0988493520383],[0.8429003825921342,48.072685392712614],[0.7964650391677299,48.05274631590308],[0.8415778569882741,48.02969479783546],[0.8456923810891714,47.94147654092692],[0.8120414518354098,47.928929512105306],[0.817184606961531,47.892455591112245],[0.7598751641276138,47.89829141847114],[0.774569893059387,47.83973861730361],[0.6968347770103058,47.76426191679531],[0.580452523870659,47.71232305330119],[0.614397347703056,47.69423198848864],[0.8605340573102627,47.68800710597249],[0.8637668976752524,47.59969158527463],[0.9188721311694028,47.632664009852355],[0.9919049339603179,47.620019717241426],[0.9970480890864382,47.584032115194944],[1.033344069547919,47.607083633262555],[1.0763996253180155,47.56321766428157],[1.045393747271973,47.53150966896494],[1.1323865425480726,47.44650111710378],[1.0852164626770788,47.430063536709575],[1.1235697051890083,47.391936131298166],[1.1081402398106457,47.29846562976662],[1.162069894990255,47.27220440665162],[1.2390702745927475,47.28893377841377],[1.3266508590261177,47.18622321689732],[1.44847016187052,47.2379675528128],[1.5341404315427596,47.221335444839966],[1.526205277919602,47.25294617636728],[1.5923315581125825,47.2766785409601],[1.715620333850163,47.27687306853873],[1.8392030041663778,47.21939016905367],[1.9041537060448164,47.21569414505971],[1.8948960268177997,47.25469692457495],[1.9408905283742506,47.29019820767486],[2.0243565887067243,47.26510415003163],[2.157490832828592,47.299632795238395],[2.101650862887853,47.38678115046448],[2.188937552742587,47.43784463985476],[2.2052487018568554,47.405261270434295],[2.243748891658102,47.41489038557646],[2.2477164684696813,47.49172877913517],[2.198783021126875,47.48706011724806],[2.1956971280512034,47.54862809588435],[2.1313342153300354,47.550281580302695],[2.1195784321846167,47.58296221351248],[2.2391935256892523,47.620992355134575],[2.202603650649136,47.67818346325169],[1.960875359721462,47.65950881570325],[1.8556611005699644,47.68956332660153],[1.7904165041128897,47.63704088037152],[1.739866636587589,47.66155135527886],[1.697251922685446,47.73838974883757],[1.6265702765236156,47.76105221174792],[1.592919347269854,47.72846884232746],[1.5313484330457232,47.82865054532172],[1.588070086722369,47.87650432966461],[1.5254705414730134,47.929124039683934],[1.5648524150101668,47.98981664421638],[1.520033491768257,47.98232733243914],[1.4396533245114558,48.011992788180166],[1.4373021678823727,47.976491505080254],[1.3654449434059996,47.95480168006305],[1.2096808167292012,47.96851587435644],[1.1212185485599244,48.039129385399],[1.112254763911542,48.08075828722575],[0.9958725107718962,48.089025709317504],[1.0387811192526746,48.131724512826715],[0.8411370151203217,48.10312895876815]]]}},{"id":"feature_92","type":"Feature","properties":{"code":"53","nom":"Mayenne"},"geometry":{"type":"Polygon","coordinates":[[[-0.8603656478897328,48.50152143980167],[-1.0702063770354586,48.50852443263234],[-1.082843843916784,48.43304773212404],[-1.045078390562126,48.32771104829608],[-1.1000366767669592,48.25933460440776],[-1.0168645110131207,48.0037253660884],[-1.1539663319465676,47.96588975204494],[-1.2381671287256295,47.81007316156259],[-0.9786582157905093,47.762024849641065],[-0.9520607564239993,47.79655349484783],[-0.7417791854103211,47.73809795746962],[-0.532820140000501,47.75083951386986],[-0.5096024682882989,47.78604900560183],[-0.3816113792925524,47.760565892801345],[-0.3882240073118499,47.80530723588617],[-0.447884606774851,47.832249305526375],[-0.37441096211598346,47.85831600106275],[-0.39704084467091416,47.925914334636545],[-0.28154027526717407,47.9538290421699],[-0.3416417165981285,48.04311720076091],[-0.2309904077418734,48.05897119841923],[-0.21644262609941745,48.11373071180347],[-0.24994660806386104,48.15711036183788],[-0.14678961096281107,48.20506140997009],[-0.15619423747914674,48.33879912027797],[-0.05450671327127399,48.38198424273375],[-0.0518616620635548,48.453278600301516],[-0.14869992572394164,48.45814178976726],[-0.17206454472546184,48.50220228632688],[-0.14458540162304523,48.52778266291668],[-0.20689105229376548,48.56299215464864],[-0.2425992435979749,48.56804987169301],[-0.27154785959356875,48.50745453094988],[-0.32018741235773884,48.52291947345093],[-0.35354444703286436,48.48391669393569],[-0.46228544112798886,48.51270677557288],[-0.6540516536876329,48.444330331684554],[-0.6690402771980422,48.48615376108993],[-0.7573555980780009,48.43654922853937],[-0.8603656478897328,48.50152143980167]]]}},{"id":"feature_93","type":"Feature","properties":{"code":"54","nom":"Meurthe-et-Moselle"},"geometry":{"type":"MultiPolygon","coordinates":[[[[5.455575794275838,49.480967798201945],[5.442056643658606,49.5036302611123],[5.429860018645234,49.48816531861124],[5.449550955413811,49.48476108598522],[5.455575794275838,49.480967798201945]]],[[[5.470858312364882,49.49721085101752],[5.471152206943517,49.42854261576125],[5.505684819933185,49.41939981956566],[5.448669271677904,49.40169780991036],[5.480262938881218,49.38234231583671],[5.634557592664839,49.43749088437822],[5.688046405976495,49.41512021283581],[5.73830237892316,49.3520932773598],[5.7214034406516205,49.32456762498371],[5.768279625943977,49.29976535870843],[5.720962598783666,49.247729231425],[5.732865329218404,49.19520678519499],[5.765487627446941,49.19812469887444],[5.751380687672437,49.11807660026834],[5.817800862444054,49.11107360743767],[5.806926763034541,49.062733504148206],[5.854096842905536,49.042405372181406],[5.804722553694775,48.98346351585662],[5.847778109464873,48.953311741169024],[5.747119216282224,48.91528159954693],[5.791056455788226,48.886686045488375],[5.765046785578987,48.87297185119498],[5.776361726856454,48.79010310269875],[5.714056076185733,48.744583649299415],[5.764605943711034,48.70110673547569],[5.758874999427643,48.6231011764452],[5.803400028090916,48.6250464522315],[5.713321339739144,48.580694164303935],[5.776214779567136,48.5404269555276],[5.765046785578987,48.49656098654661],[5.90567534145606,48.49500476591758],[5.855272421220077,48.409412631320535],[5.9313911170866636,48.43402037001719],[5.908026498085144,48.417582789622976],[5.9616622586861165,48.349887192259864],[6.0770158808005394,48.37974717557951],[6.116691648916328,48.3540695352004],[6.149607841723499,48.4085372572167],[6.232045271030749,48.40026983512494],[6.2870035572355825,48.430227082233905],[6.404120546821817,48.39064071998277],[6.53372805600006,48.43139424770568],[6.583837081657407,48.417290998255034],[6.584865712682632,48.46057338450013],[6.623659797062514,48.473120413321745],[6.644967154013585,48.42808727886898],[6.81527906233284,48.39890814207453],[7.123133633453495,48.51358214967671],[7.079343341236809,48.5364391401657],[6.994554755300477,48.59596457922636],[7.0093964315215675,48.611915840673994],[6.666421458253975,48.67114948836672],[6.658339357341498,48.708109728306354],[6.5541537292152245,48.75411550065227],[6.355040152189694,48.78164115302836],[6.310074281658467,48.82113025149018],[6.338875950364743,48.83406633546905],[6.285534084342405,48.849434014180794],[6.327267114508642,48.905263429247505],[6.043511898836096,48.97753042470842],[6.044981371729273,49.01040558549683],[5.924778489067366,49.09210716852128],[6.005011709034848,49.113991521117114],[5.981500142744011,49.14443508717265],[6.0261721186966035,49.165152274296716],[5.982381826479918,49.19549857656294],[6.029404959061592,49.230513540716274],[6.0064811819280255,49.307935517010876],[5.944028583967988,49.33468305907245],[5.95622520898136,49.36162512871265],[5.911994074896722,49.40772816484788],[5.9424121637854945,49.430390627758236],[5.936681219502102,49.47766082936524],[5.893478716442688,49.49691905964957],[5.775186148541911,49.5626693812264],[5.636761802004605,49.54506463536041],[5.611486868241954,49.50645091100243],[5.556087740169168,49.52930790149141],[5.470858312364882,49.49721085101752]]]]}},{"id":"feature_94","type":"Feature","properties":{"code":"79","nom":"Deux-S\u00e8vres"},"geometry":{"type":"Polygon","coordinates":[[[-0.8919593150930458,46.97584164060935],[-0.8074646237353482,46.91991496175333],[-0.8322987156300456,46.884608206232045],[-0.708862992603148,46.82109495180947],[-0.7273783510571823,46.76769713147563],[-0.6562558630273987,46.70077964442703],[-0.6807960603434609,46.68687092255501],[-0.6375935572840463,46.663527613119456],[-0.6572844940526226,46.63464026769295],[-0.6140819909932089,46.62043975445299],[-0.602032313269155,46.533291399226904],[-0.6450878690392514,46.50858639674094],[-0.6123186235213964,46.45878733661175],[-0.6365649262588224,46.39566313734643],[-0.6101144141816297,46.413754202158984],[-0.537669400547987,46.386520341150835],[-0.6483207094042411,46.31717125936937],[-0.7505960227693844,46.30433243917981],[-0.7514777065052911,46.24509879148708],[-0.6907884760170662,46.21912935974002],[-0.6912293178850195,46.17973752506752],[-0.612906412678667,46.161451932676336],[-0.6199598825659187,46.13771956808352],[-0.5469270797750037,46.1441389781783],[-0.5060757333446739,46.10669241929209],[-0.4224627257228821,46.113306356965495],[-0.3626551789705639,46.07547074292203],[-0.2931491111232756,46.086558814903924],[-0.273017332486746,46.057282414320156],[-0.19395969083380482,46.05222469727579],[-0.102999318746126,45.9696477401475],[-0.041428404521995255,45.99347736852963],[-0.03951808976086468,46.05290554380099],[0.0192608259662288,46.052808280011675],[0.0928814179144144,46.10144017466909],[0.1973609406193244,46.095507083520886],[0.22043166504220846,46.157950436261004],[0.10757614684618755,46.18605967137299],[0.177376109272112,46.32816206756194],[0.12418119053909216,46.34849019952874],[0.07818668898264125,46.305013285705016],[0.015734091022603813,46.32611952798633],[0.03410250218732003,46.37358425717196],[-0.009100000872093617,46.39109173924864],[-0.014683997866167253,46.47512765321664],[-0.043338719283125826,46.47250153090514],[-0.03143598884838905,46.52502397713514],[0.006623359084904301,46.54282325057976],[-0.008071369846869736,46.56762551685504],[0.042625444967749004,46.59126061765854],[-0.011598104790495611,46.61927258898121],[0.0007454675121945087,46.64310221736334],[-0.06582165454873934,46.62287134918586],[0.038217026288217326,46.73161226563983],[-0.022472204200007617,46.7694478796833],[0.00794588468876345,46.81438375034674],[-0.04568987591220974,46.83218302379136],[0.034249449476638105,46.85397011259788],[-0.03555051294928635,46.87488182730056],[-0.009100000872093617,46.90756246051035],[-0.03334630360951962,46.97992671976057],[-0.0862473277639042,46.98537349196221],[-0.1021176350102202,47.064838007832414],[-0.17853022545544217,47.06979846108747],[-0.14120561396873743,47.10374352355834],[-0.18484895889610442,47.10841218544546],[-0.4762454336131734,47.05443078237573],[-0.4627262829959422,47.081956434751824],[-0.4953485812244791,47.0824427536984],[-0.5594175993670119,47.06192009415297],[-0.5422247665168367,47.035172552091396],[-0.5954196852498566,46.99801778457313],[-0.7876267396774539,47.00521530498243],[-0.8919593150930458,46.97584164060935]]]}},{"id":"feature_95","type":"Feature","properties":{"code":"90","nom":"Territoire de Belfort"},"geometry":{"type":"Polygon","coordinates":[[[6.8236550578239505,47.81308833903135],[6.757675724920288,47.74792160019042],[6.807050014131047,47.56282860912431],[6.945474360668353,47.512445966259236],[6.948854148322662,47.48569842419766],[6.907708907313696,47.494549429025305],[6.940625100120869,47.43337050554628],[6.998963173980009,47.45233694446267],[6.983092866733694,47.49338226355353],[7.130334050630063,47.50310864248501],[7.086249863834743,47.59259132865465],[7.006016643867261,47.60251223516476],[7.04628020114032,47.671569525578285],[7.037463363781255,47.721660377075416],[6.863477773229057,47.785173631498],[6.846284940378881,47.82300924554146],[6.8236550578239505,47.81308833903135]]]}}]}