{"type":"FeatureCollection","features":[{"type":"Feature","properties":{"code":"02","nom":"Aisne"},"geometry":{"type":"Polygon","coordinates":[[[3.1556881495132,49.991750609531],[3.230541907493,50.031311385584],[3.3293480229819,50.015985397797],[3.3748529135519,50.03640787562],[3.491357082465,50.018859654652],[3.5448478994272,50.053794847201],[3.6136426641355,50.025414972618],[3.6559364272446,50.032766895838],[3.6657534268377,50.054728589348],[3.715179065814,50.069271974234],[3.7779259836508,50.04598461089],[3.875028793388,50.036565310409],[3.8872950947152,50.009688102532],[3.9823165297208,50.044427671748],[3.9947358775819,50.025531899045],[3.9803763291718,49.995376985087],[4.0871312705912,49.969186662527],[4.1723910913291,49.97708133227],[4.1973605165259,49.954734901799],[4.2330628764399,49.957824711709],[4.2221391301616,49.910422069675],[4.2540638814402,49.904004764573],[4.2485056451169,49.856518172527],[4.2147724033566,49.806110108269],[4.2270460920968,49.793183108192],[4.2095884562322,49.781777002902],[4.2500943395752,49.757098850356],[4.2247072679536,49.727198714419],[4.1270270054568,49.677917606181],[4.1147910874013,49.635304817786],[4.0432501448672,49.6361455878],[4.0252899216328,49.62252962525],[4.0765722336699,49.57112568919],[4.0487683371061,49.545272613584],[4.0738006912951,49.541617642486],[4.0758354322042,49.518345118497],[4.0407061703752,49.50853200863],[4.0423746855064,49.468690509147],[4.0602468457773,49.447151466107],[4.0376689955921,49.438263004999],[4.0502747365168,49.412260783575],[4.0354977852679,49.359905945249],[3.9613104389204,49.377346727516],[3.9244391664348,49.406179032892],[3.8591446800636,49.381351797144],[3.852156449301,49.344654924149],[3.8015158122099,49.358931233427],[3.646957318637,49.315152582535],[3.6383343630554,49.301354552133],[3.65731758003,49.291021541771],[3.6552490233788,49.262847772673],[3.6763725147129,49.23836076616],[3.6516085786612,49.221427253663],[3.6839084510227,49.197534060825],[3.6971034744514,49.205472659609],[3.7043892552675,49.181369443488],[3.7511423125744,49.177699202357],[3.7487678456403,49.157085133246],[3.7016210668145,49.143083232127],[3.6222521277141,49.151105463129],[3.6000114843908,49.120690012831],[3.6390507423115,49.081304273735],[3.5877081614204,49.059394624683],[3.5866997575834,49.035795925017],[3.6639547486924,49.037308063462],[3.6749656325958,49.01172340253],[3.6398926774554,49.00408594583],[3.6206544521613,48.965944000018],[3.5915529898914,48.960375393399],[3.6015957850168,48.944073853473],[3.5744445323994,48.939019123403],[3.5698140355022,48.914705628852],[3.5285709402165,48.912136556763],[3.4619058634763,48.837795469902],[3.4453621334286,48.843227318178],[3.4522351731222,48.856295042236],[3.3804785922907,48.874760520568],[3.3722055688435,48.921684863018],[3.3302940034825,48.908707002968],[3.3047535824542,48.948766966256],[3.2678473977393,48.938330226813],[3.2518324140274,48.972363565032],[3.1610292917102,49.024224133711],[3.1902026447151,49.046494471584],[3.1586170058803,49.080495794822],[3.1652303376546,49.099653555336],[3.0718801833502,49.11755332218],[3.1396565141513,49.152575157098],[3.1444075970975,49.16203222082],[3.1213544037116,49.16156497702],[3.1168545661605,49.189287113624],[3.1027163729533,49.197259135143],[3.0868718810072,49.184455859741],[3.0187891123212,49.216625879159],[3.0004940244253,49.213628237896],[3.0021369671079,49.187948463381],[3.0350745943294,49.183610008704],[3.0377737043933,49.170466926044],[2.9677470468385,49.19164819014],[2.964764519701,49.232581305692],[3.0027814460118,49.235691549882],[3.0216640503059,49.216204659573],[3.0399323397122,49.22616188589],[3.0268892663569,49.275528461066],[3.0376248562025,49.286391219561],[2.9945965377278,49.286553379039],[2.9658317712153,49.321018144109],[3.0747273511678,49.348968273056],[3.0767803399143,49.37126184005],[3.0953847473833,49.37712087468],[3.0937848436209,49.433744170658],[3.162641421643,49.440640583775],[3.1070840899002,49.4682268944],[3.1212851485729,49.493673600223],[3.0963250899051,49.517898051892],[3.1265659892961,49.525832923061],[3.1269766852551,49.573040797596],[3.1398162780798,49.57623493299],[3.0935808403797,49.622546795198],[3.1127647616219,49.631326135242],[3.0977803822632,49.656685783641],[3.1273514963453,49.669560167436],[3.1255335157844,49.696069433869],[3.097868494334,49.766630038579],[3.0613242130166,49.781248445384],[3.0859735751004,49.792013991644],[3.0849494837127,49.817971090003],[3.0570207765314,49.832841513803],[3.0844607531572,49.845704891547],[3.0738011805401,49.875716243718],[3.1201986642742,49.884180430147],[3.1179658743974,49.914273685764],[3.2030417908111,49.983944858799],[3.1556881495132,49.991750609531]],[[2.9902257358935,49.210674578642],[3.0027558359081,49.218836179133],[2.986692959255,49.218744676249],[2.9902257358935,49.210674578642]]]}},{"type":"Feature","properties":{"code":"10","nom":"Aube"},"geometry":{"type":"Polygon","coordinates":[[[3.4275090718968,48.35997574793],[3.4220792964886,48.413341016525],[3.3919585015834,48.424317659764],[3.4064837519344,48.45245201333],[3.3883584814447,48.480409204068],[3.4346387383078,48.490251682592],[3.4053967325678,48.528014902933],[3.4796007670225,48.544709319952],[3.4655215727904,48.570484758136],[3.5158639136582,48.589782150903],[3.5038548704771,48.604807329745],[3.555613758785,48.620285576065],[3.5825908612546,48.585460442144],[3.6277119530337,48.575651578852],[3.6436337985267,48.536259310367],[3.7308793763501,48.537466056167],[3.8227434690573,48.516108006569],[3.8607919136421,48.533881448292],[3.8542522481108,48.577217582885],[3.9000598866521,48.574841427631],[3.9084175961476,48.601748446727],[3.9492334056715,48.603429775124],[3.9864667097568,48.655065441589],[4.0559095644888,48.667079455181],[4.0802597224157,48.701069005389],[4.1310882168837,48.686150324648],[4.1663812775746,48.707450693316],[4.2954502821302,48.71316787475],[4.325595348106,48.700276115124],[4.3337403788619,48.677131749929],[4.3213683561975,48.646557197418],[4.3317535766786,48.630271825369],[4.3159081092834,48.615575295825],[4.4030698243769,48.561257615364],[4.5128701947233,48.546205419913],[4.5454110284704,48.525251319435],[4.558952067243,48.543423837159],[4.614026636402,48.553807130722],[4.6664723305305,48.537848153413],[4.6764590707999,48.51915350384],[4.6534621243174,48.470552171278],[4.6268310932286,48.468076675502],[4.6703471289995,48.445806459269],[4.7161010006502,48.394852352273],[4.7601875463212,48.387613359286],[4.7547237556079,48.366678135197],[4.8413463624966,48.33955694951],[4.8142122475715,48.323012708298],[4.8508437809167,48.296248449436],[4.8538598270306,48.228760631994],[4.8352494219065,48.221060786024],[4.863174195777,48.201977664765],[4.8354546176062,48.161726961473],[4.8500985100978,48.141757077316],[4.8292931885425,48.129605655891],[4.8356166412878,48.108554335428],[4.7306077491836,48.118209937253],[4.70448915836,48.088648110098],[4.6630026548561,48.076568913128],[4.7231559379207,48.045761135825],[4.7042329730873,48.020235152969],[4.5826732520974,48.029462774305],[4.5358174351871,48.001208262],[4.5552078832713,47.985773515235],[4.5533088051577,47.967682340931],[4.3090008707807,47.961170613198],[4.293421363566,47.925673564836],[4.2481126500816,47.929257212053],[4.2221403072235,47.949693241055],[4.2284618067273,47.969156456849],[4.2127809206222,47.971725942982],[4.1991540335482,47.96994144352],[4.201887052952,47.94115816132],[4.1663202417186,47.959799899508],[4.111781787339,47.926998395128],[4.0612633895691,47.945564277098],[4.0435079889664,47.928107993449],[4.0055897042792,47.942010075901],[3.8940363766278,47.929291041133],[3.9146958839434,47.975696995879],[3.885413743137,48.00032841816],[3.8783021550775,47.979419574124],[3.8500279607807,47.983791517043],[3.8398152772889,48.003890008543],[3.8700007142194,48.002599720655],[3.8706144760895,48.015633804416],[3.8219783557759,48.043916868834],[3.82635868236,48.063603655356],[3.7985814686078,48.086366869837],[3.8049696872895,48.102546851574],[3.7680208404533,48.1337610774],[3.7397131881194,48.13275416124],[3.7519004546533,48.161296410098],[3.7184640557735,48.175364157847],[3.7223449458636,48.156837755739],[3.7050157631116,48.144314849936],[3.6678669028091,48.139211019047],[3.6318850111199,48.189390079748],[3.5941772424762,48.178873395497],[3.5751823496995,48.188742267274],[3.6216106602921,48.225744034142],[3.6000799784034,48.237038015917],[3.6243226631674,48.254526756748],[3.6168016799253,48.271343511852],[3.5777963307254,48.284593393925],[3.5879641370453,48.300806415009],[3.5440725252239,48.319671593536],[3.5451019683919,48.334543016882],[3.4981541228456,48.369098088724],[3.4525885512991,48.374388436099],[3.4275090718968,48.35997574793]]]}},{"type":"Feature","properties":{"code":"14","nom":"Calvados"},"geometry":{"type":"Polygon","coordinates":[[[-1.1196198636379,49.355568981262],[-1.0782159992234,49.388493551822],[-0.93938187284516,49.39504140049],[-0.85116019900865,49.362545824867],[-0.75879493262363,49.349989308157],[-0.39661087301599,49.333003019991],[-0.22569484520744,49.281819588113],[-0.087163331120361,49.297906717769],[0.0040210484147169,49.327780217617],[0.12974714895673,49.402984487336],[0.29722451460974,49.429859840723],[0.30171495288459,49.371306288931],[0.32342530221557,49.34064105785],[0.29815375911751,49.31441039187],[0.32301639746411,49.296990615639],[0.30899424244078,49.283211083763],[0.34456630039903,49.295323299626],[0.38391220613638,49.28554046475],[0.3827798797512,49.264016325866],[0.32602069862327,49.243848657902],[0.3947248164373,49.208444970872],[0.38589506777489,49.154052169189],[0.42680057879681,49.142505589649],[0.39971762035569,49.10053703168],[0.41801317491927,49.073857705229],[0.38687315179178,49.074428646402],[0.36710189915104,49.052400965803],[0.44627431224134,49.014965324445],[0.4128104390395,48.950626279328],[0.37731127535648,48.972557592954],[0.33376875208518,48.942878978029],[0.26305866812457,48.964738440602],[0.24219788957427,48.944479382252],[0.15647058216308,48.924791081169],[0.12760483049428,48.952219904035],[0.08072156246746,48.937982294807],[0.056397941661387,48.902464937324],[-0.030670007144589,48.873875022828],[-0.064951500120938,48.843876035026],[-0.14634831603259,48.834445361701],[-0.13795704824172,48.819284867311],[-0.20440370993563,48.846439520008],[-0.3059276101914,48.858302472146],[-0.3285658327644,48.857284809069],[-0.34624167639838,48.821996521333],[-0.43283305716342,48.874555864698],[-0.57109680421828,48.830168192928],[-0.64541589959203,48.827214099453],[-0.64321988620605,48.840678388106],[-0.69808599922195,48.843600554779],[-0.68216886558739,48.821835101496],[-0.78062135391124,48.786653395386],[-0.81863751879145,48.754801587094],[-0.88440205541888,48.756990387555],[-0.94544441248664,48.784659596649],[-1.0587396460307,48.773348161227],[-1.1003652053547,48.789674356188],[-1.1023003567829,48.814263957252],[-1.1535636085327,48.82219908382],[-1.1553830397846,48.836458793132],[-1.0985223309161,48.876085328616],[-1.0711778612927,48.870286148434],[-1.0137364005261,48.915956453501],[-1.0226211199025,48.927085647197],[-1.0755194629225,48.921508411991],[-1.0565254473082,48.958444860029],[-0.99989884101366,48.949851065815],[-0.94272995383286,48.967706984878],[-0.86415044765934,49.034443715562],[-0.89165406184456,49.046294477679],[-0.86909257922002,49.067901172753],[-0.87845403715793,49.117103390716],[-0.91831266671293,49.104996360271],[-0.88659533008778,49.129429507194],[-0.95853549196422,49.161275765491],[-0.9265375261167,49.164211141303],[-0.90623307934633,49.210246263522],[-0.93236757629277,49.218052232902],[-0.97546102084932,49.192158499386],[-1.0226746076439,49.203388961893],[-1.1359174141965,49.270327053301],[-1.139541028092,49.309870906862],[-1.1134683084454,49.32794259286],[-1.1196198636379,49.355568981262]]]}},{"type":"Feature","properties":{"code":"15","nom":"Cantal"},"geometry":{"type":"Polygon","coordinates":[[[2.5084125130653,45.478501516921],[2.5439644302012,45.478981170304],[2.5358970743575,45.458079509752],[2.5672426391961,45.464362241387],[2.5903809064644,45.450053215627],[2.6223003491009,45.468508742321],[2.6246720210042,45.444977466593],[2.6884626875256,45.437688088975],[2.6807334465205,45.407169426605],[2.7148508522915,45.381555103256],[2.814891870243,45.40096363738],[2.8677290396958,45.376075172391],[2.8819725221573,45.383653077697],[2.9215506466252,45.365775113903],[2.9486247554478,45.309121333078],[3.0020295632398,45.290169884137],[3.0585633104717,45.306568657606],[3.0602659894023,45.330587028732],[3.1035006854512,45.3543721973],[3.1134170784877,45.327179037948],[3.0906259135448,45.322941615477],[3.1138141353708,45.309094157134],[3.0822533822787,45.289688544009],[3.1597095041841,45.295152377879],[3.1677609638906,45.270173275741],[3.212582002963,45.280633967095],[3.2353557133346,45.220087359774],[3.2724807359217,45.209183446862],[3.2624392836968,45.168271591934],[3.2880281118685,45.120420821148],[3.3507814869451,45.109389356926],[3.3257877003029,45.095136110288],[3.2833105792233,45.103764571827],[3.2874533238806,45.089020664877],[3.3142746628813,45.085018914722],[3.2972465044248,45.036076897709],[3.3105771648058,45.021342574102],[3.3371714464095,45.025342171262],[3.3249714515026,45.009790053743],[3.3699091459722,45.000582005192],[3.3467980934789,44.987464025416],[3.3613476310625,44.971408091786],[3.3545315434466,44.9548199209],[3.2860179111885,44.926382028761],[3.2595403854401,44.942429341236],[3.245167534381,44.93480347612],[3.2496887102206,44.916235200562],[3.2278135177439,44.909928387989],[3.2252942367053,44.882045162686],[3.1823170380273,44.863735423357],[3.1410977876348,44.903315197313],[3.1054945101096,44.886774806731],[3.0994806863618,44.833584813393],[3.0714754944234,44.834124974928],[3.0768587089093,44.824410436955],[3.0457487033386,44.799052030765],[3.028416597051,44.73255744411],[3.0391236076168,44.714995724501],[3.0160122019676,44.713692453341],[2.981675726654,44.644673011362],[2.9392865668235,44.677756455026],[2.9232670003911,44.728642526112],[2.9335256868255,44.750101514437],[2.9172495539886,44.756714098966],[2.9345177106412,44.779201871895],[2.920189595566,44.794308778558],[2.8897062556822,44.788417083385],[2.8596736604077,44.874465473337],[2.801957650579,44.873625756087],[2.772707056045,44.855545795389],[2.776087665079,44.908963934931],[2.738258109046,44.941219492647],[2.6026823497168,44.843163111324],[2.5993613568997,44.792806185507],[2.5627129322914,44.775756861827],[2.556122557476,44.721283990134],[2.4989152190022,44.687020949858],[2.4831874702259,44.650342597738],[2.3485386057121,44.641480228035],[2.3267908312388,44.669693386939],[2.2286252203003,44.655106676519],[2.2084152778134,44.643842310283],[2.2198705673093,44.623646052351],[2.2074728028173,44.61552895784],[2.1694164789558,44.638069782843],[2.1791523780579,44.674446124105],[2.1552964923022,44.70023944349],[2.1301318075949,44.698486086307],[2.1522238006118,44.736723151663],[2.1493997719958,44.769790512407],[2.1667022088341,44.772651831571],[2.1658208187006,44.812904212621],[2.0837359232769,44.887424173789],[2.1081047030139,44.910638688547],[2.0786238601329,44.932494333995],[2.0629079799591,44.9765045515],[2.1381513494782,44.992811832821],[2.0951568732001,45.056033465741],[2.1456535641311,45.085592171697],[2.1717594845165,45.081496802672],[2.1787905007908,45.136297935946],[2.2335857511761,45.167181650239],[2.2011879889027,45.181494229499],[2.1953636990438,45.220851418291],[2.3177397642658,45.322963729764],[2.3593793404283,45.335790299537],[2.3513461420151,45.348610937353],[2.3682726042671,45.388621392102],[2.3551307955913,45.415027972839],[2.4778316883062,45.370410647653],[2.5227321270438,45.382084686424],[2.5220338520841,45.402237812322],[2.487471709413,45.418842030111],[2.5084125130653,45.478501516921]]]}},{"type":"Feature","properties":{"code":"28","nom":"Eure-et-Loir"},"geometry":{"type":"Polygon","coordinates":[[[0.8148247207739,48.670163564137],[0.88836808739528,48.718920532577],[0.92119872414556,48.709175212814],[1.0316499412576,48.730581545643],[1.0590712054157,48.756765184439],[1.1126577960236,48.751863710692],[1.1213959532999,48.789195509733],[1.223526519249,48.758056658402],[1.246023632927,48.769675823998],[1.2545465453882,48.758629272206],[1.3329054445301,48.762612355286],[1.3744255946955,48.782613836125],[1.3621823366519,48.834179921179],[1.4653628424762,48.877601417126],[1.4479593034805,48.924639965044],[1.5015266013113,48.941051842112],[1.5128954188837,48.922585369837],[1.5386177797921,48.921794692396],[1.5595079054893,48.882055273516],[1.5462328761118,48.872431616391],[1.5951919881928,48.839707334891],[1.5756742997058,48.790504096814],[1.5849045861802,48.763296867942],[1.6264035004424,48.748091646614],[1.5795403954022,48.701811808781],[1.611774872468,48.689473861848],[1.6024917313048,48.663765432374],[1.6431906740267,48.651291198129],[1.6662229993646,48.613704063337],[1.7148984609516,48.614392276576],[1.7092486767776,48.578026100992],[1.7872423006556,48.553746336139],[1.7786170432038,48.508131705459],[1.8014512893542,48.466086215218],[1.8363839553347,48.466477806902],[1.8774887068591,48.440613561663],[1.9064076592587,48.440146719021],[1.9221462784913,48.457599361977],[1.9428970138616,48.441083787001],[1.9305611178719,48.404126689728],[1.9765710225943,48.399385315775],[1.966381938603,48.38158815854],[1.9868237281778,48.362141015776],[1.9733953665973,48.352974683353],[1.9823432207772,48.328312555088],[1.959225976988,48.308685064463],[1.9940901445311,48.286584124472],[1.9620649748347,48.239631547157],[1.9776716043689,48.201286202611],[1.9572597779247,48.203598595549],[1.9514590226977,48.189583913554],[1.9709649986332,48.171066799092],[1.9142642906099,48.167458737772],[1.913003919191,48.130978360693],[1.865673925296,48.083858124348],[1.8015345857878,48.089428497495],[1.7979715398442,48.076867371023],[1.7448338369731,48.06614524936],[1.6556744513311,48.076172953254],[1.6245969691677,48.067220090739],[1.594119689523,48.030699968818],[1.545309570089,48.044589454599],[1.5470770086942,48.029583279667],[1.5129691249084,48.02871899692],[1.5266726944869,48.007268352834],[1.5201239288128,47.982274877947],[1.4396507125902,48.011948352447],[1.4372396921872,47.976496003088],[1.3869437457769,47.981278643463],[1.3654467424096,47.954742350646],[1.3461734269522,47.96510327364],[1.3086295485933,47.953852019595],[1.2995800371183,47.968162406715],[1.2682429066838,47.961539855732],[1.23681790535,47.978786770626],[1.1914910887426,47.97196645317],[1.2026239491606,47.977380600309],[1.1666237189768,48.02739081669],[1.1212375728931,48.039115084086],[1.1122373595415,48.080729190483],[0.99582229412804,48.088965411212],[1.0456237157271,48.117628433242],[1.0387317998475,48.131649399394],[0.99732449699185,48.127497016586],[0.95027967602923,48.099272840487],[0.9440254583075,48.112374564256],[0.84121734187884,48.103059710788],[0.852575219489,48.133602174445],[0.91379809767445,48.135125048448],[0.91161206421963,48.148858532659],[0.79562670501545,48.188043105362],[0.83048365574563,48.210708729507],[0.78758977714986,48.261313612339],[0.79341825616719,48.293008635712],[0.76219430247254,48.306876639515],[0.78542500970172,48.340430711536],[0.9149193773197,48.374324097325],[0.9762713097259,48.439081867809],[0.93571270291242,48.475553807957],[0.95629262450835,48.482279378048],[0.94155894503993,48.498694713572],[0.96655146260943,48.522741687979],[0.922603461355,48.537716017396],[0.93876307137649,48.550558547099],[0.92638981194521,48.559394233279],[0.86767573670944,48.573488250275],[0.8465873876382,48.604782622076],[0.81963618816719,48.609871113214],[0.83140562696703,48.633774446005],[0.8148247207739,48.670163564137]]]}},{"type":"Feature","properties":{"code":"35","nom":"Ille-et-Vilaine"},"geometry":{"type":"MultiPolygon","coordinates":[[[[-1.9946685652283,48.578424268262],[-2.0462102621812,48.54401497855],[-2.0448005646409,48.564199345405],[-2.1233206778661,48.589010661057],[-2.1503248031597,48.627053106726],[-2.1151461030982,48.640574814888],[-2.0486923175112,48.636979345527],[-2.0550978778787,48.627308162871],[-2.0302658489221,48.6230402789],[-2.033552700515,48.609450561797],[-1.9946685652283,48.578424268262]]],[[[-1.9248689155491,48.542337018042],[-1.9689408101185,48.539138345101],[-1.9630715571236,48.555935046598],[-1.9819961816246,48.573998865405],[-1.9812825658863,48.586178667101],[-1.9541860424982,48.578971353192],[-2.0110006809827,48.604725563563],[-2.0023941362904,48.613055635525],[-2.028955958438,48.646918475376],[-1.995234996379,48.660138273521],[-1.9849669305136,48.681290529268],[-1.8561321209073,48.704854504824],[-1.8371380899061,48.679159712785],[-1.8716628360703,48.64740579596],[-1.8221188983634,48.610007750763],[-1.7017734211771,48.607233355175],[-1.5710894380361,48.626441149011],[-1.5189218496777,48.56659037005],[-1.5332855375208,48.548003700235],[-1.4899417997599,48.489372357681],[-1.4492603238973,48.486102161685],[-1.429135838213,48.462552562467],[-1.3463506846745,48.471670546758],[-1.3263369028651,48.498742404871],[-1.2792034941015,48.509166405754],[-1.254274261097,48.543267861594],[-1.0701643748629,48.508492017418],[-1.0782957929126,48.481154857966],[-1.0654330620157,48.451695678779],[-1.0827926455739,48.433057379747],[-1.053937234376,48.383986913354],[-1.0646292178107,48.368281337083],[-1.0450195990474,48.32772872854],[-1.0820920155689,48.298391604095],[-1.1000554557338,48.25927761239],[-1.0496111794277,48.089801151393],[-1.0232901182126,48.068911872714],[-1.033830641773,48.05209341916],[-1.021259621245,47.994939309553],[-1.1228021186321,47.986671335599],[-1.1539896711831,47.96581664419],[-1.1762242926663,47.897399695909],[-1.1966306275523,47.889267731968],[-1.1891865993477,47.867976952617],[-1.222737283795,47.852599843541],[-1.2206362424472,47.820389620636],[-1.2327236903989,47.820244561296],[-1.2458850128779,47.776717450948],[-1.3528652871869,47.797688995885],[-1.3904289319245,47.828276258082],[-1.4818132504128,47.831893536154],[-1.4684440000216,47.8059033883],[-1.5934046637562,47.776049297939],[-1.6548173400684,47.712589314425],[-1.7133831145586,47.699308113335],[-1.8640156728505,47.706980966313],[-1.9538162196423,47.672268062701],[-1.9743811536912,47.693936715593],[-2.0970339249479,47.631356309182],[-2.1314707538757,47.722240320619],[-2.0587066183582,47.738252293297],[-2.0607591270552,47.74930009798],[-2.1281904903395,47.761376495367],[-2.0722637386177,47.790436610757],[-2.0675461006082,47.8132690401],[-2.0357552590146,47.832300691003],[-2.0559308187502,47.868247240806],[-2.0901567411003,47.843759080606],[-2.1087497149234,47.848456505838],[-2.0973437025111,47.864834365215],[-2.1120117364518,47.8918547475],[-2.0790902252501,47.919526032935],[-2.1368695680738,47.979118421446],[-2.2395885283037,47.99946545839],[-2.2817928808654,47.990960728676],[-2.2686124960674,48.035169047477],[-2.2418773650688,48.052836855884],[-2.1937224368739,48.05137685593],[-2.1684835856701,48.076205340153],[-2.220490188337,48.079702639699],[-2.2523228001164,48.063237453261],[-2.2555468160419,48.109432687524],[-2.2872742268268,48.133743948459],[-2.2711081340086,48.150412972357],[-2.2358933261238,48.144810125141],[-2.248403953552,48.159026949652],[-2.224740280576,48.170599593318],[-2.2280775916469,48.210549869785],[-2.1902347220064,48.208457068018],[-2.1869669777642,48.24638192508],[-2.1101233130599,48.252906899023],[-2.0955430005434,48.266588123333],[-2.1104651300822,48.27505708951],[-2.0532895985844,48.29832528273],[-2.0140966645446,48.279533876954],[-1.9781518094212,48.301587065464],[-1.9580493030671,48.293119482067],[-1.9668942885573,48.342815503446],[-1.9306142175588,48.350129614504],[-1.9475264159554,48.36840917384],[-1.9299746133222,48.394787269034],[-1.9486321533248,48.446457052298],[-1.9089921410274,48.481553778436],[-1.9248689155491,48.542337018042]]]]}},{"type":"Feature","properties":{"code":"39","nom":"Jura"},"geometry":{"type":"Polygon","coordinates":[[[5.5185372800929,47.304183948833],[5.5744646217084,47.254058031035],[5.6423010293029,47.256186141259],[5.6759872373979,47.275744771312],[5.6987272452696,47.265000343118],[5.7398278721209,47.201038563789],[5.7543562182361,47.20614572363],[5.811472582346,47.169050988739],[5.827306328055,47.14254911162],[5.7685434263991,47.089434266457],[5.7847160202443,47.054913241204],[5.7369607236255,47.049807327539],[5.7527262522254,47.039795055844],[5.740849651432,47.031142758696],[5.7495148138703,47.017244251927],[5.7876490641526,47.020606883184],[5.8158126764714,47.045781800815],[5.8286441496403,47.012164289689],[5.968563083074,46.980447122058],[5.9797832488435,46.963475945672],[5.9640762528681,46.948078452327],[5.9967921639228,46.933125372159],[5.9856936195365,46.906145471864],[6.0084286313536,46.895557865571],[6.0057824486729,46.873054533872],[6.0327205442291,46.870907067247],[6.0242086777367,46.855468333834],[6.1056795866935,46.845204396114],[6.2033299339615,46.772681384866],[6.1802695893085,46.741573475312],[6.0698260174554,46.68952765456],[6.1037735049255,46.649817333346],[6.048568006745,46.607719222344],[6.1528479944668,46.536134657174],[6.0739298928675,46.463949535302],[6.0858348949625,46.440994445768],[6.064005627331,46.416222559892],[5.8702488945181,46.265305590806],[5.7251818400017,46.260731935709],[5.714721806193,46.308772354673],[5.6529045876259,46.323214774673],[5.6419584041921,46.342028332374],[5.5420340189851,46.270203795698],[5.4730515403718,46.265066548043],[5.4568426743662,46.274473574235],[5.4669175767252,46.323267248222],[5.4377949533958,46.315109371064],[5.4278984240109,46.342210714821],[5.4046508439018,46.310338173994],[5.4042931339536,46.332813029221],[5.362996992744,46.370926983475],[5.3770431289975,46.381355482485],[5.3076872001929,46.416819197974],[5.3233470518352,46.462506037791],[5.4157407818816,46.473142287102],[5.4195457769452,46.502301459279],[5.359197282296,46.522558128915],[5.3621183709734,46.577266498184],[5.3976477370739,46.579829483685],[5.4134417713639,46.60042718918],[5.3985819483749,46.612532369876],[5.4411065155678,46.637538242564],[5.4154976516957,46.654978931388],[5.4220848047125,46.673033412338],[5.3953606617938,46.685052412753],[5.4077513434675,46.695884065976],[5.3910888917579,46.728698245923],[5.3612646423948,46.731562182096],[5.3902478807842,46.770586580904],[5.3401395358873,46.790820312845],[5.3285848429923,46.812954827447],[5.4622983197648,46.838687292645],[5.4592877768562,46.855245657553],[5.4018235507818,46.868321978157],[5.4038429343802,46.8895159374],[5.328668893399,46.89427196578],[5.3084905287746,46.937356553152],[5.2632632275105,46.935908986811],[5.2552323566327,46.97988727181],[5.3100551650812,47.018024391224],[5.2753306362771,47.026929459444],[5.2829162271068,47.045235150189],[5.3221915911089,47.072984795346],[5.3860185078759,47.081977874128],[5.4087066418684,47.126073355091],[5.4399772978447,47.144398007823],[5.4592047704778,47.183435455006],[5.4457479059859,47.199576602968],[5.4766297124338,47.216024943562],[5.4882803585045,47.289348426854],[5.5047334725938,47.285657287521],[5.5185372800929,47.304183948833]]]}},{"type":"Feature","properties":{"code":"40","nom":"Landes"},"geometry":{"type":"Polygon","coordinates":[[[-1.253891222702,44.4676023661],[-1.1064937386386,44.502776393766],[-1.0851653037793,44.532195517275],[-1.0266322776735,44.507125804732],[-0.98773451899223,44.50830163679],[-0.98069956650209,44.482879743899],[-1.0291608887845,44.422698057254],[-0.91916781947707,44.44334265377],[-0.81732088301594,44.420355607201],[-0.7297300625887,44.44819829522],[-0.68193304268744,44.44410640147],[-0.67602939990072,44.457335453756],[-0.62877226637636,44.443190607827],[-0.62764253659841,44.398144928692],[-0.52810065622233,44.36465502296],[-0.51763677862963,44.33911198566],[-0.43184427971363,44.322572401547],[-0.43055425810778,44.303197247509],[-0.38338244369272,44.28631351989],[-0.38961480789413,44.209483805167],[-0.27211613275808,44.193811119459],[-0.22344689401412,44.205894666457],[-0.22600423316361,44.264780559078],[-0.19411725898218,44.269043048465],[-0.14068987994571,44.226407410087],[-0.12915186861195,44.152407302012],[-0.0042360907976178,44.149994948769],[0.03459374998392,44.130654202294],[0.13510329225982,44.124220572908],[0.060601939796586,44.024928226919],[0.076043349292038,43.983138573142],[0.055307282518792,43.957963073751],[0.07664444687609,43.916470177201],[0.059162622123353,43.897893022976],[-0.013582447289478,43.923649897266],[0.0067349635456505,43.953740495039],[-0.036164948567139,43.983735934778],[-0.046527042815464,43.96103952555],[-0.098329558338237,43.942427984825],[-0.10225702569033,43.927416125055],[-0.12594278448243,43.944421563926],[-0.16562386692845,43.927613195924],[-0.17911005329495,43.937915232082],[-0.22763125359284,43.91098862727],[-0.23393612239966,43.89106512629],[-0.19099207269451,43.875181537803],[-0.20890830935508,43.857673133295],[-0.18812879425044,43.832561081629],[-0.1924617341874,43.810177903112],[-0.22713966573848,43.808271178562],[-0.2079131727813,43.760637827854],[-0.21894685864266,43.750867558794],[-0.19413824181548,43.737015033058],[-0.2466519035345,43.710665978321],[-0.23910090516212,43.693946573483],[-0.2558968586296,43.679785947966],[-0.23973638497448,43.671241337499],[-0.24316590125334,43.654503914277],[-0.26375883992318,43.635925825532],[-0.28211623210758,43.643073606308],[-0.27771465346131,43.616200527152],[-0.24720389403099,43.615953419221],[-0.25464414089565,43.597079809878],[-0.24283300101136,43.584979016847],[-0.27639878289495,43.584757375032],[-0.33596232349939,43.550854218394],[-0.40603700249402,43.568225793838],[-0.45203283532481,43.550437447846],[-0.46343337473017,43.566591187727],[-0.43177477127389,43.586329386204],[-0.44828752670584,43.596092979229],[-0.55716948921661,43.542797337202],[-0.56707553935391,43.558215434064],[-0.61540683919424,43.538593241598],[-0.65828413899537,43.560563803045],[-0.64318640735324,43.574382351643],[-0.70754926487636,43.557056799782],[-0.71538850529851,43.541111448682],[-0.76827845568514,43.579485229847],[-0.8428108491379,43.543414990067],[-0.9933158275928,43.53975988063],[-0.99338967006359,43.505385487649],[-1.0689958539289,43.508450037933],[-1.0808322166668,43.522864721293],[-1.1475771656484,43.487949116697],[-1.1700585048391,43.493509086399],[-1.1652255750741,43.508212943175],[-1.1330248441299,43.520785769377],[-1.1708199002333,43.545608985466],[-1.291185807586,43.498202631439],[-1.4177765658159,43.497766825248],[-1.4766158822802,43.53918061625],[-1.524870110434,43.52969939564],[-1.4482076265277,43.642275007226],[-1.3123263437187,44.144797833947],[-1.253891222702,44.4676023661]]]}},{"type":"Feature","properties":{"code":"42","nom":"Loire"},"geometry":{"type":"Polygon","coordinates":[[[3.899538631706,46.275908099459],[3.9076581109201,46.242456213516],[3.890130972164,46.214487049905],[3.9725466394127,46.202707514639],[3.9887880883959,46.169805261207],[4.1040867377072,46.198391359055],[4.1324158349304,46.177826358374],[4.1884438149961,46.175128955988],[4.1854551738783,46.190162130834],[4.207903434232,46.194833150686],[4.2246872961743,46.177995338767],[4.2525000565082,46.187922148658],[4.2520302327293,46.157916681311],[4.2824944900944,46.156946471815],[4.3270887031684,46.184790131282],[4.3648481141165,46.183579311067],[4.3631781812533,46.200537276046],[4.3880744564659,46.219790380732],[4.4218122058978,46.208599447092],[4.3959933191533,46.189137102955],[4.4385869916472,46.16787797859],[4.421942123828,46.142446470167],[4.3802731178293,46.150002449909],[4.3215705432747,46.129223594176],[4.2970729797104,46.063367890941],[4.25428598242,46.052728453285],[4.2779133191973,46.022570733364],[4.3060931313608,46.021227299478],[4.3005636506591,45.991309437399],[4.243469905983,45.997155157363],[4.3437483577496,45.931115680498],[4.3239325275487,45.900497659693],[4.3421582115897,45.877180049661],[4.3937657765842,45.865177816896],[4.3762210046271,45.824638493705],[4.3884958699132,45.806032530629],[4.3493594526122,45.771303606196],[4.3648245203449,45.749517040539],[4.402874533303,45.744322736901],[4.3655162451168,45.698520895445],[4.3659250305716,45.67124520038],[4.4404819320115,45.623477104497],[4.4679838181681,45.586688341581],[4.614861970331,45.575470989539],[4.6447024494625,45.540521160907],[4.6589149161667,45.542658451096],[4.6492789007153,45.56490904439],[4.6831387073324,45.565644636168],[4.650497265707,45.528252850314],[4.6506024356174,45.49710900433],[4.6819265003418,45.479805150655],[4.7394098424085,45.486593747758],[4.7604638818845,45.437086232502],[4.7447605342399,45.421331112612],[4.75599963206,45.365674921417],[4.659973826611,45.338548296066],[4.6144998827011,45.309832990607],[4.6226711105485,45.291337466369],[4.5985944793052,45.289484840554],[4.5917734340486,45.271300484031],[4.6024189574118,45.251699611327],[4.4879001066584,45.232177394436],[4.4366003162274,45.272738948048],[4.3864148938233,45.255609582426],[4.3625476382457,45.264397172969],[4.3497179288925,45.280278452779],[4.3690682180887,45.300293499679],[4.3318936969792,45.318070065193],[4.3665395777096,45.336998573027],[4.3504424731325,45.358204385933],[4.3082004946916,45.370982390408],[4.2716927610221,45.359824226654],[4.271304361305,45.374642941524],[4.2264286102871,45.389719679931],[4.1444492305075,45.384149823118],[4.1540232523863,45.364602527186],[4.0778214653417,45.354983989389],[4.0708092191247,45.336053711997],[4.0432641754966,45.355941617091],[4.0160566045972,45.328623259374],[3.9796493264091,45.375136167919],[3.9373971009283,45.37201719016],[3.9024783688026,45.339149111199],[3.8892289954528,45.394517377924],[3.9630379885044,45.435531390096],[3.9844000097893,45.494111974154],[3.958560843992,45.511766295791],[3.9543510024832,45.555964462402],[3.9322884496016,45.579271825147],[3.8234583720899,45.632419606167],[3.7802451010076,45.689132849044],[3.780847427756,45.724352891461],[3.6906909501902,45.792174332964],[3.7217494092138,45.813638605233],[3.7163746493407,45.871248126479],[3.7543694315582,45.886028143379],[3.7234494736526,45.921866002231],[3.6940151632959,45.930727869968],[3.7018783842183,45.966895016744],[3.7412768921209,45.966006368026],[3.7560344687643,45.98282892353],[3.788905406334,45.97386142098],[3.8254484135633,45.995971307468],[3.8067691666001,46.045618391287],[3.8218751675633,46.087982942483],[3.7934862152259,46.11219865371],[3.7897672156925,46.154853997372],[3.8078653732897,46.161593321821],[3.7685491775545,46.23948507045],[3.802694767872,46.238508201577],[3.8048855350295,46.254857096313],[3.899538631706,46.275908099459]]]}},{"type":"Feature","properties":{"code":"45","nom":"Loiret"},"geometry":{"type":"Polygon","coordinates":[[[1.9940901445311,48.286584124472],[2.1061680366894,48.307635584746],[2.1637483268763,48.298436908006],[2.1543896262247,48.315910610694],[2.1813553737363,48.313746373001],[2.2022520441218,48.344598562828],[2.2463103911083,48.329962148865],[2.2451518848313,48.298393903395],[2.2668923386489,48.314682212687],[2.2954192911964,48.30822244035],[2.3276948002521,48.333053330653],[2.3698159145392,48.308674310979],[2.4026629385658,48.320717653248],[2.4207604700518,48.299253278858],[2.4237621901031,48.260296420297],[2.5061863934974,48.238532108957],[2.5229439829919,48.200517077101],[2.5168430223759,48.166807571121],[2.4832322969696,48.164516406945],[2.4442532323658,48.131467936811],[2.4510870610062,48.123458807719],[2.5381145999136,48.140650823762],[2.706543037587,48.124819235783],[2.7551942761197,48.145652570311],[2.7462653547317,48.163802955575],[2.7989459318842,48.168273053171],[2.8099458960087,48.161299706681],[2.800901925208,48.133251589253],[2.8208840113898,48.129664483454],[2.8680328112418,48.156437148324],[2.9532706975673,48.165012141792],[3.0294681734995,48.133204471839],[3.0158768007648,48.115703437492],[3.035285259367,48.115994375619],[3.0504714242752,48.072334131135],[3.1242571374888,48.031123310866],[3.1031098748357,48.024050754331],[3.1245523220345,48.006031052733],[3.1284487900515,47.970976841524],[3.0501029428736,47.911450149596],[3.0102886119028,47.904716972369],[3.0020156817175,47.86910456894],[3.0338278605646,47.843872107669],[3.0125313015817,47.834373232486],[3.0237994278176,47.786550178612],[2.8566700654285,47.760929175798],[2.8487899744432,47.725884864654],[2.8585167014012,47.711991090287],[2.8841930930896,47.714211876689],[2.9542289513333,47.64577418642],[2.9362905168585,47.636648702788],[2.9379937136807,47.598885605034],[2.9765353538906,47.569424295927],[2.8574859883322,47.552839253284],[2.8489012329621,47.53754134151],[2.8746305174837,47.520424918568],[2.8064811348488,47.494455723983],[2.7326153907893,47.538041988135],[2.7274128318664,47.49888751122],[2.6844365639414,47.482968445146],[2.6584604288768,47.487901045881],[2.6558735526076,47.510394947544],[2.6120137313394,47.526383600079],[2.6167379402622,47.540898035379],[2.5632062660237,47.572136704018],[2.4913556166844,47.568297226273],[2.4373445977447,47.609775401769],[2.3730196534104,47.585528165617],[2.2862326072553,47.628965936616],[2.2392136694694,47.620975607683],[2.2325658218639,47.653034738696],[2.2054546574629,47.662316663494],[2.2025518712273,47.678142759644],[2.0080511541807,47.677306025655],[1.9608339734141,47.659444437434],[1.9341226017816,47.679412588312],[1.8701081524394,47.674181880335],[1.8555867935147,47.689547886166],[1.8429034319191,47.65684472991],[1.7905220094023,47.637003267191],[1.7399435814608,47.661534026638],[1.6973462178645,47.738389810232],[1.6266315647697,47.760974414138],[1.5928848485256,47.728483789961],[1.5984630147815,47.739649217972],[1.5478792778272,47.769763406546],[1.5705394566163,47.796589231895],[1.5313766719936,47.828606391634],[1.5881310268697,47.876427415582],[1.5814172497993,47.901925983899],[1.5254275303694,47.929115430213],[1.566720736488,47.974271645772],[1.564819969277,47.989771960096],[1.5201239288128,47.982274877947],[1.5266726944869,48.007268352834],[1.5129691249084,48.02871899692],[1.5470770086942,48.029583279667],[1.545309570089,48.044589454599],[1.594119689523,48.030699968818],[1.6245969691677,48.067220090739],[1.6556744513311,48.076172953254],[1.7448338369731,48.06614524936],[1.7979715398442,48.076867371023],[1.8015345857878,48.089428497495],[1.865673925296,48.083858124348],[1.913003919191,48.130978360693],[1.9142642906099,48.167458737772],[1.9709649986332,48.171066799092],[1.9514590226977,48.189583913554],[1.9572597779247,48.203598595549],[1.9776716043689,48.201286202611],[1.9620649748347,48.239631547157],[1.9940901445311,48.286584124472]]]}},{"type":"Feature","properties":{"code":"47","nom":"Lot-et-Garonne"},"geometry":{"type":"Polygon","coordinates":[[[0.2973266430349,44.762287404122],[0.34618532398135,44.72254110551],[0.35458874373803,44.654812823774],[0.41471046209978,44.646333606438],[0.52178035716357,44.678540368601],[0.54124786531433,44.665158664905],[0.570416745932,44.674897613312],[0.57715032653657,44.694022262337],[0.62001412394403,44.691298261574],[0.63048461600039,44.70652938729],[0.65589506955682,44.694208640971],[0.65743174445133,44.677850624615],[0.6849985568551,44.675550535442],[0.7798310395793,44.683389762054],[0.79772154851158,44.701768085135],[0.82699837154341,44.69189132944],[0.84339892561011,44.663482499488],[0.81700413459438,44.627005076133],[0.84250074564053,44.600962425481],[0.86999224882068,44.597310797789],[0.87785522131399,44.615460197735],[0.9791235230928,44.643607663491],[1.0147514182424,44.614096385206],[1.0733130611041,44.595578793709],[1.0716939661813,44.567841711875],[1.0131652927005,44.53612981948],[0.98177646477517,44.543949619625],[1.0162275856839,44.505873805304],[1.009020244264,44.480044617987],[1.0230093439874,44.475437273235],[1.0247167778907,44.442988405687],[1.0574845114814,44.427673212448],[1.0590342432563,44.369063397724],[0.95004981400894,44.35975578355],[0.94141859483151,44.345347538009],[0.91991430872905,44.384149659695],[0.88733582833582,44.366374054101],[0.89611323540437,44.346226535055],[0.86962451276277,44.309387172973],[0.91642356261815,44.302198002519],[0.94992392368958,44.276443376947],[0.9277876570183,44.26740561543],[0.9292406197485,44.230246542717],[0.90628814214223,44.190306668919],[0.85633796923916,44.18904677194],[0.85357025770147,44.174962426044],[0.89034197833787,44.169672870511],[0.87944269844653,44.129608737841],[0.7885669186743,44.144391188204],[0.79623991760453,44.11512942813],[0.75287865013836,44.102267910932],[0.741884791205,44.065199235038],[0.66659683472462,44.025144272763],[0.59797769402997,44.078224550392],[0.53902463781127,44.053724078487],[0.4595157527797,44.055234750337],[0.44244380213487,44.028759139019],[0.38151930823563,44.006373305954],[0.31653852185538,44.01011924115],[0.31793784234407,43.994973643102],[0.20507206540087,44.0190292233],[0.16676088451462,43.996830517368],[0.1591211137839,43.973860568873],[0.13863539397759,43.974770669617],[0.14095408748334,43.994676380228],[0.12640607961248,44.000336105676],[0.076043349292038,43.983138573142],[0.062703136168861,44.000839934979],[0.060601939796586,44.024928226919],[0.13510329225982,44.124220572908],[0.03459374998392,44.130654202294],[-0.0042360907976178,44.149994948769],[-0.12915186861195,44.152407302012],[-0.14068987994571,44.226407410087],[-0.066629618842389,44.24675515416],[-0.036178032292543,44.27143072373],[-0.034812310736151,44.296722165589],[-0.085757092678548,44.337609909237],[-0.078824287140477,44.353695916086],[0.023592604670749,44.377462953453],[-0.010556161472033,44.418543300826],[0.0075287126228942,44.447142316513],[-0.012959450871031,44.461397567566],[-0.015451041784187,44.505060157212],[0.016481929542729,44.528534052288],[-0.00079249578691194,44.547722784938],[0.070718098981858,44.549329474287],[0.08223436773711,44.58404269552],[0.15085689358311,44.60864082157],[0.13735197971124,44.636065032992],[0.16521090547081,44.632857082377],[0.18267131110117,44.661072863157],[0.14155378137428,44.665533720013],[0.10058285885421,44.701166710208],[0.1333985499063,44.704635060611],[0.14132400855573,44.73741784111],[0.18453078260015,44.749030776434],[0.20173077932943,44.722436212695],[0.21679531034635,44.724068141039],[0.22648867551785,44.764390535693],[0.2557380828744,44.750109827852],[0.2973266430349,44.762287404122]]]}},{"type":"Feature","properties":{"code":"55","nom":"Meuse"},"geometry":{"type":"Polygon","coordinates":[[[4.9509906730069,49.236867621535],[5.0511796603743,49.274052634115],[5.0592653036142,49.289745412169],[5.0398173770104,49.295200441657],[5.026431605262,49.335916662789],[5.0602044821857,49.371516208419],[5.0899234459891,49.370324513714],[5.1038247267133,49.388839332529],[5.0863593822614,49.40263284656],[5.1159039694465,49.421927048206],[5.1094498519858,49.455422316847],[5.0623905513409,49.499152667162],[5.100580497377,49.535816055819],[5.0894349846201,49.541542898558],[5.1131131503391,49.560620642841],[5.104571639078,49.575852340422],[5.1182786920926,49.593071219071],[5.1448486924557,49.589886341917],[5.162979025373,49.563530589026],[5.2327553218453,49.569476323033],[5.262707136888,49.541817880646],[5.3117634211943,49.559287129916],[5.3432352693932,49.59419815719],[5.3793732756841,49.594336083817],[5.3935393812988,49.617086785829],[5.4535526093259,49.564921488307],[5.4415639023972,49.552225052944],[5.4663281735759,49.528430189479],[5.447578521257,49.517372874597],[5.4824184576199,49.493663519084],[5.4617806899826,49.452686968431],[5.4813250792623,49.444230871282],[5.4711378140755,49.428494758719],[5.5056637654641,49.419355999431],[5.4486679523763,49.401649163761],[5.4803245524719,49.382342078555],[5.5011451781038,49.408543065874],[5.6057310949754,49.420033783651],[5.6345659385699,49.437435167221],[5.6881476509551,49.415106452884],[5.6873585119582,49.393882117734],[5.7383532097012,49.352038191977],[5.7214060430502,49.324564797482],[5.7317845374066,49.311341425415],[5.7625541109014,49.316331285314],[5.7682837886189,49.299774662553],[5.7209344315189,49.247702217971],[5.7396882874913,49.230544433819],[5.7190401384103,49.215984343847],[5.7328471971944,49.195144019762],[5.7655387967261,49.19808965245],[5.7444704661452,49.156592214671],[5.7598050647708,49.150056653954],[5.7514861304145,49.118034072539],[5.8178531085916,49.111039703115],[5.8069799653918,49.062668225081],[5.8359263040642,49.066061327622],[5.8541770017029,49.042417479249],[5.823066886852,49.023109313982],[5.8048442530907,48.983422282743],[5.847786801066,48.953264300995],[5.8002412939446,48.946747950612],[5.7471576051222,48.915256169028],[5.7910638167022,48.886617414305],[5.7651257923273,48.872901896096],[5.7809715229168,48.826744937358],[5.7582107493249,48.801231737647],[5.7764535835103,48.790063196124],[5.7140322252736,48.74453250271],[5.7645998533316,48.701077345045],[5.7449546309017,48.671376744383],[5.7589073121033,48.623064755659],[5.8034464649874,48.625044943187],[5.7899108688634,48.607183289583],[5.7617668080948,48.609385983796],[5.7133909280655,48.580633914406],[5.7160927170236,48.561427704017],[5.7762186102909,48.540358194465],[5.7385802629757,48.466074051844],[5.6429950335545,48.468547039375],[5.651580017191,48.457519861905],[5.6159691492695,48.439744295634],[5.5202802354993,48.4323944293],[5.5013062188735,48.410687855212],[5.445940857304,48.424569152476],[5.4084984885085,48.445792781768],[5.4008849824238,48.470480292577],[5.349473975465,48.481986800328],[5.3285067550225,48.507151257772],[5.2122544924731,48.528791624388],[5.1650732858833,48.565344025751],[5.1456350510637,48.562002271713],[5.1183529904094,48.595513437496],[5.0708911117702,48.595728770674],[5.057748743685,48.629697103631],[4.9993220353425,48.614834346517],[4.9928144614844,48.658268690283],[5.0107948326909,48.66815377214],[4.9884305305447,48.684422113631],[5.0064063680002,48.699074659527],[4.9972572781159,48.709595801806],[5.0138967480706,48.710777200681],[5.0092185303043,48.741388830169],[4.9820099984545,48.745127607624],[4.9345688695301,48.790356335664],[4.8885820531146,48.80061371657],[4.8887582394372,48.817210656662],[4.9356977655096,48.84062704651],[4.9130004169396,48.872143960831],[4.9157932199583,48.899796792981],[4.9500350999827,48.930504233541],[5.0125842536926,48.936930774568],[5.0379027924329,48.97301158464],[4.9953582630028,48.982598875386],[5.0326726595298,48.993738798801],[5.0363201841563,49.024335269381],[5.0076786336645,49.034951097618],[4.9686781571867,49.024739554079],[5.0059210382911,49.059419471656],[4.9921245963475,49.11490357014],[4.9397607283221,49.185070922974],[4.9933759888652,49.209623589511],[4.9707577303293,49.236057819576],[4.9509906730069,49.236867621535]],[[5.429907860027,49.48819079003],[5.4644956014283,49.490309403279],[5.4420070555476,49.503619271582],[5.429907860027,49.48819079003]]]}},{"type":"Feature","properties":{"code":"61","nom":"Orne"},"geometry":{"type":"Polygon","coordinates":[[[-0.84094105476412,48.752223582274],[-0.78062135391124,48.786653395386],[-0.71468547539624,48.799868429628],[-0.68216886558739,48.821835101496],[-0.69808599922195,48.843600554779],[-0.64321988620605,48.840678388106],[-0.64541589959203,48.827214099453],[-0.57109680421828,48.830168192928],[-0.43283305716342,48.874555864698],[-0.34624167639838,48.821996521333],[-0.3285658327644,48.857284809069],[-0.3059276101914,48.858302472146],[-0.20440370993563,48.846439520008],[-0.13795704824172,48.819284867311],[-0.14634831603259,48.834445361701],[-0.064951500120938,48.843876035026],[-0.030670007144589,48.873875022828],[0.056397941661387,48.902464937324],[0.08072156246746,48.937982294807],[0.12760483049428,48.952219904035],[0.15647058216308,48.924791081169],[0.24219788957427,48.944479382252],[0.26305866812457,48.964738440602],[0.33376875208518,48.942878978029],[0.37731127535648,48.972557592954],[0.4128104390395,48.950626279328],[0.38618253122967,48.910414357049],[0.42006471195552,48.888184382023],[0.5525004519299,48.875534180346],[0.57803949069757,48.893649615021],[0.61096181241547,48.853220075098],[0.62935408701068,48.85358418848],[0.61028848587188,48.831311343399],[0.75843020314215,48.767968371666],[0.77495753063022,48.737530835487],[0.73058883988464,48.705203303323],[0.76605034714122,48.696795557534],[0.76408006596892,48.675272833699],[0.78220679339237,48.666521479531],[0.8148247207739,48.670163564137],[0.83140562696703,48.633774446005],[0.81963618816719,48.609871113214],[0.8465873876382,48.604782622076],[0.86767573670944,48.573488250275],[0.92638981194521,48.559394233279],[0.93876307137649,48.550558547099],[0.922603461355,48.537716017396],[0.96655146260943,48.522741687979],[0.94155894503993,48.498694713572],[0.95629262450835,48.482279378048],[0.93571270291242,48.475553807957],[0.9762713097259,48.439081867809],[0.88337252111541,48.356669121421],[0.78542500970172,48.340430711536],[0.76023175104941,48.298171659555],[0.79341825616719,48.293008635712],[0.78758977714986,48.261313612339],[0.83048365574563,48.210708729507],[0.76407918474979,48.181599665308],[0.72363045806996,48.19813955141],[0.65315095543918,48.263702677988],[0.63315984470535,48.245553870078],[0.53597049486367,48.249844560134],[0.48757654033176,48.307795859172],[0.48050090924161,48.298592258919],[0.3954029644226,48.320549965535],[0.37386118731698,48.386969757082],[0.38066015166482,48.425411796164],[0.35578465090337,48.458217063582],[0.29585588821524,48.480174860693],[0.16972375424173,48.461776714307],[0.15131906064063,48.437226845695],[0.11624768586472,48.435555660302],[0.09917046478078,48.41034986941],[0.067826622948661,48.406115400716],[0.062489872264419,48.382213868151],[0.020992722816365,48.380200925309],[-0.0025641291874286,48.397311951396],[-0.050692623162423,48.375201195715],[-0.051890589271637,48.453255414135],[-0.14871763477939,48.458069224847],[-0.1720909995602,48.502134649047],[-0.14460271813847,48.527754338423],[-0.24264015511442,48.567994064435],[-0.26180425334438,48.54789519181],[-0.24176789393774,48.536388956089],[-0.27155353070113,48.507447568195],[-0.32023332020671,48.522923755915],[-0.35349558279054,48.483897081468],[-0.3991855056689,48.510158714286],[-0.46226332328429,48.512709151203],[-0.6540003356242,48.444278312957],[-0.66371844747552,48.484471551488],[-0.68799234091834,48.469431032111],[-0.73034187148783,48.472703026439],[-0.73585755427354,48.461124917636],[-0.71509947351088,48.448950147648],[-0.75727715268855,48.436552496914],[-0.77453904965747,48.44327891903],[-0.77787285065978,48.465413522216],[-0.81322359143068,48.455083144137],[-0.8184585148882,48.474291742186],[-0.86036021134895,48.501458584456],[-0.77416870927632,48.562676617257],[-0.74221354045865,48.627267255804],[-0.76290626959504,48.631905426948],[-0.77335752529712,48.65747247994],[-0.73732101904671,48.686666601324],[-0.81789729577365,48.731176402389],[-0.84922855934838,48.730753766159],[-0.84094105476412,48.752223582274]]]}},{"type":"Feature","properties":{"code":"62","nom":"Pas-de-Calais"},"geometry":{"type":"Polygon","coordinates":[[[2.0677049871716,51.006501514321],[2.1353308750233,50.9642594986],[2.2134332677342,50.810547736996],[2.2885798648188,50.777033183243],[2.3759825201851,50.784049988105],[2.4114789545178,50.766734253763],[2.340896635375,50.740909944404],[2.3835589594468,50.700594961815],[2.3635246352107,50.684644535221],[2.3734967590549,50.672686259803],[2.403207137341,50.681661074344],[2.4959475460851,50.631241346564],[2.5336259405944,50.643088503328],[2.5646474035872,50.624520915665],[2.5866136171855,50.63809533857],[2.6305174773984,50.617950612122],[2.6796086872197,50.635881548523],[2.7389944409639,50.609312586306],[2.7525470598349,50.627871821503],[2.792453026888,50.633660709096],[2.7606231977666,50.65566909504],[2.7690451498338,50.663677249792],[2.8091936432834,50.66937021299],[2.8697307651834,50.631091501486],[2.8424345578212,50.629053197628],[2.789077205407,50.583061414779],[2.8156564700094,50.566015235103],[2.8134410941335,50.549346599603],[2.7944735844558,50.549202608036],[2.8001884917574,50.527606020054],[2.88696882249,50.537656078324],[2.8807796671222,50.514806261782],[2.8989518656364,50.50155422527],[2.9647153709588,50.512774432069],[3.0083469740982,50.492761850628],[3.0207995748428,50.481765465725],[3.0067353137984,50.457303639032],[3.0163412126251,50.442095390207],[3.0671591865506,50.458422919396],[3.0685193795963,50.425646240885],[2.9823221459456,50.401497580279],[3.0134557467176,50.359406970324],[3.0843056557162,50.311188090006],[3.0477515546427,50.293712166205],[3.051092647048,50.282358192083],[3.0178023561002,50.284584345639],[3.0121734874327,50.268066705162],[3.1336836466157,50.266233105789],[3.1883563131291,50.228672622554],[3.1423441660024,50.217665434614],[3.1313977241108,50.19940043586],[3.1561306993598,50.183717847228],[3.1021859277944,50.163315233096],[3.1344677195638,50.143226643999],[3.0957569190573,50.124200836276],[3.1141266539474,50.092155896514],[3.0947639429408,50.08315717515],[3.0902522256658,50.053740556167],[3.0144351371487,50.059149196751],[2.9715289204271,50.041363376189],[2.9484148787346,50.05341982418],[2.8724995109934,50.020975633738],[2.8521925480239,50.031430981058],[2.8765326366049,50.042182018727],[2.8578492252845,50.077395819826],[2.7523973247116,50.040097252225],[2.74255220997,50.04822779049],[2.7637488651508,50.060596655646],[2.7808963608043,50.111154461184],[2.7088192697755,50.128494700802],[2.6972338002842,50.103665319899],[2.7187063567642,50.088088516],[2.7046211552392,50.081210881091],[2.5760156090129,50.113414591723],[2.5781796823809,50.139890067967],[2.5513298839509,50.14160902898],[2.5323309219873,50.115072822921],[2.5149437196775,50.140815184745],[2.4766795936249,50.136996746156],[2.4209183396901,50.087653623551],[2.3754526661687,50.109255035264],[2.3897770350831,50.155486617449],[2.4956847502342,50.194560205258],[2.451782406941,50.230302364541],[2.4054763326709,50.234025879167],[2.3611650521748,50.207027979791],[2.3340601777872,50.238585583732],[2.3175919368313,50.235075063165],[2.3312494867596,50.222628702737],[2.3012089116446,50.212867703297],[2.2738268657578,50.226839891366],[2.1741422745707,50.208896128118],[2.1497656380182,50.190426518694],[2.1225857198719,50.210701687542],[2.0857123807737,50.20101021638],[2.064084929272,50.236244609931],[2.0778174949883,50.248821238775],[1.9461358093263,50.287429874266],[1.9364013540805,50.301469956543],[1.9638648247932,50.318095334956],[1.9465507617787,50.331439621554],[1.8992385043566,50.313422021051],[1.7787814318994,50.361867050627],[1.6707113970685,50.331006763813],[1.6451677016651,50.339220671372],[1.6252312966713,50.371832567005],[1.563294790003,50.394950334151],[1.5854092273894,50.537352408548],[1.6267556408457,50.521386133981],[1.5766037238144,50.572223225221],[1.578417453812,50.640285448716],[1.5607073853506,50.699672766378],[1.5736037455337,50.716166202188],[1.5627006546685,50.724987440831],[1.5905216325015,50.729795719211],[1.6106406418335,50.803762099322],[1.580632768506,50.867343830504],[1.635804198092,50.876984561631],[1.7807166589725,50.954865814239],[2.0677049871716,51.006501514321]],[[3.0038797607882,50.150247376424],[3.0106307501246,50.112806167451],[3.072792245694,50.131181945966],[3.068139305836,50.147348548695],[3.0956630380692,50.162593087522],[3.0610482264708,50.174049535934],[3.0403136602665,50.153319276217],[3.0038797607882,50.150247376424]]]}},{"type":"Feature","properties":{"code":"63","nom":"Puy-de-D\u00f4me"},"geometry":{"type":"Polygon","coordinates":[[[2.5653725529015,46.143035759957],[2.6406964171362,46.118476777646],[2.6774533498992,46.172759081776],[2.7224523871244,46.181341584244],[2.7330534561794,46.223321627796],[2.8102712209548,46.196213517628],[2.8191591437729,46.241791609208],[2.8557278827609,46.255486133208],[2.921432650671,46.250307852218],[2.9371418861435,46.242915665181],[2.9364864054072,46.221708066486],[2.913326209903,46.210334088438],[2.9111330198118,46.177437699807],[2.9532834742817,46.170918110503],[2.9636876604981,46.129608480581],[3.0164727327153,46.102446254469],[3.0873696406714,46.113064814944],[3.1007827299491,46.0823388867],[3.1281003938417,46.071398281325],[3.3023909460534,46.065769077557],[3.3320492235943,46.044097580518],[3.4190243995629,46.074294275891],[3.4714881553342,46.041837627611],[3.4641409824748,46.008169157186],[3.5884708591387,46.024134197777],[3.6319957322686,45.961061509138],[3.6767583931205,45.958063393878],[3.7481167335366,45.898388978743],[3.7543694315582,45.886028143379],[3.7163746493407,45.871248126479],[3.7217494092138,45.813638605233],[3.6906909501902,45.792174332964],[3.780847427756,45.724352891461],[3.7802451010076,45.689132849044],[3.8234583720899,45.632419606167],[3.9036013502365,45.599021524707],[3.9543510024832,45.555964462402],[3.958560843992,45.511766295791],[3.9844000097893,45.494111974154],[3.968623430075,45.47544697307],[3.9751082776962,45.448267726135],[3.8991889962651,45.410304937867],[3.8921536549569,45.354049640821],[3.8376831375527,45.36571035068],[3.8083112095965,45.391610156832],[3.7855713393306,45.369279292494],[3.7899914752805,45.353880391851],[3.7722592400978,45.349189155916],[3.6998935179885,45.35946388081],[3.6798572026821,45.38418849136],[3.618619523185,45.337709571841],[3.5903439892848,45.357222362784],[3.5705803547836,45.402095477198],[3.5209053900855,45.402409376819],[3.5013193341285,45.427582294546],[3.4200366594148,45.397225547231],[3.3589872444879,45.421013675007],[3.333673054382,45.405812794289],[3.2956970631794,45.418111657039],[3.2906906080245,45.401824597103],[3.2365752879669,45.394473576099],[3.2186572489279,45.36948993409],[3.1680632131655,45.352256205748],[3.1035006854512,45.3543721973],[3.0602659894023,45.330587028732],[3.0585633104717,45.306568657606],[3.0167126860657,45.287121578381],[2.9486247554478,45.309121333078],[2.9215506466252,45.365775113903],[2.8819725221573,45.383653077697],[2.8677290396958,45.376075172391],[2.814891870243,45.40096363738],[2.7148508522915,45.381555103256],[2.6807334465205,45.407169426605],[2.6884626875256,45.437688088975],[2.6246720210042,45.444977466593],[2.6223003491009,45.468508742321],[2.6048958880008,45.451728826462],[2.5358970743575,45.458079509752],[2.5439644302012,45.478981170304],[2.5084125130653,45.478501516921],[2.5163271748739,45.55342839279],[2.4909285469766,45.560394087282],[2.4646251782029,45.594410586781],[2.4833880353068,45.639303519147],[2.5142980219448,45.639528483879],[2.5268700649094,45.694919495794],[2.4846414659033,45.748521466442],[2.4414259075117,45.762378997013],[2.388014020679,45.827373168854],[2.4478280089908,45.84581866569],[2.4425827259717,45.863008040763],[2.4922279879729,45.864029936278],[2.5550056008106,45.912509471984],[2.5415060022687,45.921531781083],[2.5651781859373,45.95661981464],[2.6107853057918,45.971228071516],[2.5944202186196,45.989440975795],[2.6025059601172,46.033461930485],[2.5716988273144,46.048689825423],[2.5518715312783,46.083457348801],[2.5653725529015,46.143035759957]]]}},{"type":"Feature","properties":{"code":"67","nom":"Bas-Rhin"},"geometry":{"type":"Polygon","coordinates":[[[7.6352815933424,49.054164206261],[7.7564971746319,49.04559846504],[7.8004419678935,49.064114797244],[7.8687912381001,49.034158646571],[7.9346229019277,49.057811113571],[7.9748521290202,49.027746491985],[8.0480839535656,49.014172777638],[8.0913803067987,48.989259837789],[8.2303986615424,48.965607843829],[8.1958012960897,48.95621138585],[8.1479387393441,48.903810890927],[8.0963232810048,48.810383594146],[8.0291352605611,48.786478892711],[8.0147046028691,48.761181073583],[7.9717522881571,48.757631517371],[7.9631443712693,48.721355620767],[7.8398216436445,48.64137741102],[7.8002369638938,48.578683608778],[7.8052011366022,48.513573048614],[7.7681925743495,48.489661466269],[7.7318458832381,48.39290556989],[7.7398754620749,48.321749343082],[7.6960088664325,48.304010337634],[7.6678077852565,48.223906110814],[7.6011481776184,48.158377720127],[7.5970709855475,48.13314660244],[7.5528674428158,48.121828718961],[7.5193723560282,48.126108118767],[7.5203336674043,48.149495287589],[7.4705578806378,48.161010134],[7.4769430706019,48.203533090919],[7.3183027579228,48.249144714543],[7.2751834298867,48.305231193436],[7.1982872111206,48.310471263573],[7.169530852204,48.342300751899],[7.1219031917914,48.333292363952],[7.0785285569966,48.351070234059],[7.10802631494,48.37699074362],[7.0855246844242,48.398669480184],[7.1168879614082,48.484885772315],[7.093659756546,48.48928173768],[7.0936784257816,48.505231627961],[7.1277243419227,48.509520733673],[7.064491666109,48.523396874848],[7.079355782655,48.536418650433],[7.16790822618,48.527591999423],[7.262812241024,48.590281985422],[7.2732932655448,48.633307766643],[7.3043497385752,48.660204189323],[7.2646008192286,48.662701785192],[7.2424838370011,48.691546869433],[7.2601696827824,48.694299105119],[7.3119029263128,48.767297153936],[7.2286555719709,48.828037920731],[7.1878318748607,48.833929235992],[7.1846205353403,48.850245274866],[7.1494099127444,48.844705787321],[7.1267966008006,48.801145146585],[7.0778230489578,48.785578755501],[7.0671939837244,48.799480443377],[7.0891249837893,48.806773609574],[7.047118425674,48.820636260338],[7.0513316660602,48.846282688184],[7.086621157518,48.847742486374],[7.0957199498063,48.86214489256],[7.0502424744293,48.859345451322],[7.027124762811,48.87980451616],[6.9546718652654,48.893890344954],[6.9646057074582,48.904524234117],[6.9403717864006,48.923927611506],[6.9788871720834,48.933339809497],[6.9892133372901,48.959924389065],[7.0322221462463,48.956048112426],[7.0308791462263,48.985879416935],[7.078657018389,49.050358924621],[7.075924326097,49.073990440304],[7.1109699086532,49.071857597144],[7.1016822948106,49.063729853332],[7.1305056457022,49.004589914922],[7.2930505096429,48.973419993633],[7.2912378631909,48.956648934867],[7.3268481155836,48.943375583481],[7.4468936659225,48.965782537324],[7.5382559219775,48.932957199392],[7.5783945474788,48.957398722989],[7.6352815933424,49.054164206261]]]}},{"type":"Feature","properties":{"code":"68","nom":"Haut-Rhin"},"geometry":{"type":"Polygon","coordinates":[[[7.1982872111206,48.310471263573],[7.2751834298867,48.305231193436],[7.3183027579228,48.249144714543],[7.4769430706019,48.203533090919],[7.4705578806378,48.161010134],[7.5203336674043,48.149495287589],[7.5193723560282,48.126108118767],[7.5773157720816,48.120371112534],[7.5684900054594,48.03538248569],[7.6220859200517,47.972272417851],[7.5567072919531,47.879941001941],[7.5614656894138,47.838677705698],[7.5312612420762,47.78675983822],[7.5480799502254,47.739589288712],[7.5125727857792,47.694845299819],[7.5223404693959,47.662321695948],[7.5927957926469,47.601779854527],[7.5847073872051,47.577266068409],[7.503411179747,47.54197564763],[7.5013916497461,47.528725219131],[7.5314262789643,47.528284428742],[7.48685795056,47.481732320167],[7.4345574218437,47.497928259116],[7.4226892243323,47.484388248594],[7.4556328646187,47.472976694654],[7.403410043504,47.435524491145],[7.3017355889987,47.437813631568],[7.2462981009916,47.422198455938],[7.2357678622845,47.436929813322],[7.1811906725339,47.441480675914],[7.1966955177699,47.493482758971],[7.1303408019013,47.503028568514],[7.132779554549,47.539650016902],[7.1062174347916,47.551377585032],[7.0772390032257,47.598070781665],[7.005954748644,47.602446062879],[7.0188657902769,47.650671462441],[7.0391920612816,47.650571191522],[7.0463174145898,47.671501618284],[7.0264858913282,47.701000683113],[7.0374215531951,47.721642148751],[7.01596189708,47.743229997088],[6.8634725871955,47.785157366739],[6.8428287756472,47.812907241333],[6.9200409082836,47.850285895261],[6.8978126882661,47.884262639149],[6.9278167769039,47.908213591002],[6.9131760329106,47.919378547089],[6.9433524693585,47.99795898043],[7.0018860834717,48.022394510938],[7.0297963112116,48.071905133897],[7.0767075069295,48.108483024102],[7.0841613064662,48.129216503745],[7.0589137960953,48.137261832109],[7.0778429184518,48.171044574039],[7.1724433560818,48.29748374247],[7.1982872111206,48.310471263573]]]}},{"type":"Feature","properties":{"code":"76","nom":"Seine-Maritime"},"geometry":{"type":"Polygon","coordinates":[[[1.3796981484469,50.065011890414],[1.4464534693489,50.069324171563],[1.4591516246417,50.062494643478],[1.4564566095824,50.037832374442],[1.5940092903756,49.949050560009],[1.6784507673607,49.918130568802],[1.7124562091314,49.886444322648],[1.7373867941575,49.808209452072],[1.7844715649337,49.763592975395],[1.7121688003106,49.731959147918],[1.7151877298233,49.712819627841],[1.6895744511517,49.694787428191],[1.7045184506731,49.68092815534],[1.7506387449271,49.693804769865],[1.7521845944048,49.680960782507],[1.7034537142049,49.645178379124],[1.7216033847573,49.621992077342],[1.6951880268931,49.599725188693],[1.7216170199559,49.588805803542],[1.727181881084,49.541625548343],[1.7446099134771,49.539601433398],[1.7192339956449,49.508224831919],[1.7437037722862,49.495260515275],[1.7718616459246,49.512848245546],[1.79022549105,49.503468309638],[1.698642071408,49.398715360789],[1.6069621918063,49.410851784225],[1.5754240690858,49.440139502679],[1.537389344223,49.43039797237],[1.4357335585164,49.455147813822],[1.3452388768398,49.448058599484],[1.3367318187267,49.42769114546],[1.3096373647687,49.428733548322],[1.3080614529965,49.395354697053],[1.2854841472719,49.38817876933],[1.2721367892739,49.346284740023],[1.1602570896098,49.341997772279],[1.1339907890446,49.309842015717],[1.0481433809466,49.297882244778],[1.0644196875088,49.281936004992],[1.0411806449182,49.258523433694],[0.99276212065971,49.253192391205],[0.97079868730402,49.280532893554],[0.9557712480057,49.271462930815],[0.93650102423199,49.31921212392],[0.90075665085202,49.297063659707],[0.89481428802281,49.316006224831],[0.85246768535533,49.326488531003],[0.86622900849809,49.342309783711],[0.93202913089827,49.344749683067],[0.91811535035589,49.385457817834],[0.89254570310317,49.372233966288],[0.87033041806675,49.394166851087],[0.81888027155234,49.398182878344],[0.79786974362259,49.417557183588],[0.66528473510118,49.401997722838],[0.63412440818502,49.434463954235],[0.58188184458619,49.433632944846],[0.50251520739814,49.485111873749],[0.36879204470888,49.443962475083],[0.19246153744669,49.451459914922],[0.12123966998691,49.463194369813],[0.065609431053556,49.512574780191],[0.16902493112731,49.690718055481],[0.21166902744322,49.714464279709],[0.32055583850936,49.741550113943],[0.57293876242844,49.849717051188],[0.76972675735512,49.872091970828],[1.1109703384695,49.939082116247],[1.3796981484469,50.065011890414]]]}},{"type":"Feature","properties":{"code":"89","nom":"Yonne"},"geometry":{"type":"Polygon","coordinates":[[[2.9363157566366,48.163391744884],[2.9347445709406,48.178820824383],[3.0051596957479,48.207665501246],[3.0314619630164,48.248879164003],[3.047565503762,48.249696163103],[3.0158983096866,48.307897241414],[3.0495229427782,48.360116755131],[3.1034153439925,48.349510589018],[3.1398647131279,48.372599662445],[3.3651606301927,48.372282482296],[3.3672130286667,48.394317453742],[3.3833174045242,48.39970411104],[3.4147888224632,48.390268550005],[3.4275090718968,48.35997574793],[3.4525885512991,48.374388436099],[3.4981541228456,48.369098088724],[3.6243226631674,48.254526756748],[3.6000799784034,48.237038015917],[3.6216106602921,48.225744034142],[3.5751823496995,48.188742267274],[3.5941772424762,48.178873395497],[3.6318850111199,48.189390079748],[3.6678669028091,48.139211019047],[3.7050157631116,48.144314849936],[3.7223449458636,48.156837755739],[3.7184640557735,48.175364157847],[3.7519004546533,48.161296410098],[3.7397131881194,48.13275416124],[3.7680208404533,48.1337610774],[3.8049696872895,48.102546851574],[3.7985814686078,48.086366869837],[3.82635868236,48.063603655356],[3.8219783557759,48.043916868834],[3.8706144760895,48.015633804416],[3.8700007142194,48.002599720655],[3.8398152772889,48.003890008543],[3.8500279607807,47.983791517043],[3.8783021550775,47.979419574124],[3.885413743137,48.00032841816],[3.9146958839434,47.975696995879],[3.8940363766278,47.929291041133],[4.0055897042792,47.942010075901],[4.0435079889664,47.928107993449],[4.0612633895691,47.945564277098],[4.111781787339,47.926998395128],[4.1663202417186,47.959799899508],[4.201887052952,47.94115816132],[4.1991540335482,47.96994144352],[4.2284618067273,47.969156456849],[4.2221403072235,47.949693241055],[4.2481126500816,47.929257212053],[4.3033132488763,47.92172991059],[4.3111459638235,47.903921001729],[4.2773336988144,47.8994494369],[4.2473760643948,47.873765353106],[4.2645564699717,47.873707495084],[4.2609955625806,47.843854295691],[4.2730539993782,47.839246861583],[4.324395709202,47.847155648804],[4.3206382167009,47.811099221491],[4.3403007872795,47.799562997605],[4.3272273544323,47.785662261899],[4.3324690785962,47.756513140603],[4.2394621052188,47.72442226378],[4.2722767556566,47.686500050892],[4.2266142169595,47.678209364711],[4.2491192448708,47.659488252158],[4.2123839956801,47.627967476689],[4.17512941132,47.553259149829],[4.115506867574,47.515006715898],[4.1302384089683,47.47136897141],[4.119422572118,47.4435543317],[4.098632645676,47.430467101809],[4.0868811850708,47.440047425464],[4.0660574486622,47.407250411398],[4.0883019049265,47.396524552433],[4.0800982417729,47.376100519928],[4.1066314424005,47.375866245463],[4.1060805347332,47.339255135806],[4.0501742581832,47.340237695425],[4.0287589499002,47.315579997017],[3.9992678352806,47.312769315752],[3.9730885348498,47.33271185193],[3.9734249529811,47.372878988697],[3.9482193285937,47.393475824008],[3.9442431429877,47.380215683342],[3.8714185455276,47.367349720507],[3.8635262780677,47.395838910921],[3.8933359684125,47.410556196782],[3.8799100996303,47.429809529421],[3.8515038925646,47.435582552834],[3.8184735032465,47.380186131386],[3.7742634274104,47.405933574958],[3.7262902213831,47.398242621047],[3.6733668814352,47.435660360739],[3.6745779225073,47.449545490805],[3.6178481856464,47.46475971622],[3.5870681198871,47.456189719915],[3.5806141829017,47.497865949973],[3.5135076422025,47.527667101917],[3.5046096251729,47.557936911485],[3.4923652081816,47.560128896705],[3.4878750791397,47.493920811494],[3.4456297303673,47.511198743003],[3.3972879668438,47.508862995228],[3.3463120491845,47.472435421254],[3.2852475606666,47.503940436698],[3.2354836014321,47.489179997681],[3.2046478507551,47.522967246062],[3.1651894180107,47.517498399368],[3.1220506256694,47.541050819435],[3.120738729187,47.578209745666],[3.1020032714546,47.587958865747],[3.0256394695906,47.558753676789],[2.9622680864494,47.576787199846],[2.9379937136807,47.598885605034],[2.9362905168585,47.636648702788],[2.9542289513333,47.64577418642],[2.8841930930896,47.714211876689],[2.8489690050712,47.716844895991],[2.8566700654285,47.760929175798],[3.0237994278176,47.786550178612],[3.0125313015817,47.834373232486],[3.0338278605646,47.843872107669],[3.0020156817175,47.86910456894],[3.0102886119028,47.904716972369],[3.0501029428736,47.911450149596],[3.1284487900515,47.970976841524],[3.1245523220345,48.006031052733],[3.1031098748357,48.024050754331],[3.1242571374888,48.031123310866],[3.0504714242752,48.072334131135],[3.035285259367,48.115994375619],[3.0158768007648,48.115703437492],[3.0294681734995,48.133204471839],[2.9363157566366,48.163391744884]]]}},{"type":"Feature","properties":{"code":"93","nom":"Seine-Saint-Denis"},"geometry":{"type":"Polygon","coordinates":[[[2.5530565519414,49.009816202999],[2.5803194899487,48.991593137352],[2.5634346213721,48.977732430334],[2.6025997962059,48.929356607315],[2.5838172328399,48.895410384217],[2.5594064582352,48.885336254164],[2.568109258403,48.865942675094],[2.5873261857605,48.865005030869],[2.5738417937528,48.853385173417],[2.5922736733656,48.807437551952],[2.4956483361361,48.860848724102],[2.4163411302989,48.849233783552],[2.394906293421,48.898444039523],[2.3198871747441,48.90045978209],[2.3137528853936,48.914015216252],[2.3355682105858,48.940679976956],[2.2882536989787,48.958347222268],[2.3664463375656,48.974178481395],[2.4594885661379,48.955049018342],[2.5530565519414,49.009816202999]]]}},{"type":"Feature","properties":{"code":"04","nom":"Alpes-de-Haute-Provence"},"geometry":{"type":"Polygon","coordinates":[[[5.6515861240321,44.189572730485],[5.7953897143885,44.21346243946],[5.9093039189673,44.190461844015],[5.9147426495977,44.203428965386],[5.8817960847873,44.21099859688],[5.8239167631135,44.278899127951],[5.8363884533266,44.296763169247],[5.8659965238806,44.295857192535],[5.9131897370529,44.248714851428],[5.9251384328329,44.313393919085],[5.896094546729,44.318618029191],[5.9043489213716,44.337908823679],[5.9373503305366,44.359359874149],[5.9536693161486,44.395062898561],[6.0711403448688,44.450531355717],[6.0837487097247,44.4777643977],[6.1556177618275,44.461963349004],[6.1624195263067,44.434509293338],[6.173568101118,44.439540095238],[6.2282178019629,44.381697804143],[6.2624883921892,44.412252550915],[6.2337130063544,44.463827467982],[6.2933053965921,44.480935613986],[6.3271143294108,44.463592307467],[6.3482718280404,44.498092069019],[6.3323970972832,44.509998821823],[6.3573122377822,44.522641551752],[6.4138848958919,44.469289060287],[6.4693178929148,44.451310671269],[6.6323790693337,44.447132290606],[6.6814654999086,44.539163505557],[6.7371836360731,44.552538210605],[6.7722044960859,44.588907001363],[6.8397990886682,44.608588017414],[6.9144858075332,44.659501345682],[6.9483326980915,44.654818187455],[6.9668199032047,44.625347388492],[6.9383975462678,44.603747763937],[6.9335092809034,44.5759534554],[6.854014437248,44.52912511427],[6.8819639305182,44.477256328072],[6.9445579172439,44.432057527562],[6.8928683040571,44.420779824329],[6.8874351607458,44.361051257141],[6.7960920038012,44.316102067874],[6.7903396839453,44.272339782321],[6.7629245576522,44.279037327194],[6.7239888814711,44.249843474444],[6.7183432031881,44.21071438795],[6.6865415403433,44.169255561043],[6.7552862363418,44.078601877976],[6.7457111620123,44.043230952418],[6.8360089492776,43.99059808047],[6.8518928028242,43.954789473614],[6.9130909664835,43.92796078166],[6.9417509022289,43.896969207908],[6.8846101855508,43.889120756916],[6.8307045795788,43.918366781633],[6.7455614971153,43.872111681853],[6.6726434197403,43.888382285729],[6.6973270734627,43.873654675908],[6.6987237488398,43.85521351124],[6.667932367866,43.830922690832],[6.7078877655875,43.809522459717],[6.6363906079569,43.788947137136],[6.6199664600085,43.805500121194],[6.5869124838076,43.805319550919],[6.5456804964732,43.78223076642],[6.5247646877683,43.806369493557],[6.4820726945377,43.791077242351],[6.4388022466454,43.797746288454],[6.414425301941,43.791590041073],[6.4134803171307,43.760356001175],[6.3835455827762,43.734431200864],[6.3262750948765,43.746870168479],[6.2542153063873,43.800431020995],[6.2167124047513,43.799511004589],[6.1542900886483,43.743634530344],[6.1068224665182,43.744774442046],[6.0217364024135,43.668282105491],[5.9854389290259,43.713962195587],[5.9404721367951,43.727336566191],[5.9254717898681,43.756915940863],[5.8818420325261,43.723912733964],[5.8491411431165,43.720249991855],[5.8373883741505,43.741475701408],[5.7813443482122,43.75565465876],[5.7573377215236,43.729404491649],[5.6544489060016,43.825111794533],[5.5445261679646,43.818200447294],[5.5497272595744,43.851223396544],[5.6071265063482,43.913769245956],[5.5815816010178,43.914993881433],[5.5676329697344,43.942636398699],[5.5120856887653,43.945999673026],[5.5086491450188,43.959838865745],[5.5436554275499,44.028707716695],[5.5445930536793,44.069889333019],[5.5026418941828,44.063441793308],[5.4987864391759,44.115716677493],[5.5829754941585,44.157625987959],[5.5643706424911,44.170901794193],[5.5761919645305,44.188037035508],[5.6020555143928,44.191496296599],[5.6395945851702,44.167581524],[5.6311399737751,44.150576623162],[5.6786089032088,44.146091300526],[5.6827091460673,44.163217461898],[5.6436911140627,44.172641360479],[5.6515861240321,44.189572730485]]]}},{"type":"Feature","properties":{"code":"05","nom":"Hautes-Alpes"},"geometry":{"type":"Polygon","coordinates":[[[6.2605698000566,45.12684420383],[6.3019155994585,45.108954317068],[6.3344836229796,45.122836461323],[6.3629265157708,45.104492035764],[6.365073385182,45.071290490956],[6.4535295918669,45.051837207667],[6.4862360357216,45.056075754404],[6.4812555476638,45.094138953543],[6.5104239586159,45.108998029314],[6.5297109874994,45.0985691169],[6.5765291374542,45.123092743765],[6.6155462835465,45.121477875934],[6.6621102280893,45.071636240322],[6.6738842245217,45.019618440205],[6.7455184581155,45.012636232743],[6.7511816747145,44.997554388257],[6.7376368487818,44.991489847333],[6.7649436361829,44.959669769983],[6.7497507150819,44.907359345497],[6.8598658043828,44.852903429339],[6.9137650533034,44.845420317518],[6.9336859786803,44.862026116862],[7.0067725151035,44.839316013319],[7.0217860677102,44.821493498314],[6.9995699130659,44.789443859689],[7.0771048243018,44.680914951343],[6.9870611832936,44.690137664959],[6.9483326980915,44.654818187455],[6.9144858075332,44.659501345682],[6.8397990886682,44.608588017414],[6.7722044960859,44.588907001363],[6.7371836360731,44.552538210605],[6.6814654999086,44.539163505557],[6.6323790693337,44.447132290606],[6.4693178929148,44.451310671269],[6.4138848958919,44.469289060287],[6.3573122377822,44.522641551752],[6.3323970972832,44.509998821823],[6.3482718280404,44.498092069019],[6.3271143294108,44.463592307467],[6.2933053965921,44.480935613986],[6.2337130063544,44.463827467982],[6.2624883921892,44.412252550915],[6.2282178019629,44.381697804143],[6.173568101118,44.439540095238],[6.1624195263067,44.434509293338],[6.1556177618275,44.461963349004],[6.0837487097247,44.4777643977],[6.0711403448688,44.450531355717],[5.9536693161486,44.395062898561],[5.9373503305366,44.359359874149],[5.9043489213716,44.337908823679],[5.896094546729,44.318618029191],[5.9251384328329,44.313393919085],[5.9131897370529,44.248714851428],[5.8659965238806,44.295857192535],[5.8363884533266,44.296763169247],[5.8239167631135,44.278899127951],[5.8817960847873,44.21099859688],[5.9147426495977,44.203428965386],[5.9093039189673,44.190461844015],[5.7953897143885,44.21346243946],[5.6760358633349,44.191428664539],[5.6864432188187,44.197157935534],[5.6726438758953,44.245665214395],[5.6865615009091,44.266921017987],[5.6467811994158,44.267088776629],[5.6377527896773,44.29968895608],[5.6079060792589,44.306669558882],[5.6269152221035,44.334764537726],[5.5491114786402,44.330396465555],[5.5135447821727,44.347485508397],[5.4930701487957,44.337173950444],[5.4629658844687,44.367052180352],[5.4344154288602,44.36962646376],[5.4430201938352,44.391233871018],[5.4185330627929,44.424944615913],[5.4764846044694,44.419722107544],[5.496803836369,44.438493779503],[5.4644276220352,44.447890408205],[5.4569314822479,44.496235778443],[5.6036448321495,44.465542446118],[5.6297876074114,44.501187043038],[5.6645041823511,44.501894932126],[5.5972525723721,44.543273639184],[5.6496311179712,44.617884606434],[5.6417177024073,44.65107732796],[5.7260329075738,44.639393999475],[5.7539428619931,44.662710867987],[5.790623681681,44.653292905762],[5.8294720463131,44.692425284611],[5.8014699513145,44.706777613167],[5.8270981940509,44.759688387455],[5.8794954997212,44.747015345674],[5.952471613503,44.76214052281],[5.9801493330969,44.781181602373],[5.9495216336669,44.804527356596],[6.0302157011626,44.838097758941],[6.0563403817425,44.815907431783],[6.1362266704196,44.864071820118],[6.2505425682344,44.852650516632],[6.2882129459689,44.874030533685],[6.3363165518362,44.848370410548],[6.3553625022057,44.854775353601],[6.3588423781754,44.941280796729],[6.3229180108318,44.953019839313],[6.3182021615637,45.003859362058],[6.2517609476002,44.996700081455],[6.2039233205269,45.012471073947],[6.2200802599652,45.065369735518],[6.2401205372094,45.06771808518],[6.2293919345611,45.108749945384],[6.2605698000566,45.12684420383]]]}},{"type":"Feature","properties":{"code":"07","nom":"Ard\u00e8che"},"geometry":{"type":"Polygon","coordinates":[[[4.4831320440493,45.236445615502],[4.5842858795804,45.244084964738],[4.6024189574118,45.251699611327],[4.5985944793052,45.289484840554],[4.6226711105485,45.291337466369],[4.6144998827011,45.309832990607],[4.6385582894087,45.32619453663],[4.7258207341748,45.361809127681],[4.7725568146969,45.35486629718],[4.7605327238034,45.327460400164],[4.8094568553149,45.289844279254],[4.8048124767787,45.194033858288],[4.8291002542524,45.156686506903],[4.8044870212281,45.121943298284],[4.8273592772733,45.102145788995],[4.8316486153953,45.070271179144],[4.8607510889061,45.055427319327],[4.8403350665335,45.035786029276],[4.8376738035274,45.004788192487],[4.8865943991285,44.936652444616],[4.8579025066681,44.903157789874],[4.8413382097893,44.84259184781],[4.8216552765179,44.838672317135],[4.8225169914307,44.8170913827],[4.7618527499152,44.769443231368],[4.7790663353968,44.654696002617],[4.7411702191089,44.588775228937],[4.7102689640623,44.581547275665],[4.692360716096,44.555893769347],[4.7070188782854,44.530840235114],[4.6882016564414,44.505507967849],[4.7008111306551,44.465407726847],[4.6673737105298,44.430666189382],[4.6489499333936,44.372462429925],[4.649227423465,44.270359808636],[4.5586960480886,44.302442886009],[4.503538697272,44.340187516986],[4.4576163712243,44.341635623893],[4.440502356745,44.284053476816],[4.3934072251798,44.293647114857],[4.3941986915176,44.345264673242],[4.3360706324228,44.339519174094],[4.2884228053033,44.31465771441],[4.2894096266193,44.293214668623],[4.2588499153827,44.264783733394],[4.1867071328058,44.29968541211],[4.1777450676527,44.317879259785],[4.1428714788751,44.313351716383],[4.1267455749949,44.337730884113],[4.0514566440182,44.317321809072],[4.0368667860025,44.330771008666],[4.055527118005,44.365626171449],[4.042468868612,44.39464402593],[4.0684449498584,44.405111736232],[4.0354823981467,44.420090870159],[4.0375991394785,44.445719563488],[3.9875441966947,44.473361271665],[3.9837035025138,44.510167633816],[3.9451514993013,44.573790000095],[3.9284831974258,44.569998826159],[3.90517074571,44.592708958301],[3.8947423692172,44.651129115275],[3.8732699495096,44.678201691122],[3.8845476207292,44.697347879776],[3.8615128126047,44.71201694644],[3.8754615107331,44.740626944691],[3.8625310211191,44.743866105932],[3.924795349749,44.769623984123],[3.9455779540045,44.824415193964],[3.96317818398,44.829753498309],[3.9817003652052,44.811765152168],[3.9800025103294,44.830097794485],[3.9956955079053,44.821280942908],[4.0042371196017,44.836053356709],[4.0283799355707,44.834081856378],[4.0201700534284,44.84572335446],[4.0396337860339,44.873161160486],[4.1561572312146,44.873329080776],[4.2359884866829,44.970400050285],[4.2579311130587,44.959979531121],[4.3116688879015,44.971778239838],[4.2898240145874,44.997302372073],[4.2972444541478,45.017019865124],[4.3817210801496,45.041578104264],[4.3464253885296,45.074635356183],[4.3598684623641,45.099648200079],[4.3995705528059,45.104758184855],[4.3702243365423,45.130296355428],[4.3765615334121,45.144361359671],[4.4227050210625,45.137284079421],[4.4370065836344,45.109530343216],[4.4377435075056,45.121669278229],[4.457292871748,45.119021852513],[4.4432601992355,45.14083118833],[4.4803647181332,45.195328463561],[4.4831320440493,45.236445615502]]]}},{"type":"Feature","properties":{"code":"08","nom":"Ardennes"},"geometry":{"type":"Polygon","coordinates":[[[4.2330628764399,49.957824711709],[4.3336522040504,49.963560746982],[4.4469381022162,49.937508219405],[4.5104090412086,49.94668310443],[4.5930582012037,49.985505370138],[4.6888729975296,49.99550012591],[4.6959001788656,50.059078634975],[4.6831845410969,50.064918750085],[4.702082951479,50.095527943315],[4.7516371956114,50.112096179533],[4.7621611459353,50.136395161183],[4.8225821967951,50.168317417174],[4.8319939129987,50.153954420888],[4.8795586056388,50.152031455312],[4.8948873702986,50.134603452171],[4.8706357641482,50.124646439548],[4.8685258721021,50.097622646189],[4.8435535797063,50.093372937943],[4.8379348636099,50.067107469075],[4.8193112936247,50.065876763524],[4.8403927713466,50.037589003447],[4.7901082811856,49.970018583443],[4.7909101015257,49.958397607379],[4.8501867463093,49.946472183139],[4.8876674649878,49.90625840031],[4.8517209454791,49.856206959432],[4.8738789972466,49.820795895287],[4.8553769519334,49.792361619124],[4.9988354545104,49.799310967803],[5.0089296334883,49.781937129687],[5.093500464756,49.763726941381],[5.1230703404202,49.717305567328],[5.1615689619341,49.714805281588],[5.1662014036773,49.692914558036],[5.2691845901837,49.696071670408],[5.3327639081107,49.652787613834],[5.3046743423384,49.629430201402],[5.3117321993999,49.613546516808],[5.3503363217496,49.630862526305],[5.3935393812988,49.617086785829],[5.3793732756841,49.594336083817],[5.3432352693932,49.59419815719],[5.3117634211943,49.559287129916],[5.262707136888,49.541817880646],[5.2327553218453,49.569476323033],[5.162979025373,49.563530589026],[5.1448486924557,49.589886341917],[5.1122681641473,49.589569241117],[5.1131131503391,49.560620642841],[5.0894349846201,49.541542898558],[5.100580497377,49.535816055819],[5.0623905513409,49.499152667162],[5.1094498519858,49.455422316847],[5.1159039694465,49.421927048206],[5.0863593822614,49.40263284656],[5.1038247267133,49.388839332529],[5.0899234459891,49.370324513714],[5.0602044821857,49.371516208419],[5.026431605262,49.335916662789],[5.0398173770104,49.295200441657],[5.0592653036142,49.289745412169],[5.0511796603743,49.274052634115],[4.9509906730069,49.236867621535],[4.9150358909471,49.265080531868],[4.8809209460769,49.261836038124],[4.868279158254,49.228510768771],[4.8154203920087,49.249858555376],[4.7442321422207,49.24147380968],[4.686077487107,49.256757207882],[4.6355140198289,49.232137951902],[4.5949756349039,49.270730016157],[4.5999803719844,49.288620424164],[4.5758736299471,49.29664842129],[4.4472224785571,49.272534237553],[4.3934273749267,49.297089478883],[4.3756202848697,49.323806086041],[4.306756434583,49.327793732979],[4.2483151328731,49.382258801676],[4.0422957368009,49.416650795955],[4.0376689955921,49.438263004999],[4.0602468457773,49.447151466107],[4.0423746855064,49.468690509147],[4.0407061703752,49.50853200863],[4.0758354322042,49.518345118497],[4.0767490566918,49.531314775054],[4.0487683371061,49.545272613584],[4.0765722336699,49.57112568919],[4.0252899216328,49.62252962525],[4.0432501448672,49.6361455878],[4.1147910874013,49.635304817786],[4.1270270054568,49.677917606181],[4.2247072679536,49.727198714419],[4.2500943395752,49.757098850356],[4.2095884562322,49.781777002902],[4.2270460920968,49.793183108192],[4.2147724033566,49.806110108269],[4.2234884321126,49.83376467914],[4.2530532522095,49.872272130792],[4.2540638814402,49.904004764573],[4.2187089162197,49.920686498287],[4.2330628764399,49.957824711709]]]}},{"type":"Feature","properties":{"code":"09","nom":"Ari\u00e8ge"},"geometry":{"type":"Polygon","coordinates":[[[1.6747945841516,43.281217375945],[1.7238477981704,43.224522495613],[1.7100614045293,43.189696294172],[1.8247771300982,43.145813043369],[1.8482001028058,43.145922753518],[1.8520774929174,43.160513521664],[1.8809180435515,43.126794944692],[1.9177421166021,43.133234660517],[1.9494734751292,43.11949081683],[1.9497271826879,43.080024986538],[1.9638549172992,43.06917736292],[1.9411266925152,43.052718110265],[1.9849967014251,43.032613312256],[1.9695836475611,43.007942793079],[1.9851357344142,43.004594554874],[1.9853242058519,42.966955184292],[2.0036244299195,42.960482549519],[1.9622253344282,42.961140470724],[1.9338478606359,42.939320639064],[1.9805767739427,42.929578816015],[1.9869222151088,42.871007203276],[1.8804691523907,42.852666520642],[1.8593817847995,42.820804962781],[1.8960901541122,42.808667398867],[1.9288394992032,42.774948091707],[1.9081785403601,42.767670627363],[1.9554004775238,42.736704442421],[2.0862958088794,42.751796313706],[2.1678528137192,42.696187020903],[2.1660488223224,42.663917432789],[2.0005161638086,42.661563048952],[1.971753608035,42.616917738425],[1.9361237389211,42.605411191977],[1.9001799629623,42.614904331366],[1.8744788516217,42.581409515841],[1.800999700616,42.572397819345],[1.7259218933308,42.59036432389],[1.7349772402613,42.617150103375],[1.6014688979593,42.628040210076],[1.5492508690021,42.655772723263],[1.4801092686891,42.651393752761],[1.4683365082247,42.630822512454],[1.4772664705807,42.614964046337],[1.4401541878412,42.60350366823],[1.3895995518927,42.685085573888],[1.3544057158196,42.699495465984],[1.3568943438009,42.71932288287],[1.2302143018174,42.72758342439],[1.1727736952394,42.708100928642],[1.0751085868396,42.785348263934],[0.98310308426902,42.787068077252],[0.95989089975521,42.805643824863],[0.92732709328685,42.789255631926],[0.85830081521383,42.825718092689],[0.82612266137771,42.914278721023],[0.87603944818218,42.926912994605],[0.87491501083315,42.957776717926],[0.97909520433636,42.97443264493],[1.0189442034638,43.010383740373],[0.9867359607193,43.027502633538],[0.98517130914337,43.067052731075],[1.0052486980698,43.080665473937],[0.99233974680337,43.098016624836],[1.0116824594973,43.10949847032],[1.0388407127951,43.100549312823],[1.0495535976405,43.139648199291],[1.0879769348772,43.133821692876],[1.1240759431443,43.156907297953],[1.2087319295319,43.117953707641],[1.2236270656509,43.086060227758],[1.2618548870607,43.091652541667],[1.2596485927641,43.104685971583],[1.3020119564183,43.123980856737],[1.2139839741893,43.162432965623],[1.2321332146768,43.188266462242],[1.3146017705234,43.189991031341],[1.3743783770211,43.213744940483],[1.3751545701023,43.237788626735],[1.3318823817822,43.248841488087],[1.3306707599026,43.26255993939],[1.297105154879,43.262429239143],[1.2933090414018,43.285338357056],[1.3239671313317,43.309397473097],[1.3730180033309,43.310144051632],[1.4253583153188,43.256567003232],[1.4176056708049,43.227835861321],[1.4637155449058,43.210599069418],[1.5046030382736,43.221311626744],[1.4945235196899,43.28616026132],[1.5175886435955,43.28941666797],[1.5187269099082,43.269170803809],[1.5475224661578,43.275676101165],[1.5650041733714,43.253338249235],[1.5706398172062,43.275025288273],[1.6372059284418,43.255118083766],[1.6350793089726,43.237097080522],[1.6544432045959,43.243397466774],[1.6511699036493,43.261453377454],[1.6747945841516,43.281217375945]]]}},{"type":"Feature","properties":{"code":"17","nom":"Charente-Maritime"},"geometry":{"type":"MultiPolygon","coordinates":[[[[-1.4809035280913,46.210026584191],[-1.4581989257469,46.228670423688],[-1.4129379411055,46.230133712834],[-1.4439097820914,46.213520554457],[-1.3638972806052,46.207474893999],[-1.2567915781519,46.160986989161],[-1.3216316554218,46.14503661833],[-1.4616048806387,46.202118585061],[-1.5059249533038,46.194090752981],[-1.5353231579785,46.204392826596],[-1.5614800452621,46.245426793509],[-1.500577180767,46.258182208227],[-1.4745480329933,46.23325461767],[-1.5127175658592,46.222324670773],[-1.4809035280913,46.210026584191]]],[[[-1.1294064331873,46.310272328818],[-0.92857576719505,46.371051399922],[-0.9612310671154,46.323395683014],[-0.93489398189823,46.312857623927],[-0.88767597392192,46.326322589931],[-0.8509424448661,46.317185675508],[-0.83988457052554,46.340367099668],[-0.80732128185426,46.339293680039],[-0.75047134037184,46.304254425344],[-0.73588991828554,46.266879576358],[-0.75146594839162,46.24507099292],[-0.69072219675464,46.219205893342],[-0.69112782600009,46.179803971686],[-0.61301775941075,46.161520115387],[-0.6068472739828,46.152812882032],[-0.63340377004308,46.148021432495],[-0.61995852602441,46.137750014696],[-0.5469966913401,46.144227728675],[-0.50608855949266,46.106705947745],[-0.44523811078555,46.09937460024],[-0.42245553906339,46.11330667026],[-0.42251050183753,46.093904665982],[-0.40050701973614,46.084717679031],[-0.3827817863336,46.097704874713],[-0.36272909605538,46.075544897813],[-0.29309092784249,46.086641055838],[-0.27303437704336,46.057314973181],[-0.19397032130938,46.052259455885],[-0.18915119266407,46.026632693161],[-0.17199310246057,46.032911911506],[-0.13674372413356,45.979321738143],[-0.09327322578952,45.959833948001],[-0.097039255426737,45.928384092976],[-0.14900550606153,45.925178208408],[-0.13166455296459,45.911022429568],[-0.14666764833709,45.897775359622],[-0.1153965183234,45.870664008952],[-0.14468370051164,45.839670298572],[-0.1358753369401,45.819926614425],[-0.15605561945411,45.779515353962],[-0.19100869192932,45.789894531994],[-0.22174636217252,45.775742008413],[-0.23871849150901,45.80303325017],[-0.29481326175584,45.805289163403],[-0.3212870680561,45.784501745786],[-0.40038791129214,45.78666760956],[-0.40217606349986,45.77301538502],[-0.46177341555077,45.751290622612],[-0.46000475927654,45.73927130291],[-0.40109121552996,45.734759859379],[-0.41958834610446,45.721636409401],[-0.42292034518264,45.685591002989],[-0.38253774771373,45.659797375177],[-0.40893222648837,45.656182506299],[-0.43199190568977,45.624602844354],[-0.3870866140304,45.625883962975],[-0.2967204538074,45.564495522853],[-0.32161606249361,45.534964864877],[-0.25502307893398,45.521182965101],[-0.26738468810567,45.509080707575],[-0.24199917926696,45.502762015032],[-0.28619795426743,45.456366484089],[-0.26742796692728,45.455680296664],[-0.23406024586768,45.409198691634],[-0.31039530848299,45.386080139957],[-0.30980400438703,45.37371724884],[-0.24626907786219,45.353992412797],[-0.25029908206598,45.341342342169],[-0.27790150964647,45.347755096327],[-0.2838487723318,45.309946617502],[-0.26063823207321,45.298627031974],[-0.22669700728525,45.321429446775],[-0.1570027661118,45.304647680565],[-0.10878357122157,45.28895254882],[-0.11538026933891,45.248074633391],[-0.044174427296423,45.247891898888],[0.0034276727151617,45.228718895198],[0.0016786787652185,45.183382364904],[-0.018373027267724,45.161693678976],[0.0047181608691669,45.153738868895],[-0.037046275435503,45.139030327167],[-0.040197554246423,45.102379906641],[-0.087698819507144,45.121385343046],[-0.15295984730846,45.088810634907],[-0.18920334297908,45.094460899135],[-0.36356477709128,45.170262130456],[-0.3834007878771,45.143333546122],[-0.41750318373793,45.204015328884],[-0.4051131393976,45.239822566668],[-0.42378065552637,45.24780411835],[-0.41865787206374,45.273412127304],[-0.47115623286141,45.292085013202],[-0.56766890429358,45.297602332116],[-0.56896376359337,45.331518881016],[-0.58715999202323,45.34284134679],[-0.59448704800865,45.321142619731],[-0.75267677056313,45.321765614981],[-0.77402172439234,45.369205086916],[-0.84106252140245,45.435085891321],[-1.0257391846007,45.574691325999],[-0.98915191244273,45.581341317039],[-1.0203205505127,45.62151668447],[-1.0488627706461,45.620296785838],[-1.2093162908787,45.696695600645],[-1.2303338364371,45.693221363131],[-1.2425689958526,45.781575345749],[-1.132892019615,45.807422776222],[-1.1680717875645,45.845145151766],[-1.153187170193,45.862358814767],[-1.1210426718188,45.856462545265],[-1.081212277475,45.898789509328],[-1.076864753109,45.936699490286],[-1.094399319351,45.948773629702],[-1.0650836422026,45.955876942711],[-1.0989532154989,45.990511008295],[-1.0630867195678,45.994435355467],[-1.0526895091436,46.011182592646],[-1.1007240096268,46.093795091913],[-1.1431683463329,46.10884040725],[-1.1253028796809,46.110920815275],[-1.1264071986579,46.124260358299],[-1.1729310087073,46.139283394105],[-1.1607229685204,46.1554895116],[-1.206939036394,46.145764027266],[-1.2420434969372,46.157446715501],[-1.2066150416523,46.184680886611],[-1.1990017582044,46.213243547272],[-1.1111664091524,46.261342685351],[-1.1294064331873,46.310272328818]]],[[[-1.2364238849087,45.80453236122],[-1.2661547831538,45.878168876396],[-1.3839170490528,45.951445390606],[-1.3890812144965,46.002682308229],[-1.4134350122266,46.04686461584],[-1.3712729567201,46.039341747981],[-1.3127603503815,45.992975701298],[-1.236032979657,45.98151962032],[-1.2337729337151,45.927058615789],[-1.1883892570962,45.882604284253],[-1.2077101197588,45.85034131532],[-1.1956190365959,45.82969276273],[-1.217429755495,45.813047230038],[-1.2364238849087,45.80453236122]]]]}},{"type":"Feature","properties":{"code":"19","nom":"Corr\u00e8ze"},"geometry":{"type":"Polygon","coordinates":[[[1.8987320820414,45.698276663383],[1.9565811212045,45.724758955489],[1.9885167886234,45.721351415511],[2.0016539166162,45.748070146272],[2.0469321372785,45.763895555756],[2.0813955940415,45.747110632445],[2.0846954513364,45.72804494641],[2.1743482380562,45.732214123162],[2.2023233791081,45.718576123482],[2.1939610907282,45.699043520529],[2.2727104741081,45.68771311379],[2.2733468046127,45.664008285608],[2.3209490355497,45.668590940988],[2.3491879213954,45.70948075492],[2.4358494505048,45.699272327908],[2.4921294160933,45.7376701128],[2.5268700649094,45.694919495794],[2.5129233228036,45.6713335771],[2.5249384159848,45.657234455338],[2.5142980219448,45.639528483879],[2.4833880353068,45.639303519147],[2.4646251782029,45.594410586781],[2.4909285469766,45.560394087282],[2.5163271748739,45.55342839279],[2.5203805740984,45.520450992238],[2.487471709413,45.418842030111],[2.5220338520841,45.402237812322],[2.5227321270438,45.382084686424],[2.4778316883062,45.370410647653],[2.3551307955913,45.415027972839],[2.3682726042671,45.388621392102],[2.3513461420151,45.348610937353],[2.3593793404283,45.335790299537],[2.3177397642658,45.322963729764],[2.1953636990438,45.220851418291],[2.2011879889027,45.181494229499],[2.2335857511761,45.167181650239],[2.1787905007908,45.136297935946],[2.1717594845165,45.081496802672],[2.1456535641311,45.085592171697],[2.0951568732001,45.056033465741],[2.1406414310588,45.005858479694],[2.1329815746739,44.985516038406],[1.9853569537575,44.974450164818],[1.9509915581584,44.953151935667],[1.9390669995572,44.973222308505],[1.9081575006047,44.978423183181],[1.8239145074647,44.927683348732],[1.78487170617,44.937317933441],[1.7749276020491,44.923721627249],[1.7506187292807,44.954961208829],[1.7110326508746,44.967296262803],[1.702662490825,44.987825577102],[1.629956153879,45.033567269253],[1.5763101796546,45.040696470827],[1.5520446044451,45.028473138039],[1.5357229531152,45.046275852749],[1.4619826792135,45.01370224029],[1.3995614571492,45.061184544578],[1.3864362517441,45.102876785498],[1.4128943596301,45.125085838348],[1.307404186823,45.137314954018],[1.2547676106054,45.159308650493],[1.2921236447883,45.186511803411],[1.2278052507949,45.206031457487],[1.2774900011493,45.242079620298],[1.2758370646328,45.2559186387],[1.2271245972559,45.271978251465],[1.2394220228384,45.322752807172],[1.2726036516046,45.32822981062],[1.3227905309582,45.382661066256],[1.2596076806333,45.398352563284],[1.2591268452081,45.419760420828],[1.2892570010192,45.417438486306],[1.2531543680864,45.44422001812],[1.2703383373609,45.47767453679],[1.2870517483656,45.489934212885],[1.3500777990719,45.466891005823],[1.412057555905,45.528083714351],[1.4390800916948,45.521264513501],[1.4803672315751,45.565943103669],[1.4926610127604,45.549346872252],[1.5220862628879,45.564095585467],[1.5571983675006,45.549366357639],[1.5848926742786,45.556078684475],[1.5929603823554,45.575070422688],[1.637667297551,45.580351955747],[1.6820375995624,45.625436348701],[1.7690073620902,45.656757732937],[1.7838730173434,45.680359832055],[1.8713481385443,45.664653768147],[1.9056316168489,45.677971170951],[1.8987320820414,45.698276663383]]]}},{"type":"Feature","properties":{"code":"24","nom":"Dordogne"},"geometry":{"type":"Polygon","coordinates":[[[0.62974117909144,45.714569962764],[0.65423210218119,45.688708205904],[0.72647929320381,45.694448925843],[0.77584324344145,45.667566871982],[0.75152732990991,45.618319302192],[0.77547181041453,45.592381049291],[0.80715430183036,45.593808718707],[0.81149516980134,45.575871443793],[0.84458421559202,45.58414605626],[0.87111784672118,45.622469215895],[0.89219082184256,45.601282841669],[1.0233311222277,45.608927311851],[1.0378037277977,45.568741339867],[1.0803563779529,45.534001427359],[1.1189576898653,45.545495600033],[1.1672854866086,45.524823083995],[1.1359422598032,45.506405455775],[1.1222297120746,45.477235903494],[1.2359397841126,45.455027204041],[1.241404347379,45.437356928582],[1.2621096929858,45.443766495435],[1.2892570010192,45.417438486306],[1.2591268452081,45.419760420828],[1.2596076806333,45.398352563284],[1.3227905309582,45.382661066256],[1.2726036516046,45.32822981062],[1.2394220228384,45.322752807172],[1.2271245972559,45.271978251465],[1.2758370646328,45.2559186387],[1.2774900011493,45.242079620298],[1.2278052507949,45.206031457487],[1.2921236447883,45.186511803411],[1.2547676106054,45.159308650493],[1.2965146282997,45.140190567774],[1.4128943596301,45.125085838348],[1.3864362517441,45.102876785498],[1.3995614571492,45.061184544578],[1.4482602497483,45.019314041206],[1.4092638730924,45.006004469319],[1.4423501795316,44.916547257696],[1.4135387322774,44.911821580701],[1.4419256468077,44.877575693392],[1.3614088604034,44.840796241728],[1.3641055003826,44.811568223737],[1.2996402457488,44.796921415066],[1.2962430489699,44.777811462978],[1.322816677032,44.765133167519],[1.2877769806729,44.714784618791],[1.2704127081354,44.722361774434],[1.2245513454404,44.684265469136],[1.1466756285759,44.670346129862],[1.1537948801342,44.639408990845],[1.0954254371464,44.590239410789],[1.10321434571,44.571734741055],[0.9791235230928,44.643607663491],[0.87785522131399,44.615460197735],[0.86999224882068,44.597310797789],[0.84250074564053,44.600962425481],[0.81700413459438,44.627005076133],[0.84339892561011,44.663482499488],[0.82699837154341,44.69189132944],[0.79772154851158,44.701768085135],[0.7798310395793,44.683389762054],[0.6849985568551,44.675550535442],[0.65743174445133,44.677850624615],[0.65589506955682,44.694208640971],[0.63048461600039,44.70652938729],[0.62001412394403,44.691298261574],[0.57715032653657,44.694022262337],[0.570416745932,44.674897613312],[0.54124786531433,44.665158664905],[0.52178035716357,44.678540368601],[0.41471046209978,44.646333606438],[0.35458874373803,44.654812823774],[0.34618532398135,44.72254110551],[0.27422143591466,44.783396630933],[0.26372618640876,44.826279352937],[0.31506020240148,44.845415778491],[0.28515427203214,44.864559374292],[0.23764871759625,44.869244743449],[0.24175586953546,44.856896621192],[0.19289670858098,44.821030025695],[0.1126443072455,44.819064166843],[0.098021195945006,44.83286857884],[0.075753601678977,44.819691250591],[0.039465724707109,44.827491118364],[0.021068730009597,44.849764251415],[-0.034209540087703,44.852109918912],[0.034364629036925,44.915470221895],[0.0092278596756798,44.962772057093],[0.033385476085785,44.980626698129],[0.04364304777729,45.032727630944],[0.073291450340814,45.070124430762],[0.046062765840233,45.113225257483],[-0.0035550868294509,45.119565426221],[-0.040197554246423,45.102379906641],[-0.037046275435503,45.139030327167],[0.0047181608691669,45.153738868895],[-0.017852544026991,45.169219084458],[0.053427894812278,45.226854908396],[0.14548278729734,45.214442736387],[0.17460141923617,45.239293180311],[0.17509716606769,45.260270315446],[0.20484689543031,45.264012329551],[0.22003424892432,45.289805400589],[0.26660296978794,45.297745901318],[0.25031149908812,45.373412622458],[0.27061444567416,45.420406763477],[0.31787770256526,45.436660724831],[0.30267332511178,45.459062975769],[0.33082431658907,45.444453188001],[0.33286092152216,45.459406476728],[0.38169806860726,45.486257002114],[0.43174334891146,45.485591802493],[0.46573556287174,45.539620525876],[0.50649651854355,45.553883504146],[0.51559326392688,45.600376147073],[0.49964719571994,45.61725840045],[0.52922550873209,45.644017077379],[0.53553993475933,45.633365219553],[0.57544701362335,45.640928641003],[0.56781134452759,45.651022517126],[0.62974117909144,45.714569962764]]]}},{"type":"Feature","properties":{"code":"27","nom":"Eure"},"geometry":{"type":"Polygon","coordinates":[[[0.29722451460974,49.429859840723],[0.50251520739814,49.485111873749],[0.58188184458619,49.433632944846],[0.63412440818502,49.434463954235],[0.66528473510118,49.401997722838],[0.79786974362259,49.417557183588],[0.81888027155234,49.398182878344],[0.87033041806675,49.394166851087],[0.89254570310317,49.372233966288],[0.91811535035589,49.385457817834],[0.93202913089827,49.344749683067],[0.86622900849809,49.342309783711],[0.85246768535533,49.326488531003],[0.89481428802281,49.316006224831],[0.90075665085202,49.297063659707],[0.93650102423199,49.31921212392],[0.9557712480057,49.271462930815],[0.97079868730402,49.280532893554],[0.99276212065971,49.253192391205],[1.0133221517563,49.252262168305],[1.0540655714671,49.268105682449],[1.0644196875088,49.281936004992],[1.0481433809466,49.297882244778],[1.1339907890446,49.309842015717],[1.1602570896098,49.341997772279],[1.2721367892739,49.346284740023],[1.2854841472719,49.38817876933],[1.3080614529965,49.395354697053],[1.3096373647687,49.428733548322],[1.3367318187267,49.42769114546],[1.3452388768398,49.448058599484],[1.4771804721454,49.451327801496],[1.537389344223,49.43039797237],[1.5754240690858,49.440139502679],[1.6069621918063,49.410851784225],[1.6592989506899,49.398985140911],[1.7401057248725,49.405314790651],[1.7203128039946,49.39483019677],[1.7594132403395,49.36814533573],[1.7676000740408,49.315889978292],[1.8026740663848,49.271947858898],[1.7895339086741,49.247870747839],[1.7547213954529,49.270007807429],[1.7104820360249,49.264465989242],[1.6233233619235,49.086078404348],[1.4472851104304,49.053509472828],[1.4787512905862,48.998884682872],[1.4609202371105,48.986433838647],[1.4706099672547,48.975306435494],[1.5155485568584,48.976406187821],[1.4966058957223,48.969344788938],[1.5015266013113,48.941051842112],[1.4479593034805,48.924639965044],[1.4653628424762,48.877601417126],[1.3621823366519,48.834179921179],[1.3744255946955,48.782613836125],[1.3329054445301,48.762612355286],[1.2545465453882,48.758629272206],[1.246023632927,48.769675823998],[1.223526519249,48.758056658402],[1.1213959532999,48.789195509733],[1.1126577960236,48.751863710692],[1.0590712054157,48.756765184439],[1.0316499412576,48.730581545643],[0.92119872414556,48.709175212814],[0.88836808739528,48.718920532577],[0.85036287028898,48.682948048025],[0.78220679339237,48.666521479531],[0.76408006596892,48.675272833699],[0.76605034714122,48.696795557534],[0.73058883988464,48.705203303323],[0.77495753063022,48.737530835487],[0.75843020314215,48.767968371666],[0.61028848587188,48.831311343399],[0.62935408701068,48.85358418848],[0.58962884714758,48.872596179204],[0.59717255366436,48.884985872618],[0.44311076213435,48.88128008313],[0.38618253122967,48.910414357049],[0.44627431224134,49.014965324445],[0.36710189915104,49.052400965803],[0.38687315179178,49.074428646402],[0.41801317491927,49.073857705229],[0.39971762035569,49.10053703168],[0.42680057879681,49.142505589649],[0.38589506777489,49.154052169189],[0.3947248164373,49.208444970872],[0.32602069862327,49.243848657902],[0.3827798797512,49.264016325866],[0.38391220613638,49.28554046475],[0.34456630039903,49.295323299626],[0.30899424244078,49.283211083763],[0.32301639746411,49.296990615639],[0.29815375911751,49.31441039187],[0.32342530221557,49.34064105785],[0.30171495288459,49.371306288931],[0.29722451460974,49.429859840723]]]}},{"type":"Feature","properties":{"code":"37","nom":"Indre-et-Loire"},"geometry":{"type":"Polygon","coordinates":[[[0.23000044283917,47.608397360802],[0.25925309972834,47.612253732911],[0.3789542711163,47.569104805534],[0.40216586206278,47.579002216555],[0.36480446047317,47.620165400372],[0.38107503178189,47.639064909321],[0.44993291932188,47.619329777154],[0.47607646347987,47.648011563852],[0.61480416648326,47.68275087954],[0.63086800399034,47.709346222795],[0.65412732285932,47.698799689193],[0.64390482458794,47.685067251567],[0.67477571238337,47.699006801159],[0.71214799110974,47.681812388507],[0.73531585422423,47.695402804796],[0.83496748767096,47.677165233877],[0.86060587060998,47.688018990953],[0.84591633650506,47.647754456871],[0.86389183389428,47.599630367943],[0.89893247520029,47.604701943576],[0.91900574324429,47.632611664588],[0.96427671081529,47.629106510599],[0.99178650747969,47.620027809173],[0.99702027543332,47.583970079496],[1.0333513708963,47.60700704889],[1.0763324091565,47.563220588685],[1.0452962339787,47.531486300724],[1.0675584935427,47.522555271866],[1.0890903403387,47.462245859685],[1.1128845724069,47.465918778816],[1.1323602092461,47.446466593613],[1.112710681243,47.428740433958],[1.0851384560263,47.429997142026],[1.1235227723843,47.391947304044],[1.1063733834643,47.371523980706],[1.1228285926711,47.354020163768],[1.094858720305,47.328533130173],[1.0989538173396,47.311708795136],[1.1620591370279,47.272198707934],[1.173207188077,47.285311232893],[1.2390417763896,47.288850417214],[1.3467098477255,47.168763035526],[1.3653663291974,47.12204955205],[1.3445235375283,47.101628681302],[1.3188337884266,47.104913182924],[1.3126429957289,47.073774055065],[1.2937745970093,47.072255183314],[1.2730582525963,47.03783145755],[1.2320899400978,47.014142864447],[1.1614195391536,47.03962293091],[1.08506655771,47.020688086638],[1.0559227392471,46.995938541629],[1.0635391807284,46.957306774009],[1.0375841279898,46.941252795031],[1.0194707995534,46.849359367962],[0.98747609997385,46.804582753115],[1.0116874509333,46.757807396767],[0.98881316105931,46.761544268841],[0.95637654222944,46.737086924375],[0.92470385464529,46.757126310086],[0.86746898682573,46.748216404838],[0.84293807311317,46.764275112746],[0.81190192936381,46.794504364542],[0.80932023680023,46.827853568236],[0.78680224354972,46.840463346525],[0.79645898941075,46.848962468561],[0.76879944678165,46.85074613749],[0.7043177119069,46.903295922263],[0.69256676799124,46.974304310533],[0.63621078823085,46.985451013839],[0.6188740376389,47.007464569411],[0.56695306996355,47.002266858023],[0.60117289544287,46.973094369377],[0.59834824957594,46.956764146875],[0.5061349705044,46.959245419792],[0.43870457627727,46.929578354733],[0.36651145250788,46.949554418002],[0.32483667041576,46.930652041087],[0.30073879657193,46.973829519846],[0.30698465850517,47.048723481399],[0.26770726634947,47.04388297477],[0.26165981464917,47.070051249456],[0.17997285846393,47.059187917933],[0.17421802926902,47.071274231914],[0.20095307158529,47.091257976623],[0.18145709966147,47.1143899519],[0.16126718554822,47.100796179607],[0.12372359489648,47.128315822721],[0.084648249403316,47.118377760157],[0.078395363975684,47.146334786534],[0.053830055961677,47.16373374848],[0.078978960154079,47.282822156056],[0.14796868770319,47.348447803202],[0.14165395029201,47.361961427199],[0.18296214025622,47.38033044936],[0.15385793095636,47.398727021572],[0.18138204745888,47.417824739063],[0.18093772230519,47.453404824236],[0.22010664406864,47.50195233416],[0.22491484141757,47.52709951065],[0.19334553772128,47.539118278038],[0.23453049018557,47.57797744555],[0.23000044283917,47.608397360802]]]}},{"type":"Feature","properties":{"code":"48","nom":"Loz\u00e8re"},"geometry":{"type":"Polygon","coordinates":[[[3.3613476310625,44.971408091786],[3.4045530849223,44.956400427592],[3.417976841379,44.900767433551],[3.478809589921,44.809446829457],[3.578465058473,44.825696757681],[3.5943335024029,44.875433384901],[3.6423461696965,44.878382169756],[3.6704785324924,44.850864431429],[3.6574209674758,44.836124356852],[3.6663623630222,44.828776303359],[3.7406494702404,44.838697356604],[3.8033308935883,44.770414179887],[3.841603226393,44.772129900378],[3.8365590308337,44.747847636802],[3.8754615107331,44.740626944691],[3.8615128126047,44.71201694644],[3.8845476207292,44.697347879776],[3.8732699495096,44.678201691122],[3.8947423692172,44.651129115275],[3.90517074571,44.592708958301],[3.9608749832371,44.554803732187],[3.9981617468281,44.459798467391],[3.9512054176571,44.402087805603],[3.8859181180291,44.387999952482],[3.9523300614322,44.328390007654],[3.9228602111024,44.30522063075],[3.9355738846832,44.274744298137],[3.9746483176338,44.260288859328],[3.9461669523151,44.240169534193],[3.9370729983754,44.195595947902],[3.9598822674885,44.191253623903],[3.9743738242883,44.164502268256],[3.9219574771069,44.180320696004],[3.927270718019,44.161294730529],[3.8775632202183,44.132861161031],[3.7969975612425,44.127385461306],[3.6786431948201,44.182760565003],[3.6496443307415,44.180846928062],[3.6278241155281,44.155028504469],[3.6526725494152,44.145568354025],[3.6334911540563,44.122696230536],[3.5464861213512,44.113818175271],[3.4397273942713,44.129098275979],[3.3391826316079,44.202751760551],[3.2066091665582,44.189931038205],[3.2298513180005,44.226251406383],[3.1638192967351,44.243869641892],[3.1540845204064,44.273172636192],[3.1241560155353,44.260325302915],[3.1252325845717,44.284463569435],[3.1542553794088,44.308367530555],[3.1517097885451,44.332414822245],[3.1339016413735,44.332987029876],[3.1211237751057,44.361882416935],[3.1197174609736,44.383381712586],[3.1405520936589,44.392614462133],[3.1267160037072,44.413956480342],[3.1417277675188,44.428457291816],[3.1357398668406,44.454869326281],[3.0685440473718,44.503492403034],[3.0759029843264,44.572972781335],[2.981760369824,44.651994919411],[3.0160122019676,44.713692453341],[3.0391236076168,44.714995724501],[3.028416597051,44.73255744411],[3.0457487033386,44.799052030765],[3.0768587089093,44.824410436955],[3.0714754944234,44.834124974928],[3.0994806863618,44.833584813393],[3.1054945101096,44.886774806731],[3.1410977876348,44.903315197313],[3.1823170380273,44.863735423357],[3.2252942367053,44.882045162686],[3.2278135177439,44.909928387989],[3.2496887102206,44.916235200562],[3.245167534381,44.93480347612],[3.2595403854401,44.942429341236],[3.2860179111885,44.926382028761],[3.3545315434466,44.9548199209],[3.3613476310625,44.971408091786]]]}},{"type":"Feature","properties":{"code":"58","nom":"Ni\u00e8vre"},"geometry":{"type":"Polygon","coordinates":[[[2.930733371753,47.431324302158],[2.8451871650071,47.544932948997],[2.9142961197082,47.565971982014],[3.0256394695906,47.558753676789],[3.1020032714546,47.587958865747],[3.120738729187,47.578209745666],[3.1220506256694,47.541050819435],[3.1651894180107,47.517498399368],[3.2046478507551,47.522967246062],[3.2354836014321,47.489179997681],[3.2852475606666,47.503940436698],[3.3463120491845,47.472435421254],[3.3972879668438,47.508862995228],[3.4456297303673,47.511198743003],[3.4878750791397,47.493920811494],[3.4923652081816,47.560128896705],[3.5135076422025,47.527667101917],[3.5806141829017,47.497865949973],[3.5870681198871,47.456189719915],[3.6178481856464,47.46475971622],[3.6745779225073,47.449545490805],[3.6733668814352,47.435660360739],[3.7262902213831,47.398242621047],[3.7742634274104,47.405933574958],[3.8184735032465,47.380186131386],[3.8515038925646,47.435582552834],[3.8799100996303,47.429809529421],[3.8933359684125,47.410556196782],[3.8635262780677,47.395838910921],[3.8714185455276,47.367349720507],[3.9442431429877,47.380215683342],[3.9482193285937,47.393475824008],[3.9734249529811,47.372878988697],[3.9730885348498,47.33271185193],[3.9992678352806,47.312769315752],[4.0287589499002,47.315579997017],[4.0501742581832,47.340237695425],[4.1134743533021,47.334688318727],[4.1420339517931,47.353410405176],[4.1141074337361,47.307955306705],[4.1247217853652,47.251556580615],[4.1354786120349,47.237397237251],[4.1780483980403,47.250291504021],[4.2306617272065,47.198946708221],[4.2098316194928,47.155410810959],[4.1150660580207,47.146161181367],[4.1122626988576,47.118983845261],[4.0481739880777,47.109966250504],[4.0387223667702,47.080008269353],[4.0720151548184,47.054495729639],[4.0606658400579,47.024972535492],[3.9951615578479,46.985310080182],[4.0144190745946,46.972477975289],[4.039402003189,46.985112713117],[4.0557200391713,46.956749646361],[4.0408074643843,46.950628112044],[4.0372192814383,46.918152029371],[4.1008830130886,46.859103716467],[4.0423720361053,46.834119533114],[4.0627058296664,46.789361126398],[3.9919552712787,46.776752031818],[3.9233963374575,46.738871738421],[3.7973242309307,46.701499072057],[3.7826230283356,46.736194804924],[3.7361900575316,46.752473902091],[3.6620658803764,46.738060599572],[3.5910525816638,46.762426406979],[3.5806709648764,46.752741235279],[3.598000652576,46.723983498355],[3.5503869458917,46.715861095646],[3.5543959772727,46.684731744078],[3.5300363962253,46.688813284083],[3.4865354798384,46.65380880583],[3.4572892729042,46.651760006926],[3.4341396009475,46.711907843672],[3.3877581200663,46.714818365449],[3.3467035850706,46.684418162056],[3.2697959512206,46.71674181988],[3.1972601846791,46.679928148065],[3.1297797354937,46.727201530755],[3.0610780913415,46.749849808096],[3.0320629441459,46.794909389217],[3.0671018851119,46.847818120893],[3.0502954877584,46.910631265703],[3.0793324170792,46.955115150499],[3.0629299477088,46.981085018578],[3.0748375004401,47.029815006019],[3.0187160021753,47.070780884737],[3.0280905152523,47.129064982977],[2.9816886133559,47.221993356801],[2.9834001334309,47.259765880582],[2.8765423657559,47.321934350315],[2.8734919391537,47.348396860493],[2.930733371753,47.431324302158]]]}},{"type":"Feature","properties":{"code":"60","nom":"Oise"},"geometry":{"type":"MultiPolygon","coordinates":[[[[2.9902257358935,49.210674578642],[2.986692959255,49.218744676249],[3.0027558359081,49.218836179133],[2.9902257358935,49.210674578642]]],[[[1.7471451565537,49.757054329335],[1.8367369152631,49.740116319336],[1.8207632027639,49.722151536711],[1.8489820073575,49.701631956735],[1.8938657876757,49.698984649558],[1.9332028186606,49.719633496535],[1.9490957317415,49.700799437057],[1.964227071738,49.716176638285],[2.0354858488082,49.709101413159],[2.0653010804938,49.683146860964],[2.1564869379493,49.702113852562],[2.3157228175868,49.68975570628],[2.3731470912741,49.656262653184],[2.4456566594192,49.652976288486],[2.4781157157449,49.620791102842],[2.5047475416297,49.639464567535],[2.5650187853668,49.618942322527],[2.5714988829262,49.597078849268],[2.6240655802021,49.610230243392],[2.6277942663565,49.585396691219],[2.6496341022379,49.571762327],[2.6707176060094,49.581414652757],[2.6891461156895,49.625604569913],[2.7994962764821,49.620589648566],[2.793605509577,49.655952413736],[2.8501054632717,49.661734863215],[2.8572606727357,49.683666684467],[2.8878187574055,49.683329383346],[2.8662035297843,49.702491469092],[2.8842491853168,49.710638066104],[2.9157142028651,49.702669694334],[2.9534435781073,49.66649717999],[2.9488409292444,49.692322577611],[2.9895904717799,49.70802401434],[3.0261613710586,49.680295333003],[3.0629532474138,49.712572694325],[3.0834622590288,49.712492975333],[3.083934054211,49.692615286185],[3.1184045303955,49.705964066166],[3.1273514963453,49.669560167436],[3.0977803822632,49.656685783641],[3.1127647616219,49.631326135242],[3.0935808403797,49.622546795198],[3.1398162780798,49.57623493299],[3.1269766852551,49.573040797596],[3.1265659892961,49.525832923061],[3.0957755908947,49.513401263746],[3.1212851485729,49.493673600223],[3.1070840899002,49.4682268944],[3.162641421643,49.440640583775],[3.0937848436209,49.433744170658],[3.0953847473833,49.37712087468],[3.0767803399143,49.37126184005],[3.0747273511678,49.348968273056],[2.9658317712153,49.321018144109],[2.9945965377278,49.286553379039],[3.0376248562025,49.286391219561],[3.0268892663569,49.275528461066],[3.0399323397122,49.22616188589],[3.0216640503059,49.216204659573],[3.0027814460118,49.235691549882],[2.964764519701,49.232581305692],[2.9624508927558,49.219995477274],[2.9677470468385,49.19164819014],[3.0229815457334,49.169940216174],[3.0377737043933,49.170466926044],[3.0350745943294,49.183610008704],[3.0021369671079,49.187948463381],[3.0004940244253,49.213628237896],[3.0868718810072,49.184455859741],[3.1027163729533,49.197259135143],[3.1213544037116,49.16156497702],[3.1444075970975,49.16203222082],[3.0483557770377,49.08631637936],[3.0085155423352,49.091506561321],[2.9879964190903,49.072371853401],[2.9704735929189,49.088974001698],[2.9015078822282,49.085373143453],[2.8557424844029,49.070260111043],[2.8090528505052,49.097537605404],[2.787073783912,49.07527418833],[2.7350099332564,49.060452516659],[2.7204862280103,49.074886920193],[2.6909952426863,49.066575827238],[2.6332770991263,49.108372635105],[2.5905283926735,49.079653961607],[2.5581755098966,49.098381756011],[2.5561550654469,49.118627938332],[2.5329944482474,49.119245162084],[2.5310585957685,49.099597191318],[2.4899295573932,49.106359373937],[2.4992321189629,49.122269747269],[2.4354018020913,49.133939040206],[2.4409039786288,49.14580411257],[2.4153544805398,49.151762413963],[2.370937678429,49.159173609651],[2.3592998527471,49.147343950086],[2.3109304401404,49.186404768181],[2.2862682227562,49.160277559835],[2.2230049777895,49.151869445673],[2.2354095182703,49.167035850124],[2.2186458815721,49.180685270888],[2.1642743368285,49.166004802028],[2.1645707336419,49.179671393215],[2.0968798927064,49.189757147704],[2.0808850919985,49.209773929407],[2.0045021739488,49.177609556506],[1.9734431640564,49.18389441504],[1.8852348791181,49.162636028533],[1.7954740881562,49.18526277584],[1.7421415990654,49.180151725276],[1.7155761288215,49.203118037941],[1.7336823766846,49.210958623685],[1.729662120604,49.22919730317],[1.699042864415,49.234864303276],[1.7014183926808,49.252460272045],[1.7547213954529,49.270007807429],[1.7895339086741,49.247870747839],[1.8026740663848,49.271947858898],[1.7676000740408,49.315889978292],[1.7594132403395,49.36814533573],[1.7203128039946,49.39483019677],[1.7401057248725,49.405314790651],[1.7139306567281,49.409224915677],[1.79022549105,49.503468309638],[1.7718616459246,49.512848245546],[1.7437037722862,49.495260515275],[1.7192339956449,49.508224831919],[1.7446099134771,49.539601433398],[1.727181881084,49.541625548343],[1.7216170199559,49.588805803542],[1.6951880268931,49.599725188693],[1.7216033847573,49.621992077342],[1.7034537142049,49.645178379124],[1.7521845944048,49.680960782507],[1.7506387449271,49.693804769865],[1.7045184506731,49.68092815534],[1.6895744511517,49.694787428191],[1.7471451565537,49.757054329335]]]]}},{"type":"Feature","properties":{"code":"64","nom":"Pyr\u00e9n\u00e9es-Atlantiques"},"geometry":{"type":"Polygon","coordinates":[[[-0.27639878289495,43.584757375032],[-0.17641684233457,43.596401195938],[-0.16044860312899,43.580574768792],[-0.096787871742487,43.582404857482],[-0.094969201412123,43.548141189515],[-0.064394904836236,43.545147116286],[-0.040135444460287,43.512604399189],[-0.049321056921324,43.492468050259],[-0.01781381554075,43.472147456522],[-0.065757532784034,43.463483610747],[-0.053836151217704,43.418937636756],[-0.066460558394679,43.411733865017],[-0.042752022413969,43.410434732548],[-0.0009763127221442,43.444398882283],[0.0095923341693579,43.422106177396],[-0.0052544098304965,43.373757650344],[0.02629551293813,43.341364458979],[0.010318205390046,43.325314740811],[-0.024874069651994,43.329492363991],[-0.046122559308833,43.300858489621],[-0.017008526259885,43.270448647152],[-0.049462179860127,43.217180833465],[-0.07252723387475,43.224387038006],[-0.06786899220915,43.177118135342],[-0.10448219117427,43.166691440804],[-0.11770126761715,43.180323067986],[-0.14613588573303,43.128233156333],[-0.19098051290629,43.111202819975],[-0.18964711095987,43.052021067576],[-0.2239464237385,43.033684092022],[-0.25993739842031,43.038277556214],[-0.26484031266067,43.009957412551],[-0.28772006609469,43.005371765683],[-0.27938737996819,42.942120483339],[-0.3270823405503,42.915785217713],[-0.30749089647919,42.867843636256],[-0.32341849261751,42.835493251193],[-0.34754374621365,42.835913719016],[-0.39259734345566,42.799559432268],[-0.4397463890216,42.796464192609],[-0.50965055176559,42.825391497677],[-0.55120490858256,42.777515930774],[-0.57059337631889,42.782911889725],[-0.56886605101147,42.806822105003],[-0.60076025043393,42.806307889858],[-0.603635315569,42.832617711388],[-0.67603386909387,42.882121412448],[-0.72975658553822,42.896558450267],[-0.72506592676777,42.923031036303],[-0.75637833414362,42.96842723143],[-0.81001402324725,42.951435944964],[-0.91428689185959,42.963568880303],[-0.94645511377364,42.954058399843],[-1.017553501514,42.994381215156],[-1.0702604908545,42.997696781882],[-1.1106631611518,43.020497969179],[-1.1425678944125,43.01020623111],[-1.1482628224762,43.026042549327],[-1.2129701620528,43.051464997176],[-1.2642864994766,43.044562906927],[-1.3085440571134,43.068678772612],[-1.270184195429,43.11856931563],[-1.332008952146,43.107918007228],[-1.3547517961039,43.028468046718],[-1.4351873583595,43.045028123845],[-1.4708680288881,43.091714158473],[-1.4139466293353,43.129178212008],[-1.4160249876204,43.149739804939],[-1.3838251967031,43.190817108926],[-1.3827864939261,43.253297008751],[-1.41320553569,43.27341516617],[-1.4388526778219,43.266517244479],[-1.531891014245,43.29350768549],[-1.5647157911934,43.28791347967],[-1.5751249050756,43.249838487966],[-1.6089315872346,43.252129248888],[-1.6303661025897,43.284448371284],[-1.6238145722959,43.305851119398],[-1.6657592290595,43.314078692272],[-1.729748923648,43.295678859867],[-1.7373522231501,43.329700042997],[-1.7754875064062,43.343951352243],[-1.7908870919282,43.373441337557],[-1.6868172953384,43.396262202116],[-1.6697675811644,43.388034474703],[-1.5973883731702,43.437492657411],[-1.524870110434,43.52969939564],[-1.4766158822802,43.53918061625],[-1.4177765658159,43.497766825248],[-1.3679063796964,43.49490201152],[-1.291185807586,43.498202631439],[-1.1708199002333,43.545608985466],[-1.1330248441299,43.520785769377],[-1.1652255750741,43.508212943175],[-1.1700585048391,43.493509086399],[-1.1475771656484,43.487949116697],[-1.0808322166668,43.522864721293],[-1.0689958539289,43.508450037933],[-0.99338967006359,43.505385487649],[-0.9933158275928,43.53975988063],[-0.8428108491379,43.543414990067],[-0.76827845568514,43.579485229847],[-0.71538850529851,43.541111448682],[-0.70754926487636,43.557056799782],[-0.64318640735324,43.574382351643],[-0.65828413899537,43.560563803045],[-0.61540683919424,43.538593241598],[-0.56707553935391,43.558215434064],[-0.55716948921661,43.542797337202],[-0.44828752670584,43.596092979229],[-0.43177477127389,43.586329386204],[-0.46343337473017,43.566591187727],[-0.45203283532481,43.550437447846],[-0.40603700249402,43.568225793838],[-0.33596232349939,43.550854218394],[-0.27639878289495,43.584757375032]],[[-0.10728332222542,43.370734939225],[-0.090143282581254,43.358859352353],[-0.086786928155415,43.336872044844],[-0.10847946239493,43.337801770075],[-0.11139515774132,43.315808605005],[-0.075041474866062,43.307136096993],[-0.065396680791735,43.35504948237],[-0.09095912750824,43.37316253716],[-0.10728332222542,43.370734939225]],[[-0.10307051080042,43.242819142542],[-0.079283735332789,43.271656452017],[-0.11185367186851,43.31039465909],[-0.14061503281768,43.271941230583],[-0.12215124145212,43.243893908194],[-0.10307051080042,43.242819142542]]]}},{"type":"Feature","properties":{"code":"69","nom":"Rh\u00f4ne"},"geometry":{"type":"Polygon","coordinates":[[[4.3880744564659,46.219790380732],[4.4058135314858,46.296057806589],[4.4272337977412,46.302730717527],[4.488465816487,46.287994462282],[4.5039940949336,46.267132463094],[4.5464477974735,46.27391839397],[4.5577956308141,46.294551640092],[4.5865068000033,46.268694622582],[4.6185580580588,46.264793895574],[4.6352614072065,46.299289507242],[4.6931098569714,46.302197476983],[4.7076872577415,46.269647917424],[4.6795502516132,46.258666565339],[4.7357666167041,46.234244688808],[4.7206237625559,46.222390986056],[4.7356928657613,46.211923783014],[4.7243706747794,46.184304976244],[4.7802082627383,46.176676203678],[4.8023781362741,46.156887423266],[4.7503200135049,46.094147345645],[4.7616829876026,46.06883528189],[4.7395251280198,46.047211663829],[4.7546311649847,45.973618413908],[4.729097034294,45.949095813426],[4.7361797864484,45.938458980345],[4.8058607348054,45.921560609717],[4.810260610989,45.897565111704],[4.8480301401278,45.912976466425],[4.8806970810747,45.897164902283],[4.8838320029013,45.879991282684],[4.909010250355,45.874107574527],[4.9012146769683,45.860333149898],[4.9237976894917,45.803994890806],[5.101068799884,45.813378958875],[5.0893113585792,45.784275046022],[5.0595234976359,45.782545469588],[5.0701066801383,45.765478936083],[5.093096251464,45.766087895262],[5.0945254918509,45.739450682898],[5.1592030475156,45.714572205586],[5.1048861162621,45.700378923523],[5.1081345828339,45.688028491968],[5.0542255730691,45.660136259749],[5.0351462071679,45.637203894595],[5.0380861620656,45.615067173692],[5.004740525885,45.62311302936],[4.9894470341835,45.618525768193],[4.9979604182227,45.603410458278],[4.9014588479373,45.60626328191],[4.8577266463597,45.5795777754],[4.7771292183341,45.587395458322],[4.8728116747039,45.531305267791],[4.7822796715264,45.472208128185],[4.7794738263144,45.45503324486],[4.7569316195483,45.455703808946],[4.7223405808585,45.494295691224],[4.7002191965255,45.478249654895],[4.6551392825647,45.486304493343],[4.650497265707,45.528252850314],[4.6831387073324,45.565644636168],[4.6492789007153,45.56490904439],[4.6589149161667,45.542658451096],[4.6447024494625,45.540521160907],[4.614861970331,45.575470989539],[4.4679838181681,45.586688341581],[4.4404819320115,45.623477104497],[4.3659250305716,45.67124520038],[4.3655162451168,45.698520895445],[4.402874533303,45.744322736901],[4.3648245203449,45.749517040539],[4.3493594526122,45.771303606196],[4.3884958699132,45.806032530629],[4.3762210046271,45.824638493705],[4.3937657765842,45.865177816896],[4.3421582115897,45.877180049661],[4.3239325275487,45.900497659693],[4.3437483577496,45.931115680498],[4.243469905983,45.997155157363],[4.3005636506591,45.991309437399],[4.3125045374594,46.005590580996],[4.25428598242,46.052728453285],[4.2970729797104,46.063367890941],[4.3215705432747,46.129223594176],[4.3802731178293,46.150002449909],[4.4107792053657,46.136621688891],[4.433065036007,46.157315762201],[4.4385869916472,46.16787797859],[4.3959933191533,46.189137102955],[4.4218122058978,46.208599447092],[4.3880744564659,46.219790380732]]]}},{"type":"Feature","properties":{"code":"71","nom":"Sa\u00f4ne-et-Loire"},"geometry":{"type":"Polygon","coordinates":[[[4.0481739880777,47.109966250504],[4.1656108131479,47.119768640258],[4.1871155557993,47.13364213251],[4.1818950614264,47.150507773033],[4.2098316194928,47.155410810959],[4.2733576197273,47.10819770186],[4.349381880875,47.096949934296],[4.3534159033672,47.064032857417],[4.3829837819377,47.083083950889],[4.4157833418885,47.077861293046],[4.4062794640699,47.049999940669],[4.5122367617327,47.011776209649],[4.5548142345394,47.020051751791],[4.547442238525,46.997604742791],[4.5938958784994,46.953670496961],[4.6791588393663,46.929068279952],[4.6645220130405,46.914155683564],[4.6854836804585,46.900857518168],[4.8939105794766,46.951169780374],[4.8960727386751,46.966242884867],[4.9838246080058,46.959257530031],[5.0493062298333,46.981583286536],[5.1062786065898,46.955761650391],[5.222007205358,46.988850972047],[5.2552323566327,46.97988727181],[5.2632632275105,46.935908986811],[5.3084905287746,46.937356553152],[5.328668893399,46.89427196578],[5.3633736848055,46.88325738824],[5.3907640809284,46.894366911749],[5.4038429343802,46.8895159374],[5.4018235507818,46.868321978157],[5.4592877768562,46.855245657553],[5.4567694196974,46.83096747796],[5.3285848429923,46.812954827447],[5.3401395358873,46.790820312845],[5.3902478807842,46.770586580904],[5.3612646423948,46.731562182096],[5.3910888917579,46.728698245923],[5.4077513434675,46.695884065976],[5.3953606617938,46.685052412753],[5.4220848047125,46.673033412338],[5.4154976516957,46.654978931388],[5.4411065155678,46.637538242564],[5.3985819483749,46.612532369876],[5.4134417713639,46.60042718918],[5.3976477370739,46.579829483685],[5.3621183709734,46.577266498184],[5.359197282296,46.522558128915],[5.4195457769452,46.502301459279],[5.4157407818816,46.473142287102],[5.2759250637615,46.4481213263],[5.2150628404089,46.468359298393],[5.2011399666188,46.508211405762],[5.1667923612572,46.514674866375],[5.0523715346281,46.484873791529],[5.011007749262,46.510294840159],[4.9491021767105,46.501380502462],[4.9400218107181,46.517199374492],[4.8514544831808,46.356271094403],[4.8534210199043,46.32990123356],[4.7802082627383,46.176676203678],[4.7597597705914,46.172840600415],[4.7243706747794,46.184304976244],[4.7356928657613,46.211923783014],[4.7206237625559,46.222390986056],[4.7357666167041,46.234244688808],[4.6795502516132,46.258666565339],[4.7076872577415,46.269647917424],[4.6794340760587,46.303994122044],[4.6352614072065,46.299289507242],[4.6185580580588,46.264793895574],[4.5865068000033,46.268694622582],[4.5698487572768,46.293352201901],[4.5039940949336,46.267132463094],[4.4583704273073,46.296976724079],[4.4058135314858,46.296057806589],[4.3893979878582,46.213601360996],[4.3631781812533,46.200537276046],[4.3648481141165,46.183579311067],[4.3270887031684,46.184790131282],[4.2824944900944,46.156946471815],[4.2520302327293,46.157916681311],[4.2525000565082,46.187922148658],[4.2246872961743,46.177995338767],[4.207903434232,46.194833150686],[4.1854551738783,46.190162130834],[4.1884438149961,46.175128955988],[4.1324158349304,46.177826358374],[4.1040867377072,46.198391359055],[3.9887880883959,46.169805261207],[3.9725466394127,46.202707514639],[3.890130972164,46.214487049905],[3.908821904601,46.260346940334],[3.8912386850317,46.28524616424],[3.942781911555,46.298925500612],[3.9481286581435,46.31979164002],[3.9974052217542,46.323291087799],[3.9847410554074,46.32973022678],[3.9916043062641,46.369630419679],[3.9772206054151,46.399220047306],[4.0015415164833,46.458618151559],[3.9496133283036,46.492478893726],[3.8649127119961,46.489736338385],[3.8646271424558,46.509717077517],[3.8340033360184,46.531134997034],[3.8017563839321,46.519902255804],[3.7418443310505,46.539508443385],[3.7323776901235,46.604907119963],[3.7138737202882,46.613995279712],[3.7227091007956,46.627609885471],[3.637895263919,46.707205199291],[3.6225898833129,46.740130866568],[3.7361900575316,46.752473902091],[3.7826230283356,46.736194804924],[3.7973242309307,46.701499072057],[3.8261009793206,46.703917697238],[3.9919552712787,46.776752031818],[4.0553247809739,46.778718863178],[4.0562525887395,46.822258972946],[4.0423720361053,46.834119533114],[4.1008830130886,46.859103716467],[4.0372192814383,46.918152029371],[4.0408074643843,46.950628112044],[4.0557200391713,46.956749646361],[4.039402003189,46.985112713117],[4.0144190745946,46.972477975289],[3.9951615578479,46.985310080182],[4.0606658400579,47.024972535492],[4.0720151548184,47.054495729639],[4.0387223667702,47.080008269353],[4.0481739880777,47.109966250504]]]}},{"type":"Feature","properties":{"code":"75","nom":"Paris"},"geometry":{"type":"Polygon","coordinates":[[[2.3198871747441,48.90045978209],[2.394906293421,48.898444039523],[2.4132702557262,48.872892145992],[2.4122456125626,48.834538914673],[2.4634383121686,48.842089485269],[2.4626960627524,48.819059770564],[2.3318980606376,48.817010929642],[2.2242191058804,48.853516917557],[2.2317363597469,48.86906858161],[2.3198871747441,48.90045978209]]]}},{"type":"Feature","properties":{"code":"78","nom":"Yvelines"},"geometry":{"type":"Polygon","coordinates":[[[2.2005910092695,48.908679329899],[2.1677833601069,48.894417281801],[2.1458760215967,48.836022751826],[2.1515805126399,48.817021316976],[2.2265538842831,48.776101996393],[2.1910712604347,48.775122277406],[2.1820123672797,48.757574558863],[2.0979976816391,48.73436321985],[2.111168267855,48.724231347633],[2.0978580418958,48.694030740642],[2.0456604451446,48.68756805233],[2.0281927750027,48.657259334271],[2.0112162167678,48.659775158953],[2.0602471726215,48.617597733568],[2.0345020728388,48.603502290966],[2.0175700627197,48.557593755935],[1.9378900456787,48.562926567593],[1.9340616493117,48.548106841763],[1.9674208443859,48.533067716836],[1.9149199821626,48.473854999246],[1.9207376717625,48.447750046159],[1.8774887068591,48.440613561663],[1.8363839553347,48.466477806902],[1.8014512893542,48.466086215218],[1.7786170432038,48.508131705459],[1.7872423006556,48.553746336139],[1.7092486767776,48.578026100992],[1.7148984609516,48.614392276576],[1.6662229993646,48.613704063337],[1.6431906740267,48.651291198129],[1.6024917313048,48.663765432374],[1.611774872468,48.689473861848],[1.5795403954022,48.701811808781],[1.6264035004424,48.748091646614],[1.5849045861802,48.763296867942],[1.5756742997058,48.790504096814],[1.5951919881928,48.839707334891],[1.5462328761118,48.872431616391],[1.5595079054893,48.882055273516],[1.5386177797921,48.921794692396],[1.5128954188837,48.922585369837],[1.5015266013113,48.941051842112],[1.4966058957223,48.969344788938],[1.5155485568584,48.976406187821],[1.4609202371105,48.986433838647],[1.4787512905862,48.998884682872],[1.4472851104304,49.053509472828],[1.6044866350314,49.08303659502],[1.6141564760593,49.071448021972],[1.6736890350523,49.078154769223],[1.7234517354795,49.044974719281],[1.8239435408566,49.076360256056],[1.8654659990427,49.05747165429],[1.8520019385024,49.035204042747],[1.8691165460014,49.01823441815],[1.9085198609511,49.048019307838],[1.9378008717251,49.021772717877],[1.9918871076265,49.021006179043],[2.0247730275828,48.998756705331],[2.1212540749308,49.018332284915],[2.1207126382788,48.993300321431],[2.1732779441741,48.975633867858],[2.1735533368231,48.953158232311],[2.205861118488,48.949738062716],[2.2005910092695,48.908679329899]]]}},{"type":"Feature","properties":{"code":"81","nom":"Tarn"},"geometry":{"type":"Polygon","coordinates":[[[1.969523100131,44.142684061776],[2.0593781574153,44.17227973706],[2.0521125599217,44.188733050645],[2.09438670937,44.187642636102],[2.097443906345,44.175292714971],[2.1061236174793,44.194390921069],[2.1359451447137,44.200834436147],[2.1917781059768,44.16203491789],[2.2069453324549,44.171279129819],[2.2376110882977,44.158624890908],[2.1865229813992,44.137373484432],[2.2846972006779,44.145287510311],[2.2978256265117,44.138045574105],[2.2906456306459,44.124682487431],[2.3892137818918,44.093489950159],[2.410211491953,44.055851343973],[2.4599332365299,44.051400681122],[2.4942365622806,43.996181698121],[2.5229312446889,43.981284190271],[2.4993496835219,43.950584469272],[2.5550000011505,43.921377244109],[2.55049168647,43.896537961073],[2.5766859747192,43.881722459052],[2.5641575606058,43.841331968769],[2.6606377392109,43.755995313286],[2.7428405750055,43.729040274717],[2.8240413372408,43.761983429423],[2.9211095274122,43.736113679897],[2.93545676901,43.694665082071],[2.907351068949,43.654226226268],[2.7545198343058,43.614140577604],[2.7111682176412,43.645600379862],[2.6432649887562,43.650141667656],[2.6146368129343,43.599858204147],[2.631783900316,43.584146522163],[2.6156009876353,43.566636032386],[2.6586451413796,43.525794979317],[2.6679938118926,43.470045739812],[2.6378726798682,43.465226848944],[2.6461799185216,43.459128324826],[2.6060762155363,43.431097353655],[2.4331067416938,43.435174281522],[2.3913458849515,43.418930753382],[2.3029806665229,43.447935084107],[2.2820110776793,43.441222270986],[2.2591017375848,43.459927734352],[2.2241702265958,43.431765391026],[2.215023822395,43.383508824887],[2.171548492892,43.415775006477],[2.0727969810099,43.395690514022],[2.0531291058482,43.430203153623],[2.0148167330533,43.451101506091],[2.0181437836738,43.470348442778],[2.0478554672695,43.485548435659],[2.0464295682875,43.505060766208],[2.0150520675645,43.50436470619],[2.0111491389873,43.482981325752],[1.9959856098014,43.480465716523],[1.9169505336115,43.50160930902],[1.8511373007758,43.550314794176],[1.8392257690126,43.575785768957],[1.6967356419966,43.620793211757],[1.6952537111454,43.643629456049],[1.7309380903003,43.663381060109],[1.7206413832202,43.688167736192],[1.6653481633415,43.701537347267],[1.7064455556732,43.716221313812],[1.6499126393771,43.751867766314],[1.6447839642588,43.800254749798],[1.5910281145229,43.815485724058],[1.5931742214888,43.843135721198],[1.5554658239149,43.868311833996],[1.5466147655792,43.902455958048],[1.5735591716324,43.936659348381],[1.5439759556659,43.946273875917],[1.5522938899196,43.963030279892],[1.6227242760366,43.960701784939],[1.6372171031939,43.994681793815],[1.6541371392134,43.992982164654],[1.650323791954,44.009699061537],[1.6713904052082,44.010639234268],[1.7042131333594,44.044352900247],[1.6629097387301,44.071594260537],[1.6589622702651,44.116413961732],[1.7455437597019,44.116270767653],[1.7775240504059,44.096811698741],[1.8061178914166,44.126374678566],[1.8367683217244,44.10747617876],[1.8417040138211,44.143688400107],[1.9043687934515,44.129856314059],[1.9192879071156,44.141387610743],[1.8943672166068,44.155558695048],[1.9088700837322,44.163483988624],[1.969523100131,44.142684061776]]]}},{"type":"Feature","properties":{"code":"82","nom":"Tarn-et-Garonne"},"geometry":{"type":"Polygon","coordinates":[[[1.0497968480895,44.362639367374],[1.1325463304764,44.393331095059],[1.1274389106322,44.372985753369],[1.0812215694247,44.354388321287],[1.1252404136057,44.315439371114],[1.1812474366675,44.30737621701],[1.1845970264102,44.286843708109],[1.2500166763573,44.272900537029],[1.3036419786638,44.293780222919],[1.3040561797661,44.262956553109],[1.2813755448768,44.235788833792],[1.3363963237902,44.228164291061],[1.3567965742905,44.204018679795],[1.4535590038918,44.254122364815],[1.4732171576142,44.284206796054],[1.5087806340611,44.273638671169],[1.5417602550587,44.227813925717],[1.5872487604831,44.249006343623],[1.5632414387973,44.274886379262],[1.577057905448,44.30164046075],[1.6169053391703,44.297530575144],[1.6156752023963,44.278396127792],[1.6332195435462,44.269409693186],[1.6516181749095,44.286809376053],[1.6370645866245,44.298462052118],[1.6628876357397,44.292814929567],[1.7373556664188,44.326979663175],[1.7819129603983,44.314472615323],[1.8059777797489,44.336632362484],[1.8270255325815,44.32426884987],[1.8820777699351,44.340068798134],[1.8595915272095,44.32030639381],[1.880907610265,44.303474113866],[1.8687816562037,44.292038697128],[1.9704399951605,44.276438944388],[1.9598380540971,44.241073132563],[1.9315885634669,44.240873980562],[1.8903461983645,44.207567652297],[1.9415206386057,44.170719809307],[1.9589422232293,44.184503189761],[1.9963637896774,44.160088765559],[1.969523100131,44.142684061776],[1.9088700837322,44.163483988624],[1.8943672166068,44.155558695048],[1.9192879071156,44.141387610743],[1.9043687934515,44.129856314059],[1.8417040138211,44.143688400107],[1.8367683217244,44.10747617876],[1.8061178914166,44.126374678566],[1.7775240504059,44.096811698741],[1.7455437597019,44.116270767653],[1.6589622702651,44.116413961732],[1.6629097387301,44.071594260537],[1.7042131333594,44.044352900247],[1.6713904052082,44.010639234268],[1.650323791954,44.009699061537],[1.6541371392134,43.992982164654],[1.6372171031939,43.994681793815],[1.6227242760366,43.960701784939],[1.5522938899196,43.963030279892],[1.5439759556659,43.946273875917],[1.5735591716324,43.936659348381],[1.5708677048136,43.918596968734],[1.5322237985211,43.916798260663],[1.4907868077854,43.888999108141],[1.4746636959499,43.902115458383],[1.4478797684927,43.873553033921],[1.3655602395576,43.889308653331],[1.3483969598989,43.869806595654],[1.3626055596172,43.85723191577],[1.2967803252843,43.847064583304],[1.3479910260216,43.838157092318],[1.3608913400167,43.821076224793],[1.2668725426848,43.79862205505],[1.2749309209595,43.785827252918],[1.2107398584006,43.770889245129],[1.2128576267319,43.792879311167],[1.1795521022992,43.79565762568],[1.1446014589289,43.822294665662],[1.1148795190323,43.797770816281],[1.0852689121207,43.814506045527],[1.0581350801514,43.798672133086],[0.90615590240468,43.784326922501],[0.90405560048524,43.807937430743],[0.92585656217094,43.831629205755],[0.89541680754323,43.840345297757],[0.91270345397669,43.848486016154],[0.88349353633238,43.875251771074],[0.90458454017881,43.899017505511],[0.8628950716946,43.923285613293],[0.76994232659412,43.922318519181],[0.76008372909928,43.942238869568],[0.8277004422891,43.999575095717],[0.81364104682038,44.024908754769],[0.86041116085683,44.040785300803],[0.81746969640191,44.054892293483],[0.76552658101403,44.030150980746],[0.73810974125492,44.073027677],[0.75287865013836,44.102267910932],[0.79623991760453,44.11512942813],[0.7885669186743,44.144391188204],[0.87944269844653,44.129608737841],[0.89034197833787,44.169672870511],[0.85357025770147,44.174962426044],[0.85633796923916,44.18904677194],[0.90628814214223,44.190306668919],[0.9292406197485,44.230246542717],[0.9277876570183,44.26740561543],[0.94992392368958,44.276443376947],[0.91642356261815,44.302198002519],[0.86962451276277,44.309387172973],[0.89611323540437,44.346226535055],[0.89821258712664,44.381368271621],[0.91991430872905,44.384149659695],[0.94141859483151,44.345347538009],[0.95004981400894,44.35975578355],[1.0497968480895,44.362639367374]]]}},{"type":"Feature","properties":{"code":"83","nom":"Var"},"geometry":{"type":"MultiPolygon","coordinates":[[[[6.4341485392957,43.013347028571],[6.4702163404405,43.045167505797],[6.5112885804875,43.046821992697],[6.4616995826693,43.013939106124],[6.4341485392957,43.013347028571]]],[[[6.4069003940727,42.997223596606],[6.3697195012539,43.001244421426],[6.4206661963932,43.013709224929],[6.4069003940727,42.997223596606]]],[[[6.2440741459649,43.020035297662],[6.2504533863157,42.999408277823],[6.2086710614315,42.98338081093],[6.1645371983983,42.997829141178],[6.2440741459649,43.020035297662]]],[[[5.753644561032,43.724619684068],[5.7813443482122,43.75565465876],[5.8373883741505,43.741475701408],[5.8491411431165,43.720249991855],[5.9012062080264,43.732585527498],[5.9254717898681,43.756915940863],[5.9404721367951,43.727336566191],[5.9854389290259,43.713962195587],[6.0217364024135,43.668282105491],[6.1068224665182,43.744774442046],[6.1542900886483,43.743634530344],[6.2167124047513,43.799511004589],[6.2542153063873,43.800431020995],[6.3262750948765,43.746870168479],[6.3835455827762,43.734431200864],[6.4134803171307,43.760356001175],[6.414425301941,43.791590041073],[6.5247646877683,43.806369493557],[6.5456804964732,43.78223076642],[6.6199664600085,43.805500121194],[6.6586508318757,43.748576829963],[6.6827124803446,43.757940318117],[6.7535373268357,43.738168735403],[6.7742456350571,43.7036421103],[6.7608002192821,43.666488900835],[6.7987395361277,43.628182176835],[6.9080139239391,43.59907465015],[6.8795407658693,43.535357663712],[6.8963833605182,43.52715725565],[6.8842288648328,43.502535772082],[6.9337211159516,43.480065494401],[6.9179721528571,43.447738536354],[6.8918037687118,43.428580015191],[6.8569996758254,43.430477732013],[6.8550478015615,43.411429429877],[6.750657595625,43.420845307432],[6.7143312441348,43.36790258606],[6.7165464557638,43.347490862069],[6.6816193520365,43.340959774178],[6.6659564383834,43.31821983472],[6.5838742224265,43.277308105612],[6.5934629712796,43.262265776308],[6.662121282463,43.264909792407],[6.6773068762378,43.278794827575],[6.6972545497172,43.265497283834],[6.6635799631008,43.238043384914],[6.677034229563,43.197186519392],[6.6236623943555,43.165300606932],[6.5596377554811,43.188632638495],[6.4934958461812,43.150223730387],[6.3875680181733,43.144900254259],[6.3597633175514,43.119904355977],[6.3682566796679,43.089914872597],[6.3325137465072,43.091093655786],[6.274941161023,43.120741066834],[6.2007847463615,43.115790863382],[6.1598371974529,43.088451636416],[6.147899852463,43.026960466647],[6.0918311311331,43.036774442924],[6.1281920087398,43.042671102624],[6.1139934267722,43.083654682725],[6.0215343544984,43.078256714006],[6.0234652560844,43.094811520978],[6.0050157080904,43.103799383815],[5.9257873894364,43.103970758155],[5.9343359139287,43.118604366719],[5.8868360567952,43.103450269366],[5.909107117861,43.10046149114],[5.8947710571836,43.081712418128],[5.9376580436388,43.08457851954],[5.9509582392784,43.076765254429],[5.943881221795,43.066409791665],[5.8871334844754,43.077225735618],[5.8574553138035,43.046618874503],[5.8276382705234,43.05034932291],[5.7941055326647,43.068774233408],[5.8069507607973,43.115679350616],[5.7744948217719,43.116904330683],[5.7712544214782,43.138932344182],[5.6948752166924,43.143589707468],[5.682675442198,43.160132349422],[5.6924387435758,43.174870299627],[5.6718787324219,43.179269594604],[5.6839089702289,43.236054698509],[5.7609266571978,43.267341658562],[5.7628530190708,43.281689488403],[5.726597317218,43.317359044169],[5.6839238953331,43.318142512414],[5.705027698264,43.355914795818],[5.6827924547281,43.399159444446],[5.749991875502,43.401514019764],[5.7883489025455,43.420260743373],[5.69880518873,43.48217276293],[5.7246167566539,43.55090006967],[5.6560255946819,43.57399668679],[5.6916044198774,43.584431461466],[5.6821412890103,43.61373574878],[5.7002189786378,43.641716920694],[5.7990586792783,43.660518853996],[5.8132476569219,43.688962999872],[5.753644561032,43.724619684068]]]]}},{"type":"Feature","properties":{"code":"85","nom":"Vend\u00e9e"},"geometry":{"type":"MultiPolygon","coordinates":[[[[-2.3715184087159,46.732423656909],[-2.2861197201191,46.695671725007],[-2.3339086309831,46.686335754046],[-2.3987614706025,46.723952024978],[-2.3715184087159,46.732423656909]]],[[[-1.2027794819453,47.041805126785],[-1.0553989625359,47.005682915522],[-1.015878308284,47.004142220601],[-1.0003939465651,47.020801743904],[-0.95844801060585,46.994865565004],[-0.91933682702711,47.003139081865],[-0.87712517316223,46.968538385199],[-0.8837974960632,46.950388590831],[-0.80739348796693,46.9198254879],[-0.8321856982677,46.884537016923],[-0.78164600263284,46.84282764491],[-0.70883784005248,46.821063616454],[-0.7008577279242,46.80862581328],[-0.72731204616972,46.76763065568],[-0.65619325740221,46.700774517445],[-0.68073310425929,46.686803996225],[-0.63771460553181,46.66348907218],[-0.65717243733762,46.634619354943],[-0.61411399285986,46.62039129053],[-0.62456684878994,46.577400290716],[-0.60213244964129,46.533279525109],[-0.64519375671477,46.5085710348],[-0.62483750061224,46.496362745962],[-0.6124273279524,46.45873668738],[-0.63684012869206,46.432305656566],[-0.63658749242212,46.395578228534],[-0.62088828506372,46.390451131851],[-0.61017966919341,46.413733221347],[-0.53779518169029,46.38646382767],[-0.55764744918976,46.363451353574],[-0.60325195656142,46.361468010185],[-0.64825320981615,46.317143530802],[-0.69732735736344,46.325092837487],[-0.72191414100459,46.302372661742],[-0.83052754444062,46.341529547924],[-0.8509424448661,46.317185675508],[-0.9612310671154,46.323395683014],[-0.92857576719505,46.371051399922],[-1.0525331368763,46.342540560637],[-1.0782951920661,46.316911662518],[-1.2010861494985,46.316343408957],[-1.2073980363312,46.266566974958],[-1.2958949852744,46.323927342846],[-1.298649918542,46.298035215363],[-1.3667385250608,46.348611637782],[-1.4659374486589,46.342356465827],[-1.5150666516907,46.40429394231],[-1.6270620551428,46.414220589438],[-1.777137894573,46.492758626968],[-1.8123442739131,46.493416566185],[-1.8560152427178,46.608580735068],[-1.9428758596327,46.692706115369],[-1.966128703921,46.692012127622],[-2.0002660579608,46.733925400032],[-2.1401926882177,46.817151505205],[-2.1553427446113,46.883151727981],[-2.1188882449818,46.893677330801],[-2.062735433411,46.948064118056],[-2.0273622488649,47.00992054926],[-1.9804130066429,47.028904753758],[-1.9432299989209,46.994708112224],[-1.9176795932921,46.992438096929],[-1.8945066250679,46.959854562684],[-1.8318183862536,46.953809144032],[-1.8309864393011,46.932037153713],[-1.7510691760313,46.929599006382],[-1.7310575876529,46.887971269499],[-1.5485096132916,46.860078088448],[-1.546480204725,46.87383880978],[-1.5007655467174,46.883891204136],[-1.5443756009763,46.923001220553],[-1.5200531988311,46.939043729216],[-1.5535692540762,46.98150813307],[-1.542669701774,47.003269318873],[-1.5523193513555,47.018345265795],[-1.4821269400681,47.037858547324],[-1.460243586512,46.992964149783],[-1.4759176820598,46.983821193651],[-1.4572099023003,46.954650198908],[-1.4715698702165,46.933593956324],[-1.4561287088222,46.92626936023],[-1.3651258550545,46.956916369701],[-1.3590627464638,46.981135337897],[-1.3775056345619,46.990942402401],[-1.3651713270515,47.006787081572],[-1.3786187507728,47.030850021718],[-1.3354906033185,47.043269269841],[-1.3006089447707,47.034246813955],[-1.2712120445468,47.083893903306],[-1.2027794819453,47.041805126785]]],[[[-2.1538987641986,46.895779045368],[-2.2231531353026,46.965271208862],[-2.2643746646818,46.960876831901],[-2.3010946565916,46.989047601607],[-2.2925186097225,47.012555022671],[-2.3042054070871,47.025060693728],[-2.2256229438599,47.016854719984],[-2.2188122423342,46.991712728633],[-2.2374732061994,46.981958292077],[-2.1571813233526,46.950033359583],[-2.1538987641986,46.895779045368]]]]}},{"type":"Feature","properties":{"code":"87","nom":"Haute-Vienne"},"geometry":{"type":"Polygon","coordinates":[[[0.81203762140491,46.125326880589],[0.84476324651838,46.140138998175],[0.83232792935273,46.14978258083],[0.83660345797057,46.176812243845],[0.80022145185827,46.201475872613],[0.80727522194406,46.22492290773],[0.84801138948638,46.228750196503],[0.86144940761012,46.261636386108],[0.90727538588543,46.285260253253],[1.005891998265,46.280972289235],[1.0269979126089,46.343038073772],[1.0501626260953,46.362782836344],[1.1272435422129,46.347839222972],[1.1575421056358,46.388738882303],[1.191538104043,46.376759451936],[1.2047664407221,46.387689428519],[1.2164239770673,46.367784938774],[1.3030594710726,46.370991990563],[1.3560243049838,46.4001195921],[1.4048447784072,46.364056923495],[1.4096743646352,46.342805940916],[1.4457835086221,46.331398315254],[1.4437657610001,46.305896855052],[1.4141723776068,46.280489208444],[1.4367552457062,46.27248303512],[1.4146523821885,46.271360510371],[1.4057349259219,46.254101792781],[1.4197668713784,46.244993664165],[1.3748978470741,46.215446562448],[1.3960696381811,46.188184833298],[1.4527908975494,46.179754559157],[1.4653163830511,46.161946388556],[1.4520544208808,46.15334082047],[1.5051925260546,46.127465281562],[1.4905027878223,46.111751805528],[1.504897999906,46.088149821066],[1.5434017044539,46.07691072874],[1.5317844788051,46.058158129945],[1.5491707327049,46.03540557368],[1.5322792937503,46.011284955225],[1.5749323906618,45.975997479181],[1.5207608432223,45.952449686784],[1.5132688523674,45.931656338798],[1.5666404819256,45.914039497609],[1.5791756702079,45.930409140897],[1.6345205792016,45.922985835859],[1.6247470869022,45.916131643599],[1.6417383448025,45.892619858859],[1.591036942213,45.883073233205],[1.6023947165161,45.857460609029],[1.6284040273944,45.84764094228],[1.7148761323959,45.840055000467],[1.770771649476,45.868375937565],[1.7764808489409,45.832775933168],[1.8808950397786,45.797711178589],[1.8971494460868,45.767681100542],[1.8743032041452,45.755758721473],[1.8864061938952,45.745191705923],[1.8733390753593,45.725300512683],[1.8924057186982,45.718404629218],[1.8814370841814,45.709094226518],[1.9094484810021,45.690490991257],[1.9056316168489,45.677971170951],[1.8264334724666,45.665132148261],[1.8159593866988,45.680423401703],[1.7838730173434,45.680359832055],[1.7690073620902,45.656757732937],[1.6820375995624,45.625436348701],[1.637667297551,45.580351955747],[1.5929603823554,45.575070422688],[1.5848926742786,45.556078684475],[1.5571983675006,45.549366357639],[1.5220862628879,45.564095585467],[1.4926610127604,45.549346872252],[1.4803672315751,45.565943103669],[1.4390800916948,45.521264513501],[1.412057555905,45.528083714351],[1.3500777990719,45.466891005823],[1.2870517483656,45.489934212885],[1.241404347379,45.437356928582],[1.2359397841126,45.455027204041],[1.1222297120746,45.477235903494],[1.1359422598032,45.506405455775],[1.1672854866086,45.524823083995],[1.1189576898653,45.545495600033],[1.0803563779529,45.534001427359],[1.0378037277977,45.568741339867],[1.0233311222277,45.608927311851],[0.89219082184256,45.601282841669],[0.87111784672118,45.622469215895],[0.84458421559202,45.58414605626],[0.81149516980134,45.575871443793],[0.80715430183036,45.593808718707],[0.77547181041453,45.592381049291],[0.75152732990991,45.618319302192],[0.77584324344145,45.667566871982],[0.72647929320381,45.694448925843],[0.65423210218119,45.688708205904],[0.62974117909144,45.714569962764],[0.65251909415086,45.740470650574],[0.71488961170325,45.76312150687],[0.71643340810388,45.805616908376],[0.7838946240077,45.791677820476],[0.78222581976608,45.821079269049],[0.82737827730018,45.88274984149],[0.81211444044304,45.931270953369],[0.86291072789308,45.919754691776],[0.94259709142132,45.957437972663],[0.9456207917489,45.974325195389],[0.9189303920422,45.997050616674],[0.92562039873925,46.010452068811],[0.88424329506274,46.031883014096],[0.8597496793536,46.017976558703],[0.81791082620152,46.047881741971],[0.8344470049923,46.097505684097],[0.81203762140491,46.125326880589]]]}},{"type":"Feature","properties":{"code":"88","nom":"Vosges"},"geometry":{"type":"Polygon","coordinates":[[[5.4700548229834,48.420926283443],[5.5138988120989,48.410801373756],[5.5202802354993,48.4323944293],[5.6159691492695,48.439744295634],[5.651580017191,48.457519861905],[5.6429950335545,48.468547039375],[5.7132282239238,48.460339963131],[5.7651504539389,48.49648910684],[5.7870254762515,48.482912835892],[5.8560752248841,48.506846952466],[5.9056248919799,48.494940877656],[5.8868989565087,48.460067093041],[5.8989510241802,48.44671813264],[5.8553813169775,48.409372749757],[5.8931507049176,48.405225079491],[5.9054854014434,48.436837469809],[5.931321799578,48.433947530649],[5.9079547502256,48.417539451573],[5.9276908372607,48.393685295978],[5.9496459908128,48.396363026783],[5.9615617470524,48.349889737943],[6.0660207269479,48.359283227586],[6.0798196336066,48.363635915725],[6.077040301892,48.379754440323],[6.1167293940637,48.354041894964],[6.1523474077963,48.380968218338],[6.1496394514006,48.40852706658],[6.2320994667614,48.400224982495],[6.3012589581199,48.430521011758],[6.3056750349462,48.413192474483],[6.3805094919312,48.412275972805],[6.3928988161481,48.40874868619],[6.3842531855239,48.394696124114],[6.4040763393656,48.390611842844],[6.4354978133083,48.412794961405],[6.5007526124106,48.414237469828],[6.5337059818062,48.431354354086],[6.5838721083022,48.417225354632],[6.5686324041298,48.436985966474],[6.5849688356706,48.460510143981],[6.6237018958137,48.473101218363],[6.6450895623568,48.428060807346],[6.8151664634571,48.398845301963],[6.8550428807667,48.432931396922],[6.8908149017495,48.418096877888],[6.9829820869226,48.479061512794],[7.1231636635608,48.513587820739],[7.1220633124076,48.500699348096],[7.0936784257816,48.505231627961],[7.093659756546,48.48928173768],[7.1168879614082,48.484885772315],[7.0855246844242,48.398669480184],[7.10802631494,48.37699074362],[7.0785285569966,48.351070234059],[7.1219031917914,48.333292363952],[7.169530852204,48.342300751899],[7.1982872111206,48.310471263573],[7.1724433560818,48.29748374247],[7.0778429184518,48.171044574039],[7.0589137960953,48.137261832109],[7.0841613064662,48.129216503745],[7.0767075069295,48.108483024102],[7.0297963112116,48.071905133897],[7.0018860834717,48.022394510938],[6.9433524693585,47.99795898043],[6.9131760329106,47.919378547089],[6.9278167769039,47.908213591002],[6.8978126882661,47.884262639149],[6.9200409082836,47.850285895261],[6.8235333222471,47.813051201983],[6.784819046343,47.849620144546],[6.6455373160956,47.904022779887],[6.6017847198921,47.944400335071],[6.5682839276999,47.93449546901],[6.5421569547535,47.902612242352],[6.4786058641603,47.885521654796],[6.4317140631681,47.943817555323],[6.3661530482729,47.961943699906],[6.2052242815746,47.932044890248],[6.1973668542118,47.951792167635],[6.1679889957893,47.952352981729],[6.1509430707726,47.970556896575],[6.164889049648,47.976133645938],[6.1560578216767,48.006943160047],[6.1317082771503,48.023714993889],[6.0411765157853,48.00442320835],[6.0022660129604,47.956088697125],[5.9707820414319,47.957206856313],[5.953718196208,47.937030199568],[5.9296518654303,47.938718128621],[5.9595125543651,47.965838580885],[5.9475278158692,47.979712022025],[5.884723650121,47.92604631497],[5.8428079317049,47.975560673709],[5.83157461884,47.957758607577],[5.7872807490879,47.95259247623],[5.7784867170861,47.978010814127],[5.7937953925203,47.991691912896],[5.7777453585169,48.031364684582],[5.7269571428765,48.046031922901],[5.6967989266543,48.077232264437],[5.6531765949008,48.084054660311],[5.661279627694,48.071989606586],[5.6484946182822,48.071542202301],[5.6305352541093,48.083984386541],[5.6719848282194,48.109532293186],[5.6568796713896,48.120400699552],[5.6843229216395,48.145045600453],[5.6822393084,48.175705308685],[5.7300325067529,48.197959613175],[5.6877860896924,48.23418028384],[5.6408971957509,48.242355194462],[5.6538144936044,48.268521890367],[5.6116505645448,48.291813565657],[5.5883254913252,48.274255206421],[5.5259347078446,48.347094088677],[5.4821531055766,48.356198541709],[5.4257979057073,48.331424612905],[5.418560018075,48.360694271013],[5.4415772107617,48.380227039336],[5.3944755711529,48.391004497394],[5.4700548229834,48.420926283443]]]}},{"type":"Feature","properties":{"code":"92","nom":"Hauts-de-Seine"},"geometry":{"type":"Polygon","coordinates":[[[2.2909694895753,48.950965864655],[2.3355682105858,48.940679976956],[2.3137528853936,48.914015216252],[2.3198871747441,48.90045978209],[2.2317363597469,48.86906858161],[2.2242191058804,48.853516917557],[2.3318980606376,48.817010929642],[2.3102224901101,48.75695290327],[2.3207207141635,48.74875804931],[2.3038400608379,48.72948996497],[2.1515805126399,48.817021316976],[2.1458760215967,48.836022751826],[2.1677833601069,48.894417281801],[2.2909694895753,48.950965864655]]]}},{"type":"Feature","properties":{"code":"03","nom":"Allier"},"geometry":{"type":"Polygon","coordinates":[[[3.0320629441459,46.794909389217],[3.0490666680714,46.758080742151],[3.1297797354937,46.727201530755],[3.1972601846791,46.679928148065],[3.2697959512206,46.71674181988],[3.3467035850706,46.684418162056],[3.3877581200663,46.714818365449],[3.4341396009475,46.711907843672],[3.4572892729042,46.651760006926],[3.4865354798384,46.65380880583],[3.5300363962253,46.688813284083],[3.5464728563281,46.678292894912],[3.5503869458917,46.715861095646],[3.598000652576,46.723983498355],[3.5806709648764,46.752741235279],[3.5977490685569,46.76202889412],[3.6294223422648,46.749456328005],[3.637895263919,46.707205199291],[3.7227091007956,46.627609885471],[3.7138737202882,46.613995279712],[3.7323776901235,46.604907119963],[3.7418443310505,46.539508443385],[3.8017563839321,46.519902255804],[3.8340033360184,46.531134997034],[3.8646271424558,46.509717077517],[3.8649127119961,46.489736338385],[3.9496133283036,46.492478893726],[3.9565931687991,46.47688226209],[3.9980402829299,46.465463980924],[4.0055701432229,46.443531306791],[3.9881422985694,46.435461575775],[3.9772206054151,46.399220047306],[3.9916043062641,46.369630419679],[3.9847410554074,46.32973022678],[3.9974052217542,46.323291087799],[3.9481286581435,46.31979164002],[3.942781911555,46.298925500612],[3.8974208259956,46.291460834216],[3.899538631706,46.275908099459],[3.8048855350295,46.254857096313],[3.802694767872,46.238508201577],[3.7685491775545,46.23948507045],[3.8078653732897,46.161593321821],[3.7897672156925,46.154853997372],[3.7934862152259,46.11219865371],[3.8218751675633,46.087982942483],[3.8067691666001,46.045618391287],[3.8254484135633,45.995971307468],[3.788905406334,45.97386142098],[3.7088901699693,45.97378360778],[3.6940151632959,45.930727869968],[3.6767583931205,45.958063393878],[3.6319957322686,45.961061509138],[3.5884708591387,46.024134197777],[3.4641409824748,46.008169157186],[3.4714881553342,46.041837627611],[3.4190243995629,46.074294275891],[3.3320492235943,46.044097580518],[3.3023909460534,46.065769077557],[3.1281003938417,46.071398281325],[3.1007827299491,46.0823388867],[3.0873696406714,46.113064814944],[3.0164727327153,46.102446254469],[2.9636876604981,46.129608480581],[2.9532834742817,46.170918110503],[2.9111330198118,46.177437699807],[2.913326209903,46.210334088438],[2.9364864054072,46.221708066486],[2.9371418861435,46.242915665181],[2.921432650671,46.250307852218],[2.8557278827609,46.255486133208],[2.8191591437729,46.241791609208],[2.8102712209548,46.196213517628],[2.7330534561794,46.223321627796],[2.7224523871244,46.181341584244],[2.6774533498992,46.172759081776],[2.6528235484183,46.123751794785],[2.5915076247582,46.126875128538],[2.5653725529015,46.143035759957],[2.5597996290957,46.173366559433],[2.5286290573702,46.184894945309],[2.5163085117785,46.239436870366],[2.489106418147,46.248968644305],[2.4789445821479,46.281145991526],[2.4430263839161,46.294995852237],[2.421335782135,46.284622030263],[2.4204656768519,46.310129656565],[2.3918581379529,46.329985164159],[2.370482749419,46.312629017475],[2.3093794648902,46.342006193666],[2.3027460023726,46.354419802873],[2.3371146519405,46.366795923975],[2.2850442774167,46.385857562809],[2.2857604795168,46.453514664499],[2.3054693178764,46.475428936804],[2.3242884285484,46.470978980874],[2.3241785781947,46.49036759012],[2.3520036091655,46.512206845202],[2.4969434776113,46.533665788244],[2.4991226886431,46.521292172555],[2.5201385391568,46.530864132368],[2.5366546066244,46.519702557793],[2.6149607060411,46.553276455558],[2.6023203253116,46.595164451357],[2.5815597567024,46.593164438775],[2.5691010154446,46.609518978116],[2.5966478585977,46.637215067759],[2.5721892884417,46.659444642004],[2.6050484721825,46.668158037606],[2.6246414896646,46.657300692831],[2.6234039357923,46.688702717854],[2.6777927654584,46.704612208045],[2.7287214908144,46.748308579779],[2.7585207590938,46.717748505775],[2.8010724027789,46.733722377214],[2.8448121194469,46.726844055458],[2.845419928846,46.742855932849],[2.9243754548552,46.794523429403],[3.0320629441459,46.794909389217]]]}},{"type":"Feature","properties":{"code":"06","nom":"Alpes-Maritimes"},"geometry":{"type":"MultiPolygon","coordinates":[[[[7.0708767870982,43.51736504678],[7.0361331446075,43.517461440788],[7.0322078648162,43.523439858109],[7.0708767870982,43.51736504678]]],[[[6.8874351607458,44.361051257141],[6.922408948521,44.348259672782],[6.956527244135,44.298637866463],[6.9934466941361,44.280889629925],[7.008058899486,44.236434519326],[7.1889131681001,44.197800735913],[7.2627871994961,44.148031915773],[7.3441996623578,44.145160179669],[7.3560379859181,44.120862631994],[7.4269527801501,44.112874801646],[7.4353553212408,44.12936252164],[7.6145604124219,44.149672411542],[7.6366204125639,44.177106922757],[7.6845890381135,44.174017398395],[7.6665952665469,44.130757105938],[7.7169378581589,44.081762896271],[7.7000270318339,44.040791675149],[7.6649824687263,44.030663880807],[7.6702052888494,43.998468338078],[7.6485982666394,43.974109522666],[7.5671101389754,43.943674367953],[7.5592240305265,43.89729711992],[7.5012119292534,43.874828789654],[7.5247262568589,43.784879584787],[7.4759133369426,43.750794270454],[7.4372257692862,43.751597325308],[7.4064566044271,43.71962940636],[7.3361061972735,43.710332184327],[7.3263641460951,43.674107370674],[7.3147161986497,43.70653561017],[7.2972030752041,43.686139330004],[7.2418855125179,43.688481372627],[7.2064521654727,43.645639308042],[7.1945395872153,43.657918311572],[7.1510535551671,43.649273147891],[7.1264731964483,43.605277906363],[7.1385034267534,43.545620722537],[7.1191937177542,43.544452103717],[7.1012671442927,43.5706815908],[7.0404439376582,43.541582782416],[6.9718325905645,43.545451297616],[6.9383636746132,43.516390841291],[6.9547512806261,43.504724793903],[6.9337211159516,43.480065494401],[6.8842288648328,43.502535772082],[6.8963833605182,43.52715725565],[6.8795407658693,43.535357663712],[6.9080139239391,43.59907465015],[6.7987395361277,43.628182176835],[6.7608002192821,43.666488900835],[6.7742456350571,43.7036421103],[6.7535373268357,43.738168735403],[6.6827124803446,43.757940318117],[6.6586508318757,43.748576829963],[6.6363906079569,43.788947137136],[6.7120036485147,43.814856991509],[6.667932367866,43.830922690832],[6.6987237488398,43.85521351124],[6.6973270734627,43.873654675908],[6.6726434197403,43.888382285729],[6.7455614971153,43.872111681853],[6.8307045795788,43.918366781633],[6.8846101855508,43.889120756916],[6.9417509022289,43.896969207908],[6.9130909664835,43.92796078166],[6.8518928028242,43.954789473614],[6.8360089492776,43.99059808047],[6.7457111620123,44.043230952418],[6.7552862363418,44.078601877976],[6.6865415403433,44.169255561043],[6.7183432031881,44.21071438795],[6.7239888814711,44.249843474444],[6.7629245576522,44.279037327194],[6.7903396839453,44.272339782321],[6.7960920038012,44.316102067874],[6.8874351607458,44.361051257141]]]]}},{"type":"Feature","properties":{"code":"11","nom":"Aude"},"geometry":{"type":"Polygon","coordinates":[[[1.6884233932357,43.273554672371],[1.7477265133075,43.343736431882],[1.8134239904389,43.341407194984],[1.8040809598206,43.391685663532],[1.8226596085892,43.393339649196],[1.8171490943613,43.409875231664],[1.8587392319179,43.443822651373],[1.8949983598871,43.418625938245],[1.8960817399884,43.396442502675],[1.9295264375351,43.422772232704],[1.9882945357382,43.407609041004],[2.0312013013995,43.419350322258],[2.0291341188294,43.436895277153],[2.0531291058482,43.430203153623],[2.0727969810099,43.395690514022],[2.171548492892,43.415775006477],[2.215023822395,43.383508824887],[2.2241702265958,43.431765391026],[2.2591017375848,43.459927734352],[2.2820110776793,43.441222270986],[2.3029806665229,43.447935084107],[2.3913458849515,43.418930753382],[2.4968512219793,43.436930315048],[2.593464677472,43.41258881974],[2.5552203547235,43.388318929825],[2.5399656073586,43.346221878067],[2.5890408539009,43.328703501465],[2.6164099655732,43.289440064412],[2.6590635926054,43.292968989423],[2.6935858291614,43.320491486093],[2.7073810722808,43.273521745096],[2.7525229453227,43.254595672077],[2.7869260612143,43.273513557976],[2.8182231073238,43.309421905527],[2.8127141223172,43.323485536792],[2.8683187275794,43.329585760434],[2.856190460919,43.374063805275],[2.8678099171678,43.382193201942],[2.8898465644215,43.363912452239],[2.8866989626319,43.329898940957],[2.9450352296993,43.312502335561],[3.0043529644297,43.320131141473],[3.0158720189579,43.276359929439],[3.0548510452049,43.279719592179],[3.1602360154965,43.243174322456],[3.2010228712178,43.249170753058],[3.2405623482295,43.212804132866],[3.140800124971,43.128768756296],[3.0655869638129,43.021675065612],[3.0393165218276,42.941683366716],[3.0605893002724,42.91706260281],[3.0435046945933,42.838148318333],[2.8652738845272,42.918339638726],[2.7890562621586,42.895989632901],[2.7247452179486,42.833985979518],[2.5090056459735,42.849828064937],[2.3375799741132,42.840587818223],[2.3190761465472,42.823973534101],[2.343924099398,42.801221485171],[2.3553902933138,42.727008424178],[2.3220073604176,42.707789785798],[2.2645326504794,42.706239710442],[2.2390119385206,42.676205557799],[2.1762144887597,42.64890098195],[2.1678528137192,42.696187020903],[2.0862958088794,42.751796313706],[1.9554004775238,42.736704442421],[1.9081785403601,42.767670627363],[1.9288394992032,42.774948091707],[1.8960901541122,42.808667398867],[1.8593817847995,42.820804962781],[1.8804691523907,42.852666520642],[1.9869222151088,42.871007203276],[1.9805767739427,42.929578816015],[1.9338478606359,42.939320639064],[1.9622253344282,42.961140470724],[2.0036244299195,42.960482549519],[1.9853242058519,42.966955184292],[1.9851357344142,43.004594554874],[1.9695836475611,43.007942793079],[1.9849967014251,43.032613312256],[1.9411266925152,43.052718110265],[1.9638549172992,43.06917736292],[1.9497271826879,43.080024986538],[1.9494734751292,43.11949081683],[1.9177421166021,43.133234660517],[1.8809180435515,43.126794944692],[1.8520774929174,43.160513521664],[1.8482001028058,43.145922753518],[1.8247771300982,43.145813043369],[1.7100614045293,43.189696294172],[1.7238477981704,43.224522495613],[1.6884233932357,43.273554672371]]]}},{"type":"Feature","properties":{"code":"2A","nom":"Corse-du-Sud"},"geometry":{"type":"MultiPolygon","coordinates":[[[[9.2602446048541,41.373651229899],[9.265698545799,41.362164776515],[9.2558829669799,41.368794222327],[9.2602446048541,41.373651229899]]],[[[8.5734085639674,42.381404942274],[8.6408019259839,42.37343904341],[8.7708826228712,42.324766882975],[8.861323814011,42.329932688851],[8.8627230388832,42.296940535735],[8.9047709696211,42.25386266404],[9.006503816899,42.208845591917],[9.0456639496781,42.206921364452],[9.0721824483641,42.13021757503],[9.1197350918655,42.107770500545],[9.1353143401725,42.051069844879],[9.1608223716694,42.026020516263],[9.2210892092947,42.027600260448],[9.2154537945669,41.942034092005],[9.2304884424099,41.932319666581],[9.2132785455984,41.917460528629],[9.2522076488967,41.898987406971],[9.2274996918602,41.855587995332],[9.2369134454732,41.846529531172],[9.3024960573859,41.844246040822],[9.3090914543504,41.832143660252],[9.3719040548729,41.865004853102],[9.4022711090103,41.858701678165],[9.4035331655531,41.710840198665],[9.3723006750494,41.678830164331],[9.3874913966427,41.657359062003],[9.3476012746477,41.636632418311],[9.3463550313306,41.617508503613],[9.3082365328383,41.628487552777],[9.2825337896991,41.596415718545],[9.2956793037693,41.583322361133],[9.3215169876122,41.604837299741],[9.3685744931696,41.596897302353],[9.3408997155844,41.559241730325],[9.2730739945179,41.53019271867],[9.28400186333,41.477572296911],[9.223954267893,41.442488841516],[9.2281191406951,41.409110517705],[9.2651023772974,41.428283396377],[9.2196789477427,41.368211945774],[9.0938398987455,41.393839319394],[9.120687595476,41.437616309687],[9.0743134372406,41.442920620722],[9.070286926691,41.475671427311],[9.0382611446596,41.459645198212],[8.9928461630234,41.485396435585],[8.8846150462285,41.50507236925],[8.8778100883194,41.523794452944],[8.8450740207766,41.517958079633],[8.8511877593354,41.540860979943],[8.7885345993036,41.557735921446],[8.8019653365352,41.5725251973],[8.7771927389114,41.592763979819],[8.7930767849103,41.629554383445],[8.8695009599086,41.646091120096],[8.9145075925891,41.689723682063],[8.7729726652092,41.711919063255],[8.7845453570537,41.731664815454],[8.7724546247573,41.741517274673],[8.7172417233064,41.722774526354],[8.6976380199228,41.741319354452],[8.6585643232553,41.741804670222],[8.7300880504804,41.77591212379],[8.7212499540158,41.797809382794],[8.7712959607968,41.811239419914],[8.7820652523774,41.833703364592],[8.767794604169,41.845931092466],[8.7906166495097,41.855520792589],[8.781211947867,41.880668839163],[8.8031333721604,41.891381047926],[8.7858171453796,41.920265738823],[8.745110539203,41.933164242485],[8.7214300448374,41.909256183947],[8.6149322619016,41.902346804089],[8.6207764177835,41.939541948075],[8.5958844509261,41.9660969095],[8.6460663299246,41.968130756625],[8.6688781676627,41.982429503353],[8.6564246405607,42.009345707145],[8.7469869224827,42.0502108539],[8.7198555560589,42.06351093709],[8.6999858627077,42.112515614544],[8.6605028767172,42.103588496488],[8.6099541503765,42.1345450022],[8.5825175645431,42.129323208282],[8.5939572487287,42.143185234803],[8.5774733357997,42.156554543452],[8.5884884100621,42.171421188299],[8.5654392505696,42.177332135912],[8.582879148895,42.178547241363],[8.5735416635984,42.225839882474],[8.5401025407511,42.234990759489],[8.6891048520685,42.263527621966],[8.6901226204434,42.278207035825],[8.660571343066,42.302118549571],[8.5974331518027,42.316054932892],[8.6279955733531,42.332296015498],[8.6002435360509,42.352999825029],[8.5533077910528,42.333031073096],[8.547948004985,42.379354824713],[8.5666906484566,42.370692862461],[8.5734085639674,42.381404942274]]]]}},{"type":"Feature","properties":{"code":"22","nom":"C\u00f4tes-d'Armor"},"geometry":{"type":"MultiPolygon","coordinates":[[[[-3.0023212314614,48.836321026552],[-3.0130894554754,48.856420115989],[-2.9941385070247,48.864342720942],[-2.9944706950371,48.847148998272],[-3.0023212314614,48.836321026552]]],[[[-3.5701295554214,48.797239145154],[-3.5836489264715,48.804750470639],[-3.5657740104496,48.807749291796],[-3.5701295554214,48.797239145154]]],[[[-2.123706231573,48.604405598781],[-2.1233206778661,48.589010661057],[-2.0953428420334,48.574061870811],[-2.0448005646409,48.564199345405],[-2.0462102621812,48.54401497855],[-2.0068973832739,48.566110094782],[-1.9937102250766,48.559543529591],[-1.9723506867232,48.534638480013],[-1.9857586016344,48.510758659842],[-1.9318608413625,48.550784221308],[-1.9248689155491,48.542337018042],[-1.9089921410274,48.481553778436],[-1.9486321533248,48.446457052298],[-1.9299746133222,48.394787269034],[-1.9475264159554,48.36840917384],[-1.9306142175588,48.350129614504],[-1.9668942885573,48.342815503446],[-1.9580493030671,48.293119482067],[-1.9781518094212,48.301587065464],[-2.0140966645446,48.279533876954],[-2.0532895985844,48.29832528273],[-2.1104651300822,48.27505708951],[-2.0955430005434,48.266588123333],[-2.1101233130599,48.252906899023],[-2.1869669777642,48.24638192508],[-2.1902347220064,48.208457068018],[-2.2280775916469,48.210549869785],[-2.224740280576,48.170599593318],[-2.248403953552,48.159026949652],[-2.2358933261238,48.144810125141],[-2.2711081340086,48.150412972357],[-2.2872742268268,48.133743948459],[-2.3517675890653,48.125103070936],[-2.3578004145279,48.111304497547],[-2.4263820118443,48.17380491393],[-2.5336615546786,48.156858555152],[-2.5139753471597,48.132424705969],[-2.5492973883428,48.099064974945],[-2.5484314818503,48.076712424662],[-2.6311896634213,48.035478415172],[-2.6700531442166,48.047879335975],[-2.6523290127164,48.095895168979],[-2.6618611953763,48.128602238855],[-2.7538962611584,48.115834449394],[-2.7776588825451,48.090357127763],[-2.7819460662193,48.12058268646],[-2.810396084518,48.146550544942],[-2.8507975016535,48.141165856931],[-2.9370595232974,48.170212391319],[-2.9999873047788,48.161689403852],[-3.0143391347997,48.197495633085],[-3.0780078103247,48.210884763611],[-3.1322448440553,48.195534067802],[-3.139493598382,48.163687258685],[-3.1925192863564,48.164399923361],[-3.2175870763432,48.144082867021],[-3.2722431061433,48.140015733246],[-3.3193408410471,48.149607771],[-3.3367532869347,48.171124440685],[-3.4170117151901,48.145892119985],[-3.4384466261327,48.16255519616],[-3.4234037592294,48.177134344133],[-3.4436332619808,48.185786158542],[-3.5648444491461,48.185747540872],[-3.5204667499321,48.192254183078],[-3.5577840037219,48.228526452626],[-3.522134420826,48.255475466911],[-3.5184464250967,48.282275540295],[-3.5549910668372,48.29372122159],[-3.529338883134,48.314767041529],[-3.5483329763946,48.312804529458],[-3.5630739862519,48.348179620709],[-3.5545851809986,48.377763123932],[-3.6076360061049,48.388458748991],[-3.5904183425521,48.428924877493],[-3.552303441877,48.451075213076],[-3.5989528212618,48.470508920513],[-3.6040617355353,48.496442158126],[-3.5392828881973,48.538250804163],[-3.594593031018,48.55498621307],[-3.5847566277596,48.573455178897],[-3.6411110010381,48.596790826133],[-3.663669588163,48.648820820674],[-3.6364032001666,48.681876659006],[-3.6013474443039,48.668882399999],[-3.567388863762,48.682875835381],[-3.5821292852091,48.688828850154],[-3.5848136756599,48.717143137778],[-3.5494040209786,48.745685503762],[-3.5850133196812,48.775496976258],[-3.5350388142712,48.802711262754],[-3.5452296969806,48.811547911235],[-3.5132038128061,48.834999450202],[-3.4282482665937,48.816467818251],[-3.4428880325615,48.803230031461],[-3.4307313974533,48.797223993896],[-3.3975515012589,48.800749976127],[-3.3194282929708,48.838251369288],[-3.2643350622758,48.834201312354],[-3.2317564057757,48.867411825697],[-3.2109738852073,48.854759740147],[-3.2082284171302,48.813122349364],[-3.1679437352953,48.853146277189],[-3.1139737119264,48.866740453944],[-3.0840007772064,48.86569562865],[-3.0934910357785,48.858795039139],[-3.0791514131107,48.830043840648],[-3.1213980681585,48.76526963585],[-3.0996365562548,48.768295722963],[-3.0704323241691,48.82090011268],[-3.0136302920911,48.822137752778],[-3.0061398616086,48.800293214921],[-3.0436410172513,48.78335094785],[-2.9286347276991,48.75442692542],[-2.9417423433506,48.719207198957],[-2.8413210056003,48.663352340555],[-2.8196028872168,48.593528075876],[-2.7179738137973,48.555376234837],[-2.7145653373375,48.529029220355],[-2.6847820858607,48.498049171075],[-2.6815598011872,48.531128876642],[-2.6302809106614,48.52608884558],[-2.5502739246772,48.598731144351],[-2.4734313644435,48.62252003118],[-2.4680059332961,48.649583903116],[-2.3963208098213,48.642746205929],[-2.3268351903798,48.682690335758],[-2.2873086848415,48.668048684079],[-2.3378377315034,48.620070642052],[-2.3093749578841,48.615045727598],[-2.2590733904716,48.644952415823],[-2.2457501789659,48.615403901289],[-2.201779275207,48.583790688394],[-2.1821193547183,48.599174901368],[-2.1867457952027,48.581332257121],[-2.1642654103968,48.578892956541],[-2.1658043885874,48.604235347881],[-2.123706231573,48.604405598781]]]]}},{"type":"Feature","properties":{"code":"23","nom":"Creuse"},"geometry":{"type":"Polygon","coordinates":[[[2.1677843748983,46.424069192575],[2.2810437278384,46.420403547753],[2.2850442774167,46.385857562809],[2.3371146519405,46.366795923975],[2.3027460023726,46.354419802873],[2.3230230944721,46.329277448172],[2.370482749419,46.312629017475],[2.3918581379529,46.329985164159],[2.4204656768519,46.310129656565],[2.421335782135,46.284622030263],[2.4430263839161,46.294995852237],[2.4789445821479,46.281145991526],[2.489106418147,46.248968644305],[2.5163085117785,46.239436870366],[2.5286290573702,46.184894945309],[2.5597996290957,46.173366559433],[2.5518715312783,46.083457348801],[2.5716988273144,46.048689825423],[2.6025059601172,46.033461930485],[2.5944202186196,45.989440975795],[2.6107853057918,45.971228071516],[2.5651781859373,45.95661981464],[2.5415060022687,45.921531781083],[2.5550056008106,45.912509471984],[2.4922279879729,45.864029936278],[2.4425827259717,45.863008040763],[2.4478280089908,45.84581866569],[2.388014020679,45.827373168854],[2.4414259075117,45.762378997013],[2.4921294160933,45.7376701128],[2.4358494505048,45.699272327908],[2.3491879213954,45.70948075492],[2.3209490355497,45.668590940988],[2.2733468046127,45.664008285608],[2.2727104741081,45.68771311379],[2.1939610907282,45.699043520529],[2.2023233791081,45.718576123482],[2.1743482380562,45.732214123162],[2.0846954513364,45.72804494641],[2.0813955940415,45.747110632445],[2.0469321372785,45.763895555756],[2.0016539166162,45.748070146272],[1.9885167886234,45.721351415511],[1.9565811212045,45.724758955489],[1.8987320820414,45.698276663383],[1.8814370841814,45.709094226518],[1.8875349222779,45.725088467315],[1.8733390753593,45.725300512683],[1.8864061938952,45.745191705923],[1.8743032041452,45.755758721473],[1.8971494460868,45.767681100542],[1.8808950397786,45.797711178589],[1.7764808489409,45.832775933168],[1.770771649476,45.868375937565],[1.732972930451,45.844347283718],[1.6766400011982,45.83511315007],[1.6023947165161,45.857460609029],[1.591036942213,45.883073233205],[1.6417383448025,45.892619858859],[1.6247470869022,45.916131643599],[1.6345205792016,45.922985835859],[1.5791756702079,45.930409140897],[1.5666404819256,45.914039497609],[1.5132688523674,45.931656338798],[1.5207608432223,45.952449686784],[1.5749323906618,45.975997479181],[1.5322792937503,46.011284955225],[1.5491707327049,46.03540557368],[1.5317844788051,46.058158129945],[1.5434017044539,46.07691072874],[1.504897999906,46.088149821066],[1.4905027878223,46.111751805528],[1.5051925260546,46.127465281562],[1.4520544208808,46.15334082047],[1.4653163830511,46.161946388556],[1.4527908975494,46.179754559157],[1.3960696381811,46.188184833298],[1.3748978470741,46.215446562448],[1.4197668713784,46.244993664165],[1.4057349259219,46.254101792781],[1.4146523821885,46.271360510371],[1.4367552457062,46.27248303512],[1.4141723776068,46.280489208444],[1.4437657610001,46.305896855052],[1.4457835086221,46.331398315254],[1.4096743646352,46.342805940916],[1.5223067601736,46.426527695424],[1.5439680356057,46.41688301363],[1.5461946362171,46.39346025752],[1.6092554805936,46.423123163216],[1.628836514357,46.388247455127],[1.6448463938248,46.386816749434],[1.683606447426,46.418176923275],[1.7277096608449,46.388955998124],[1.7505449826939,46.405586225701],[1.7548573832317,46.452214535934],[1.7983753858278,46.45481310551],[1.8383647496008,46.42728517531],[1.9781042758382,46.439772572322],[2.0889457684929,46.40889961632],[2.1677843748983,46.424069192575]]]}},{"type":"Feature","properties":{"code":"25","nom":"Doubs"},"geometry":{"type":"Polygon","coordinates":[[[6.8069985618205,47.562799803717],[6.8166586737681,47.547922521723],[6.905664579088,47.547365295196],[6.9096754139357,47.52550620551],[6.9455168398509,47.512373779013],[6.9488572709436,47.485705936519],[6.9076127100416,47.494548688313],[6.9075782646775,47.47324112034],[6.9405416785725,47.433371743667],[6.9383781843469,47.40602166291],[6.9175655645227,47.405540786123],[6.8853957543304,47.374599512338],[6.8841847374511,47.3526166115],[7.0161749063041,47.371834506375],[7.0497154850674,47.360716488473],[7.0567509457312,47.334567036162],[7.0097278540447,47.324358772262],[7.0161408458867,47.313601433148],[6.9931211498575,47.295543502651],[6.9428919076225,47.287757217086],[6.9549768276348,47.242939913873],[6.842629723754,47.172148165798],[6.8583444229594,47.164385451371],[6.8397865674492,47.150904795437],[6.7072576746821,47.083033793266],[6.6916197499771,47.06668927851],[6.7140545270618,47.049123354928],[6.6996564781858,47.039039389615],[6.6186789138725,46.992038806738],[6.4966857222781,46.974183469608],[6.4326749210724,46.928605526908],[6.4645775075825,46.890210535442],[6.4598785157573,46.851147058563],[6.4310019605487,46.812409973106],[6.4586515580207,46.788759687976],[6.4381050836181,46.76175121989],[6.2704880921381,46.683194022336],[6.1273332783823,46.590310133888],[6.1107441527986,46.576314209592],[6.1304724861572,46.553996454277],[6.048568006745,46.607719222344],[6.1037735049255,46.649817333346],[6.0698260174554,46.68952765456],[6.1802695893085,46.741573475312],[6.2033299339615,46.772681384866],[6.1056795866935,46.845204396114],[6.0242086777367,46.855468333834],[6.0327205442291,46.870907067247],[6.0057824486729,46.873054533872],[6.0084286313536,46.895557865571],[5.9856936195365,46.906145471864],[5.9967921639228,46.933125372159],[5.9640762528681,46.948078452327],[5.9797832488435,46.963475945672],[5.968563083074,46.980447122058],[5.8286441496403,47.012164289689],[5.8158126764714,47.045781800815],[5.7876490641526,47.020606883184],[5.7495148138703,47.017244251927],[5.740849651432,47.031142758696],[5.7527262522254,47.039795055844],[5.7369607236255,47.049807327539],[5.7847160202443,47.054913241204],[5.7685434263991,47.089434266457],[5.827306328055,47.14254911162],[5.7807437061122,47.192980985477],[5.7398278721209,47.201038563789],[5.6987272452696,47.265000343118],[5.7322991145862,47.263567350231],[5.8838943313054,47.321588272893],[5.8935058005458,47.310802954862],[5.8967089702137,47.32907312258],[5.9264399732294,47.327072561708],[5.9269718960405,47.344840931073],[5.989361863815,47.327626814323],[6.080044218278,47.354032012422],[6.081531751757,47.371453831253],[6.1129616996199,47.361336476943],[6.1041786160535,47.382405041571],[6.1166555407966,47.393181051924],[6.1522419359909,47.386118440979],[6.2004449826992,47.429141415445],[6.2427351187986,47.414011465779],[6.2394366632237,47.431480940273],[6.2801775945428,47.443969681745],[6.3025025471738,47.49152594453],[6.3194622093461,47.485540598389],[6.3343498677298,47.505967983253],[6.4176535676023,47.521078457963],[6.4634948199838,47.512115441106],[6.4710619701094,47.487165902965],[6.4958967399913,47.505688006585],[6.5535649973603,47.492794483415],[6.5836439355223,47.509982562088],[6.5682850532602,47.532964684568],[6.5817732561311,47.539866618089],[6.6467168301981,47.53526431792],[6.6701763034189,47.557900781795],[6.6600556699688,47.579897594928],[6.7683735285688,47.537749840769],[6.8069985618205,47.562799803717]]]}},{"type":"Feature","properties":{"code":"29","nom":"Finist\u00e8re"},"geometry":{"type":"MultiPolygon","coordinates":[[[[-5.0725232805168,48.482730316788],[-5.0403484938817,48.465113540285],[-5.1059118332911,48.436349765333],[-5.0924748133511,48.45196258108],[-5.138001239929,48.448413926313],[-5.0725232805168,48.482730316788]]],[[[-3.9918110541337,48.736399873504],[-4.0221693339987,48.738491540178],[-4.0397770750633,48.746526903072],[-4.0062293732672,48.752081933672],[-3.9918110541337,48.736399873504]]],[[[-3.659150584255,48.65920940185],[-3.6411110010381,48.596790826133],[-3.5944194127755,48.585529255716],[-3.594593031018,48.55498621307],[-3.5392828881973,48.538250804163],[-3.6040617355353,48.496442158126],[-3.5989528212618,48.470508920513],[-3.552303441877,48.451075213076],[-3.5904183425521,48.428924877493],[-3.6076360061049,48.388458748991],[-3.5545851809986,48.377763123932],[-3.5630739862519,48.348179620709],[-3.5483329763946,48.312804529458],[-3.529338883134,48.314767041529],[-3.5549910668372,48.29372122159],[-3.5184464250967,48.282275540295],[-3.522134420826,48.255475466911],[-3.5577840037219,48.228526452626],[-3.5204667499321,48.192254183078],[-3.6958369472591,48.152210034266],[-3.7155085226945,48.142222040551],[-3.7312089824467,48.096180843537],[-3.6950209143267,48.093496452723],[-3.6981708601505,48.062309578332],[-3.6740316896394,48.052542330421],[-3.6402383243638,47.985243231924],[-3.5552770706373,47.993097499035],[-3.4974433504273,47.976723266584],[-3.4765536705495,47.948683440009],[-3.40309336092,47.966157747888],[-3.3880788564101,47.929294929579],[-3.4094061517392,47.910167984279],[-3.4034384481233,47.870110288463],[-3.4491763130993,47.861897696527],[-3.4575097495258,47.837091361261],[-3.488378728186,47.823693797324],[-3.5230056259837,47.849146782891],[-3.5396500367876,47.836179727509],[-3.5212461653116,47.798868078426],[-3.5386367482063,47.762638930067],[-3.6808379137393,47.776793307824],[-3.7218026363467,47.803803079831],[-3.84572557896,47.792371643861],[-3.9024789053236,47.835940597569],[-3.8953330854301,47.851456671771],[-3.9115007019574,47.870280163635],[-3.952255270628,47.894973629627],[-3.9900268008062,47.88273500359],[-3.9771079749911,47.853797355451],[-4.0415835187416,47.845999773961],[-4.0973424184599,47.861927402731],[-4.1443044504617,47.910760442169],[-4.1097870557359,47.936359164606],[-4.1016356245061,47.971599102005],[-4.1108035376299,47.93643845362],[-4.148590650053,47.911784831299],[-4.112806039055,47.864208198344],[-4.1635564220902,47.849182582249],[-4.1751052516171,47.875971241102],[-4.1956480316546,47.876129863398],[-4.1779637170825,47.83448054667],[-4.1594079263305,47.831817813505],[-4.1747961215709,47.807720089743],[-4.2165941479178,47.793145496317],[-4.3624139097032,47.795739457012],[-4.3792556925789,47.822050720065],[-4.3461614463077,47.83907388297],[-4.362571617849,47.889266575343],[-4.4246099459353,47.963758867166],[-4.5368798410152,48.012491630575],[-4.5647501712087,47.999835676162],[-4.6329587586753,48.029369004938],[-4.7319575291791,48.040893238655],[-4.7124639734808,48.042115186074],[-4.7163398904359,48.062467036521],[-4.6682276450746,48.070200865274],[-4.3743959355115,48.110158765816],[-4.3069930438711,48.089185950308],[-4.2842966027835,48.107888922651],[-4.2730799332603,48.154184060675],[-4.2928384902475,48.157399085257],[-4.3011254537871,48.191446905092],[-4.4483574330506,48.23563427883],[-4.5016483626877,48.230419925672],[-4.4973006895694,48.216773771782],[-4.5541303580757,48.16777550723],[-4.5640287889751,48.2322275804],[-4.5438454031052,48.24868513629],[-4.619781824787,48.263922349139],[-4.6191913673877,48.277687013901],[-4.5666092529207,48.286340243106],[-4.5793535371685,48.317985114981],[-4.5554096260061,48.33827322458],[-4.5323989547456,48.339322193963],[-4.5562724762849,48.299755550421],[-4.5357701963006,48.283943449529],[-4.5076962523209,48.310708704249],[-4.5026015309363,48.280860913221],[-4.4237773421087,48.291670034681],[-4.3844939336359,48.275154271566],[-4.2716752810253,48.295919896917],[-4.2848570831774,48.275913907112],[-4.2459294480179,48.250780318991],[-4.1866606053631,48.246536490853],[-4.2794340183855,48.277816418923],[-4.1927914320833,48.297566770216],[-4.3311785781541,48.314620491654],[-4.2780004139394,48.344874608976],[-4.2976741907114,48.355911039667],[-4.3021566253156,48.34377489677],[-4.36648632172,48.344799621581],[-4.375252431501,48.326306182232],[-4.4474594889754,48.325680817565],[-4.4290271772091,48.365619656485],[-4.2819732297193,48.434393207398],[-4.287872061805,48.436420644162],[-4.4029442647564,48.390018662486],[-4.4333536489875,48.396593913062],[-4.4352859423298,48.383389050061],[-4.4818709168706,48.382521354469],[-4.6087240373586,48.337888380763],[-4.6805572523649,48.355611191009],[-4.7076075032169,48.33225949433],[-4.7723051357322,48.3291788831],[-4.7807548157661,48.358363845243],[-4.7609158756256,48.372752574444],[-4.7933430625428,48.416235956794],[-4.7590583232069,48.470397966682],[-4.7769978959372,48.503117217189],[-4.730581474956,48.556345629552],[-4.6306065814165,48.577693340766],[-4.5920294451056,48.55696728141],[-4.5801834734014,48.562246351219],[-4.6091605495172,48.575417985689],[-4.5983162877184,48.608011192206],[-4.5907770172397,48.594023648193],[-4.5455036785654,48.59783340549],[-4.5686991918772,48.611035547029],[-4.5614793437335,48.623801490681],[-4.4149997798362,48.637926090365],[-4.4271033577354,48.652260777339],[-4.3514034206459,48.676113294185],[-4.2954040446046,48.660446563113],[-4.3160685361226,48.640188688849],[-4.298511346251,48.632640665789],[-4.2727657939881,48.649579657653],[-4.1945007324424,48.652175738687],[-4.2202278931,48.656147005163],[-4.1869344610679,48.686462205394],[-4.0709024391013,48.684670504996],[-4.0353886405866,48.713928688184],[-4.0005364915392,48.711631523299],[-3.9834371521249,48.726305142899],[-3.9668077805805,48.71962530493],[-3.9757432893007,48.699031896983],[-3.9494659266738,48.652861005926],[-3.9211812871032,48.674928420785],[-3.8911113303248,48.670896023532],[-3.9061966723813,48.660822813734],[-3.8977104457356,48.646355840782],[-3.8566651166084,48.62062982347],[-3.845545208747,48.626964725465],[-3.8644147711301,48.670330901442],[-3.8466397296643,48.673108945878],[-3.8482610894395,48.695947065984],[-3.8323743274237,48.711935659748],[-3.8207715463903,48.701352197337],[-3.8189371050949,48.715169992971],[-3.6451676792066,48.690710877885],[-3.659150584255,48.65920940185]]]]}},{"type":"Feature","properties":{"code":"30","nom":"Gard"},"geometry":{"type":"Polygon","coordinates":[[[3.3736480685005,44.170759472387],[3.430828214856,44.148000042739],[3.4397273942713,44.129098275979],[3.5464861213512,44.113818175271],[3.6334911540563,44.122696230536],[3.6526725494152,44.145568354025],[3.6278241155281,44.155028504469],[3.6496443307415,44.180846928062],[3.6786431948201,44.182760565003],[3.7969975612425,44.127385461306],[3.8775632202183,44.132861161031],[3.927270718019,44.161294730529],[3.9219574771069,44.180320696004],[3.9743738242883,44.164502268256],[3.9598822674885,44.191253623903],[3.9370729983754,44.195595947902],[3.9461669523151,44.240169534193],[3.9746483176338,44.260288859328],[3.9355738846832,44.274744298137],[3.9228602111024,44.30522063075],[3.9523300614322,44.328390007654],[3.8859181180291,44.387999952482],[3.9512054176571,44.402087805603],[3.9981617468281,44.459798467391],[4.0375991394785,44.445719563488],[4.0354823981467,44.420090870159],[4.0684449498584,44.405111736232],[4.042468868612,44.39464402593],[4.055527118005,44.365626171449],[4.0368667860025,44.330771008666],[4.0514566440182,44.317321809072],[4.1267455749949,44.337730884113],[4.1428714788751,44.313351716383],[4.1777450676527,44.317879259785],[4.1867071328058,44.29968541211],[4.2588499153827,44.264783733394],[4.2894096266193,44.293214668623],[4.2884228053033,44.31465771441],[4.3360706324228,44.339519174094],[4.3941986915176,44.345264673242],[4.3934072251798,44.293647114857],[4.440502356745,44.284053476816],[4.4576163712243,44.341635623893],[4.503538697272,44.340187516986],[4.5586960480886,44.302442886009],[4.6380600403344,44.282964739036],[4.6748406183712,44.238546852911],[4.6726658505102,44.216806161879],[4.7018165185921,44.216070926665],[4.7220708851492,44.18742070852],[4.7070128409472,44.113682146579],[4.7196389371655,44.086665255194],[4.7608553902053,44.08629669027],[4.8455501032842,43.99667711759],[4.8159834779277,43.988799971648],[4.8150547522655,43.967622474105],[4.7790210940203,43.937894495052],[4.6419145398807,43.867476572594],[4.6662999036899,43.844776915402],[4.6424185010062,43.831436886337],[4.6512435847762,43.782275197677],[4.6136350841342,43.729822310127],[4.6276618120935,43.690542678491],[4.5398466434949,43.707275616451],[4.4872344746833,43.699241399194],[4.4270341666761,43.620674791673],[4.4752352404423,43.60829610571],[4.4606813332323,43.589260601197],[4.4255399426089,43.585225258609],[4.404416776755,43.574366053053],[4.4093533628433,43.561126852889],[4.3341326001686,43.535451246643],[4.3095227640281,43.543279128578],[4.3204919293874,43.525482210334],[4.2381030309066,43.497625146899],[4.2302808850321,43.460183661653],[4.137670466646,43.481949459061],[4.1165892511326,43.508710525509],[4.1391197547669,43.531898260949],[4.1010404384135,43.554370958977],[4.0989142083254,43.585240546919],[4.1502119605016,43.585561607838],[4.1910110238358,43.639234913391],[4.1447760175493,43.733889286988],[4.1140327584688,43.737742196664],[4.0237520570046,43.803317034121],[3.9612080559067,43.805734910291],[3.9793506370893,43.842882414799],[3.9221023508338,43.858379360183],[3.9173912408729,43.885588669063],[3.8308032102239,43.866420388072],[3.8060703531318,43.877906781933],[3.7995411771349,43.890816352208],[3.8271147893385,43.935831173484],[3.7957694715927,43.942541286137],[3.7873312270452,43.966868530499],[3.7068835657127,43.96137743879],[3.6822324562632,43.946862256351],[3.6724593534735,43.911602863609],[3.6467661529193,43.914593850368],[3.6463988237395,43.900956043784],[3.623586076068,43.916974081399],[3.5754482226841,43.865520441109],[3.5994165900688,43.854725318734],[3.5778592558387,43.843915506292],[3.5307033912378,43.855622902101],[3.5133407872323,43.896202538664],[3.4351765269299,43.862954436093],[3.4237878122134,43.872967817811],[3.440272342306,43.896836575963],[3.4244530269452,43.911595449326],[3.3583619084885,43.913829285364],[3.3559729058863,43.946168277298],[3.405494605868,43.970269140751],[3.4507554815828,44.020787284367],[3.3901444043775,44.053499221204],[3.3518362676391,44.050202625217],[3.3289141381381,44.079025392535],[3.2905869474847,44.071706686695],[3.2628340569911,44.094041936297],[3.3210491311873,44.109480171818],[3.3360552391264,44.158673278061],[3.3736480685005,44.170759472387]]]}},{"type":"Feature","properties":{"code":"33","nom":"Gironde"},"geometry":{"type":"Polygon","coordinates":[[[-1.0257391846007,45.574691325999],[-0.84106252140245,45.435085891321],[-0.77402172439234,45.369205086916],[-0.75267677056313,45.321765614981],[-0.59448704800865,45.321142619731],[-0.58715999202323,45.34284134679],[-0.56896376359337,45.331518881016],[-0.56766890429358,45.297602332116],[-0.47115623286141,45.292085013202],[-0.41865787206374,45.273412127304],[-0.42378065552637,45.24780411835],[-0.4051131393976,45.239822566668],[-0.41750318373793,45.204015328884],[-0.3834007878771,45.143333546122],[-0.36356477709128,45.170262130456],[-0.34234235630155,45.167553726185],[-0.31346140209586,45.138238479526],[-0.30793572307717,45.14957651168],[-0.27536296309773,45.141404399887],[-0.24567378372971,45.10820936272],[-0.15295984730846,45.088810634907],[-0.087698819507144,45.121385343046],[-0.047688949706731,45.097503236881],[-0.0035550868294509,45.119565426221],[0.046062765840233,45.113225257483],[0.073291450340814,45.070124430762],[0.04364304777729,45.032727630944],[0.033385476085785,44.980626698129],[0.0092278596756798,44.962772057093],[0.034364629036925,44.915470221895],[-0.034209540087703,44.852109918912],[0.021068730009597,44.849764251415],[0.039465724707109,44.827491118364],[0.075753601678977,44.819691250591],[0.098021195945006,44.83286857884],[0.1126443072455,44.819064166843],[0.19289670858098,44.821030025695],[0.24408021243543,44.871832513417],[0.31506020240148,44.845415778491],[0.26372618640876,44.826279352937],[0.27422143591466,44.783396630933],[0.2973266430349,44.762287404122],[0.2557380828744,44.750109827852],[0.22648867551785,44.764390535693],[0.21679531034635,44.724068141039],[0.20173077932943,44.722436212695],[0.18453078260015,44.749030776434],[0.14132400855573,44.73741784111],[0.1333985499063,44.704635060611],[0.10058285885421,44.701166710208],[0.14155378137428,44.665533720013],[0.18267131110117,44.661072863157],[0.16521090547081,44.632857082377],[0.13735197971124,44.636065032992],[0.15085689358311,44.60864082157],[0.08223436773711,44.58404269552],[0.070718098981858,44.549329474287],[-0.00079249578691194,44.547722784938],[0.016481929542729,44.528534052288],[-0.015451041784187,44.505060157212],[-0.012959450871031,44.461397567566],[0.0075287126228942,44.447142316513],[-0.010556161472033,44.418543300826],[0.023592604670749,44.377462953453],[-0.078824287140477,44.353695916086],[-0.085757092678548,44.337609909237],[-0.034812310736151,44.296722165589],[-0.036178032292543,44.27143072373],[-0.066629618842389,44.24675515416],[-0.14068987994571,44.226407410087],[-0.19411725898218,44.269043048465],[-0.22600423316361,44.264780559078],[-0.22344689401412,44.205894666457],[-0.27211613275808,44.193811119459],[-0.38961480789413,44.209483805167],[-0.38338244369272,44.28631351989],[-0.43055425810778,44.303197247509],[-0.43184427971363,44.322572401547],[-0.51763677862963,44.33911198566],[-0.52810065622233,44.36465502296],[-0.62764253659841,44.398144928692],[-0.64059457790927,44.449412230615],[-0.67602939990072,44.457335453756],[-0.68193304268744,44.44410640147],[-0.7297300625887,44.44819829522],[-0.81732088301594,44.420355607201],[-0.91916781947707,44.44334265377],[-1.0291608887845,44.422698057254],[-0.98069956650209,44.482879743899],[-0.98773451899223,44.50830163679],[-1.0266322776735,44.507125804732],[-1.0851653037793,44.532195517275],[-1.1064937386386,44.502776393766],[-1.253891222702,44.4676023661],[-1.2586139358279,44.547133110681],[-1.2121340085435,44.599510356389],[-1.1915382411984,44.660725704553],[-1.0807927355826,44.640599156622],[-1.0053643374777,44.648038204976],[-1.0233052011919,44.67502570927],[-1.0581367463265,44.689048034983],[-1.0363621413125,44.693561606338],[-1.1605278218204,44.774666943417],[-1.2229595098338,44.709573193593],[-1.2521476349475,44.617729855339],[-1.2617334302552,44.647702967991],[-1.162337441751,45.297868794558],[-1.1546170989864,45.480167705968],[-1.0912045614296,45.562411237009],[-1.0257391846007,45.574691325999]]]}},{"type":"Feature","properties":{"code":"36","nom":"Indre"},"geometry":{"type":"Polygon","coordinates":[[[1.3266590555808,47.18622172903],[1.4484610302548,47.237964303177],[1.5341048464341,47.22131901442],[1.5262985893122,47.252885963483],[1.5910427299459,47.25746067104],[1.5924268223064,47.276675700148],[1.6504332606527,47.273166503913],[1.6658922565042,47.257784932818],[1.7156838074978,47.276819032313],[1.7761040879175,47.231384294553],[1.795817994896,47.237820414105],[1.8390806604309,47.219303670107],[1.8421034231416,47.178025700878],[1.7745852665449,47.130846854619],[1.7936682439251,47.12090793503],[1.882724430627,47.101952271787],[1.9966588335085,47.126994721746],[2.003321032879,47.094178638571],[2.0532618114789,47.103623707949],[2.0556685174481,47.071693505089],[2.0333809485515,47.042849839903],[2.1088506754911,46.997189278307],[2.0702081853584,46.954419351516],[2.0707025283968,46.933998270256],[2.154833099738,46.911627673453],[2.126206500563,46.879866015754],[2.087079297321,46.86752997115],[2.096467901154,46.855247357856],[2.0782512303935,46.838923780247],[2.0480782837609,46.835794883155],[2.116644294623,46.779716267822],[2.0657565358489,46.742495745033],[2.0927323443423,46.72429296012],[2.0869647803577,46.712584352345],[2.1554415063015,46.692156551695],[2.1366685342935,46.677280643876],[2.1431297127939,46.663534742579],[2.1894415234234,46.64213853449],[2.1856314742498,46.602862444429],[2.1671401783505,46.588981814794],[2.1732113440402,46.566183161063],[2.1586963030001,46.557344452138],[2.2043920861378,46.484397237754],[2.1516663532134,46.45796285489],[2.1677843748983,46.424069192575],[2.0889457684929,46.40889961632],[1.909180451657,46.443498226347],[1.8383647496008,46.42728517531],[1.7983753858278,46.45481310551],[1.7475915839665,46.450017868926],[1.757375741134,46.423616429483],[1.7277096608449,46.388955998124],[1.683606447426,46.418176923275],[1.628836514357,46.388247455127],[1.6092554805936,46.423123163216],[1.5461946362171,46.39346025752],[1.5439680356057,46.41688301363],[1.5223067601736,46.426527695424],[1.4151854142983,46.347214822447],[1.3442929839887,46.401546863371],[1.3030594710726,46.370991990563],[1.2164239770673,46.367784938774],[1.2047664407221,46.387689428519],[1.1772787760985,46.383948000481],[1.2126877519811,46.432217971701],[1.1834055129956,46.429224899772],[1.1860178766023,46.441083576014],[1.1516072310249,46.449233517349],[1.1355078072574,46.470884241481],[1.1529790996043,46.472957682593],[1.1349675834984,46.495262876365],[1.1459288779804,46.506400874677],[1.0875973131695,46.538168324634],[1.0206003685537,46.537099020664],[1.0147685045818,46.567759565973],[0.91586544594852,46.596627887059],[0.89430329614895,46.625732175305],[0.91742860399951,46.65036307159],[0.90215945171528,46.67919114553],[0.9249533025609,46.699991021542],[0.90104236961312,46.736090564754],[0.86746898682573,46.748216404838],[0.92470385464529,46.757126310086],[0.95637654222944,46.737086924375],[0.98881316105931,46.761544268841],[1.0116874509333,46.757807396767],[0.98747609997385,46.804582753115],[1.0194707995534,46.849359367962],[1.0375841279898,46.941252795031],[1.0635391807284,46.957306774009],[1.0559227392471,46.995938541629],[1.08506655771,47.020688086638],[1.1614195391536,47.03962293091],[1.2320899400978,47.014142864447],[1.2578242876804,47.026398912616],[1.2937745970093,47.072255183314],[1.3126429957289,47.073774055065],[1.3188337884266,47.104913182924],[1.3445235375283,47.101628681302],[1.3653663291974,47.12204955205],[1.3266590555808,47.18622172903]]]}},{"type":"Feature","properties":{"code":"38","nom":"Is\u00e8re"},"geometry":{"type":"Polygon","coordinates":[[[5.5867550088025,45.665298168862],[5.6695358905937,45.563199459718],[5.6717082687622,45.536571381592],[5.7363772302151,45.472535799856],[5.7400977980128,45.437349988759],[5.7979610020218,45.437123711786],[5.909612774011,45.390400457607],[5.9281112911718,45.415471973855],[5.9016155577899,45.418032646134],[5.9254150387228,45.464593457788],[5.9164085799586,45.47667987803],[5.9661721637538,45.492307753934],[6.0497526230096,45.437920464227],[6.1212683533751,45.438895252904],[6.1774532351909,45.393156916781],[6.1916877134761,45.369022157094],[6.1803709629809,45.35492081739],[6.19476040795,45.352244568075],[6.1844454256034,45.317952251676],[6.1319486525639,45.288285309432],[6.1385812548773,45.256050997267],[6.1257002517953,45.244269262231],[6.1378211482236,45.213333187699],[6.1594722938627,45.202449604679],[6.143792292215,45.154552997649],[6.1892075903757,45.163730483941],[6.2653779890371,45.139607411594],[6.2293919345611,45.108749945384],[6.2401205372094,45.06771808518],[6.2200802599652,45.065369735518],[6.2039233205269,45.012471073947],[6.2517609476002,44.996700081455],[6.3182021615637,45.003859362058],[6.3229180108318,44.953019839313],[6.3588423781754,44.941280796729],[6.3553625022057,44.854775353601],[6.3363165518362,44.848370410548],[6.2882129459689,44.874030533685],[6.2505425682344,44.852650516632],[6.1362266704196,44.864071820118],[6.0563403817425,44.815907431783],[6.0302157011626,44.838097758941],[5.9495216336669,44.804527356596],[5.9801493330969,44.781181602373],[5.952471613503,44.76214052281],[5.8794954997212,44.747015345674],[5.8270981940509,44.759688387455],[5.8087945811456,44.712101632921],[5.7853372486465,44.700829290463],[5.7590439457666,44.696067584965],[5.7052357370695,44.727685225843],[5.6470991996242,44.724099914037],[5.6270859672246,44.752460799598],[5.549761645604,44.794528877128],[5.5555318108241,44.771216999345],[5.4641599003636,44.792424769087],[5.4837019416551,44.823184908254],[5.4637975227518,44.825974431714],[5.4887669714919,44.990232279193],[5.4648455525186,45.045940903248],[5.482960100439,45.083814042465],[5.4594178157294,45.084353288913],[5.3883853627744,45.036136409191],[5.3431185907943,45.059779112552],[5.2483439776641,45.060930865772],[5.2082043994035,45.084220045879],[5.1793794005119,45.083305819247],[5.1634833877489,45.06599819123],[5.1427276255164,45.080729882348],[5.187438201276,45.120832355985],[5.191700424762,45.154576461872],[5.1674873703836,45.210221645731],[5.2017183191657,45.217400467946],[5.1765458684418,45.248399245404],[5.1214293208332,45.248334945441],[5.1385253524837,45.296216167914],[5.0754112531922,45.281827518251],[5.0543224224169,45.319051008949],[5.0205931755981,45.319428254027],[5.0096495089118,45.342230172467],[4.9891862167152,45.344042230781],[4.8802416809906,45.2974566456],[4.8588038161436,45.308951945608],[4.8004899840029,45.298357121937],[4.7605327238034,45.327460400164],[4.7725568146969,45.35486629718],[4.7441167394752,45.40888118257],[4.7569316195483,45.455703808946],[4.7794738263144,45.45503324486],[4.7822796715264,45.472208128185],[4.8728116747039,45.531305267791],[4.7771292183341,45.587395458322],[4.8577266463597,45.5795777754],[4.9014588479373,45.60626328191],[4.9979604182227,45.603410458278],[4.9894470341835,45.618525768193],[5.004740525885,45.62311302936],[5.0380861620656,45.615067173692],[5.0351462071679,45.637203894595],[5.0542255730691,45.660136259749],[5.1081345828339,45.688028491968],[5.1048861162621,45.700378923523],[5.1592030475156,45.714572205586],[5.0945254918509,45.739450682898],[5.093096251464,45.766087895262],[5.0701066801383,45.765478936083],[5.0595234976359,45.782545469588],[5.0893113585792,45.784275046022],[5.101068799884,45.813378958875],[5.1603637371378,45.802317387422],[5.1915300805363,45.771685350507],[5.2210769334942,45.768454465895],[5.2668936711139,45.789370837093],[5.3023555890522,45.847951056741],[5.3538322357139,45.883269928025],[5.4131348727477,45.852221679893],[5.4349408141813,45.831093859803],[5.4226465285427,45.80712278512],[5.5272754539149,45.715508313157],[5.5711688852413,45.696872630898],[5.5703089690672,45.684426548161],[5.5459463129561,45.697327503887],[5.5541553698377,45.671790582993],[5.5867550088025,45.665298168862]]]}},{"type":"Feature","properties":{"code":"51","nom":"Marne"},"geometry":{"type":"Polygon","coordinates":[[[4.047974391829,49.405644080344],[4.1763877307951,49.402223567335],[4.2013129683942,49.383787503175],[4.2483151328731,49.382258801676],[4.306756434583,49.327793732979],[4.3756202848697,49.323806086041],[4.3934273749267,49.297089478883],[4.4472224785571,49.272534237553],[4.5758736299471,49.29664842129],[4.5999803719844,49.288620424164],[4.5949756349039,49.270730016157],[4.6355140198289,49.232137951902],[4.686077487107,49.256757207882],[4.7442321422207,49.24147380968],[4.8154203920087,49.249858555376],[4.868279158254,49.228510768771],[4.8809209460769,49.261836038124],[4.9150358909471,49.265080531868],[4.9707577303293,49.236057819576],[4.9933759888652,49.209623589511],[4.9397607283221,49.185070922974],[4.9921245963475,49.11490357014],[5.0059210382911,49.059419471656],[4.9686781571867,49.024739554079],[5.0076786336645,49.034951097618],[5.0363201841563,49.024335269381],[5.0326726595298,48.993738798801],[4.9953582630028,48.982598875386],[5.0379027924329,48.97301158464],[5.0125842536926,48.936930774568],[4.9500350999827,48.930504233541],[4.9157932199583,48.899796792981],[4.9130004169396,48.872143960831],[4.9356977655096,48.84062704651],[4.8887582394372,48.817210656662],[4.8885820531146,48.80061371657],[4.9345688695301,48.790356335664],[4.9820099984545,48.745127607624],[5.0092185303043,48.741388830169],[5.0064063680002,48.699074659527],[4.9380905948576,48.675373788178],[4.9112642126649,48.688711618117],[4.8677704316646,48.667199526094],[4.8170779053142,48.680410704957],[4.7816199789859,48.669167975689],[4.7718774865053,48.651876998827],[4.8419600326075,48.649667066507],[4.8573704786259,48.614521343498],[4.7691959833394,48.588691008545],[4.7760215384285,48.565958485774],[4.7963249237962,48.568038915631],[4.7834717130013,48.553474163913],[4.7991801924007,48.529782574269],[4.7235453621618,48.541477539056],[4.6701871837802,48.531884547152],[4.635006842873,48.544471761508],[4.6433629775436,48.553661794112],[4.614026636402,48.553807130722],[4.558952067243,48.543423837159],[4.5454110284704,48.525251319435],[4.5128701947233,48.546205419913],[4.4030698243769,48.561257615364],[4.3159081092834,48.615575295825],[4.3317535766786,48.630271825369],[4.3213683561975,48.646557197418],[4.3337403788619,48.677131749929],[4.325595348106,48.700276115124],[4.2954502821302,48.71316787475],[4.1663812775746,48.707450693316],[4.1310882168837,48.686150324648],[4.0802597224157,48.701069005389],[4.0559095644888,48.667079455181],[3.9864667097568,48.655065441589],[3.9492334056715,48.603429775124],[3.9084175961476,48.601748446727],[3.9000598866521,48.574841427631],[3.8542522481108,48.577217582885],[3.8607919136421,48.533881448292],[3.8227434690573,48.516108006569],[3.7308793763501,48.537466056167],[3.6436337985267,48.536259310367],[3.6277119530337,48.575651578852],[3.5825908612546,48.585460442144],[3.579891852417,48.60486066415],[3.517498400146,48.643365240313],[3.4531162175594,48.633955984329],[3.4604317354595,48.653009078358],[3.4408489379625,48.66307286353],[3.4769690535178,48.699355347111],[3.4643082791983,48.707378088042],[3.4674670222781,48.735224220894],[3.398657955437,48.755599281994],[3.4094228096892,48.783835572028],[3.442160723333,48.784353883555],[3.4412895824977,48.800919300185],[3.4041649646308,48.80927626878],[3.4872017702391,48.815190371551],[3.4824053162481,48.864936735752],[3.5285709402165,48.912136556763],[3.5698140355022,48.914705628852],[3.5744445323994,48.939019123403],[3.6015957850168,48.944073853473],[3.5915529898914,48.960375393399],[3.6206544521613,48.965944000018],[3.6398926774554,49.00408594583],[3.6749656325958,49.01172340253],[3.6639547486924,49.037308063462],[3.5866997575834,49.035795925017],[3.5877081614204,49.059394624683],[3.6390507423115,49.081304273735],[3.6000114843908,49.120690012831],[3.6222521277141,49.151105463129],[3.7016210668145,49.143083232127],[3.7487678456403,49.157085133246],[3.7511423125744,49.177699202357],[3.7043892552675,49.181369443488],[3.6971034744514,49.205472659609],[3.6839084510227,49.197534060825],[3.6516085786612,49.221427253663],[3.6763725147129,49.23836076616],[3.6552490233788,49.262847772673],[3.65731758003,49.291021541771],[3.6383343630554,49.301354552133],[3.646957318637,49.315152582535],[3.8015158122099,49.358931233427],[3.852156449301,49.344654924149],[3.8591446800636,49.381351797144],[3.9244391664348,49.406179032892],[3.9613104389204,49.377346727516],[4.0354977852679,49.359905945249],[4.047974391829,49.405644080344]]]}},{"type":"Feature","properties":{"code":"52","nom":"Haute-Marne"},"geometry":{"type":"Polygon","coordinates":[[[4.6701871837802,48.531884547152],[4.7235453621618,48.541477539056],[4.7991801924007,48.529782574269],[4.7834717130013,48.553474163913],[4.7963249237962,48.568038915631],[4.7760215384285,48.565958485774],[4.7691959833394,48.588691008545],[4.8573704786259,48.614521343498],[4.8419600326075,48.649667066507],[4.7718774865053,48.651876998827],[4.7816199789859,48.669167975689],[4.8170779053142,48.680410704957],[4.8677704316646,48.667199526094],[4.9112642126649,48.688711618117],[4.9380905948576,48.675373788178],[4.9525016444095,48.687323710714],[5.00253386288,48.682649301611],[4.9993220353425,48.614834346517],[5.057748743685,48.629697103631],[5.0708911117702,48.595728770674],[5.1183529904094,48.595513437496],[5.1456350510637,48.562002271713],[5.1650732858833,48.565344025751],[5.2122544924731,48.528791624388],[5.3285067550225,48.507151257772],[5.349473975465,48.481986800328],[5.4008849824238,48.470480292577],[5.4084984885085,48.445792781768],[5.4700548229834,48.420926283443],[5.3944755711529,48.391004497394],[5.4415772107617,48.380227039336],[5.418560018075,48.360694271013],[5.4257979057073,48.331424612905],[5.4821531055766,48.356198541709],[5.5259347078446,48.347094088677],[5.5883254913252,48.274255206421],[5.6116505645448,48.291813565657],[5.6538144936044,48.268521890367],[5.6408971957509,48.242355194462],[5.7108479434936,48.219930933286],[5.7309798544964,48.189696947755],[5.6822393084,48.175705308685],[5.6843229216395,48.145045600453],[5.6568796713896,48.120400699552],[5.6719848282194,48.109532293186],[5.6305352541093,48.083984386541],[5.6484946182822,48.071542202301],[5.661279627694,48.071989606586],[5.6531765949008,48.084054660311],[5.6967989266543,48.077232264437],[5.7269571428765,48.046031922901],[5.7777453585169,48.031364684582],[5.7937953925203,47.991691912896],[5.7784867170861,47.978010814127],[5.7872807490879,47.95259247623],[5.83157461884,47.957758607577],[5.8428079317049,47.975560673709],[5.8908642780035,47.910826243984],[5.8483941586096,47.904328585027],[5.8214368328201,47.868177826395],[5.8279856830918,47.851868490955],[5.7611967718111,47.859337964072],[5.7441242763236,47.848675592832],[5.7460508220444,47.823594453292],[5.6902845680034,47.818602061169],[5.6766127410923,47.77915552638],[5.7050877892064,47.769109267163],[5.7092157661502,47.744819092275],[5.6848345035363,47.722252488703],[5.6900715815111,47.684834261118],[5.5966797529575,47.671689689304],[5.5672035170122,47.705232598617],[5.529779465589,47.672825610683],[5.482566377733,47.684598405046],[5.406340329799,47.673403498326],[5.4055917713039,47.647770719631],[5.3547654342374,47.591360294209],[5.3223487268523,47.612359526718],[5.2529216592041,47.576950536437],[5.2395818018336,47.595735741686],[5.2586017166912,47.622216096373],[5.2392323119847,47.616130998734],[5.1735955223689,47.652564238401],[5.1793190058471,47.679306571337],[5.1088743414175,47.649687715835],[5.0435832118687,47.676513563124],[5.0606448449781,47.694789812394],[5.0327945086565,47.692333079799],[5.0262670139789,47.709492979045],[4.9791098413952,47.687763691185],[4.9541385723681,47.701462932734],[4.9707033208711,47.727636116595],[4.9589919593761,47.761870409828],[4.9307398007716,47.761333148797],[4.9183050956308,47.777311690703],[4.9824009031204,47.800350982387],[4.9941266376295,47.819746154602],[4.968346106104,47.831938726344],[4.9540995648128,47.866767159307],[4.9282357147154,47.871123778488],[4.9018509649222,47.921284863427],[4.8693396784934,47.917449806377],[4.8569990661674,47.89585146766],[4.8340343917843,47.906781834116],[4.8660942377505,47.940508774674],[4.8520473231564,47.956242158653],[4.7865152517638,47.964201285162],[4.8091903248533,47.990087845923],[4.7890783024494,48.007828564444],[4.7199460898645,48.008895516311],[4.7042329730873,48.020235152969],[4.7231559379207,48.045761135825],[4.6630026548561,48.076568913128],[4.70448915836,48.088648110098],[4.7306077491836,48.118209937253],[4.8356166412878,48.108554335428],[4.8292931885425,48.129605655891],[4.8500985100978,48.141757077316],[4.8354546176062,48.161726961473],[4.863174195777,48.201977664765],[4.8352494219065,48.221060786024],[4.8538598270306,48.228760631994],[4.8508437809167,48.296248449436],[4.8142122475715,48.323012708298],[4.8413463624966,48.33955694951],[4.7547237556079,48.366678135197],[4.7601875463212,48.387613359286],[4.7161010006502,48.394852352273],[4.6703471289995,48.445806459269],[4.6268310932286,48.468076675502],[4.6534621243174,48.470552171278],[4.6701871837802,48.531884547152]]]}},{"type":"Feature","properties":{"code":"57","nom":"Moselle"},"geometry":{"type":"Polygon","coordinates":[[[7.6352815933424,49.054164206261],[7.5783945474788,48.957398722989],[7.5382559219775,48.932957199392],[7.4468936659225,48.965782537324],[7.3268481155836,48.943375583481],[7.2912378631909,48.956648934867],[7.2930505096429,48.973419993633],[7.1305056457022,49.004589914922],[7.1016822948106,49.063729853332],[7.1109699086532,49.071857597144],[7.0681059794001,49.066882709203],[7.078657018389,49.050358924621],[7.0308791462263,48.985879416935],[7.0322221462463,48.956048112426],[6.9892133372901,48.959924389065],[6.9788871720834,48.933339809497],[6.9443993368701,48.934799489837],[6.9646057074582,48.904524234117],[6.9546718652654,48.893890344954],[7.027124762811,48.87980451616],[7.0502424744293,48.859345451322],[7.0957199498063,48.86214489256],[7.086621157518,48.847742486374],[7.0513316660602,48.846282688184],[7.047118425674,48.820636260338],[7.0891249837893,48.806773609574],[7.0671939837244,48.799480443377],[7.0778230489578,48.785578755501],[7.1267966008006,48.801145146585],[7.1494099127444,48.844705787321],[7.1846205353403,48.850245274866],[7.1878318748607,48.833929235992],[7.2286555719709,48.828037920731],[7.3119029263128,48.767297153936],[7.2601696827824,48.694299105119],[7.2424838370011,48.691546869433],[7.2646008192286,48.662701785192],[7.3043497385752,48.660204189323],[7.2732932655448,48.633307766643],[7.262812241024,48.590281985422],[7.16790822618,48.527591999423],[7.0921481404601,48.529042689021],[6.9945079286004,48.595965468544],[7.0166944370945,48.603987344415],[7.009348893232,48.611859349561],[6.9607924698341,48.608281747074],[6.934223182594,48.633326978431],[6.8636010223891,48.620311412276],[6.8260372985364,48.644824072245],[6.782490099168,48.642723209857],[6.7546715595276,48.669387591641],[6.7260796976867,48.664416940975],[6.6879197306857,48.683630505731],[6.6665029232238,48.671163093077],[6.6764059809526,48.688850403381],[6.6584083727001,48.70804275227],[6.5989711260034,48.715692430866],[6.5541471102694,48.754088057977],[6.4536071617557,48.765889394207],[6.4335148612716,48.789039690367],[6.3944359664073,48.775269090599],[6.3550354567534,48.781656974575],[6.3493139281181,48.807885903195],[6.3100797932181,48.82110876293],[6.3389481809645,48.834053669143],[6.2854720614818,48.849428578085],[6.3117190662122,48.86382643255],[6.2982668306514,48.880723838846],[6.3272620439057,48.905195596255],[6.2719751529819,48.933137468562],[6.1322069836653,48.934718252101],[6.1169037215408,48.967828571265],[6.0434337487251,48.977474356417],[6.0450035747376,49.01041495307],[6.0165389874431,49.035287465653],[5.9595168540519,49.047119309838],[5.9246765466348,49.092125059986],[5.9315992811089,49.109106235426],[6.0049185226691,49.113986517555],[5.9813793558344,49.144452574544],[6.0261444602533,49.165119073785],[5.9822673554929,49.195513428251],[6.0293909262549,49.230472752632],[6.0273394946232,49.252606188824],[6.0066599302753,49.260280179085],[6.0063890612557,49.307960359999],[5.9852221215853,49.30516988712],[5.944010745274,49.334643541614],[5.961300724503,49.347783910873],[5.9561223859101,49.361591418656],[5.9285345092754,49.375503600542],[5.9295648718633,49.401892423859],[5.9119203012586,49.407714315408],[5.9422868054224,49.430349715627],[5.9366368899289,49.477654604854],[5.8934039932125,49.496912378689],[5.971776634974,49.491320067133],[5.9786602517285,49.461213469236],[6.0278782998684,49.448439296043],[6.0556220526452,49.465361612667],[6.100815774202,49.452882062635],[6.1276565854344,49.492885551721],[6.1807922123531,49.507740334246],[6.2564100413301,49.510019040716],[6.296575175601,49.480106832386],[6.3643965239711,49.459484546704],[6.4301197078959,49.476400021233],[6.4700838654605,49.462767275295],[6.5522345196475,49.423348210636],[6.5405242817617,49.401146060427],[6.5870798611261,49.384936563478],[6.5838802640069,49.368622950588],[6.6018563427332,49.366781011608],[6.5658428249466,49.347352742548],[6.6691862190043,49.28060241979],[6.6603276651427,49.260969691767],[6.6905439593201,49.247633562325],[6.6948030976287,49.215906501206],[6.7196514167899,49.221375153791],[6.7314966006431,49.20608920408],[6.7113631909174,49.188538133309],[6.7385082593927,49.163661266785],[6.7845561626242,49.168086631556],[6.8345431950591,49.151466537904],[6.8609474837466,49.178714159357],[6.8353839856274,49.211325473776],[6.9354186816977,49.222156163157],[6.9592812915983,49.203004868528],[7.0343248906795,49.189680638467],[7.0276496496344,49.170085953929],[7.0497586225268,49.114534084003],[7.0888751761417,49.130224426302],[7.080281154448,49.148775932362],[7.097848351075,49.155036981759],[7.1132659041816,49.151694619011],[7.1048549037238,49.13866216876],[7.1567251793676,49.121307004318],[7.183939320312,49.130726755298],[7.201238747366,49.116722335367],[7.2477915881698,49.127982310796],[7.2986472513209,49.11745641594],[7.3298410268211,49.14494179986],[7.3628465402247,49.14521647821],[7.36507550268,49.171836295674],[7.4450649197879,49.184305403345],[7.44067166015,49.170483311686],[7.4911929165521,49.169804496794],[7.5061698187802,49.154030900401],[7.4921500560289,49.141863362811],[7.5390064229804,49.092067833166],[7.5999843985962,49.083327857216],[7.6352815933424,49.054164206261]]]}},{"type":"Feature","properties":{"code":"65","nom":"Hautes-Pyr\u00e9n\u00e9es"},"geometry":{"type":"MultiPolygon","coordinates":[[[[-0.10307051080042,43.242819142542],[-0.12215124145212,43.243893908194],[-0.14061503281768,43.271941230583],[-0.11185367186851,43.31039465909],[-0.079283735332789,43.271656452017],[-0.10307051080042,43.242819142542]]],[[[-0.090143282581254,43.358859352353],[-0.10728332222542,43.370734939225],[-0.09095912750824,43.37316253716],[-0.065396680791735,43.35504948237],[-0.075041474866062,43.307136096993],[-0.11139515774132,43.315808605005],[-0.10847946239493,43.337801770075],[-0.086786928155415,43.336872044844],[-0.090143282581254,43.358859352353]]],[[[-0.096787871742487,43.582404857482],[-0.073973166600852,43.606313465142],[-0.015780753160441,43.60465468589],[0.015777190923584,43.543393094225],[0.056077967868575,43.518802653832],[0.11212679596727,43.517368187417],[0.13086227203695,43.47402211026],[0.16599819263146,43.44273819974],[0.13200756108454,43.424113141856],[0.15385938168359,43.399322164419],[0.17380124314994,43.402772158304],[0.18202989360661,43.371184440461],[0.23258112809587,43.3677705561],[0.29864354305631,43.388394571404],[0.30085815491505,43.371751195377],[0.32769192775763,43.370952743497],[0.33183860488216,43.343161276986],[0.38833876240281,43.356210125031],[0.41351647060317,43.329094431545],[0.44303285893116,43.327927935026],[0.44503785342914,43.340295366177],[0.54744742610882,43.329318832245],[0.63572028728275,43.30007447295],[0.55156853219931,43.236101604682],[0.57284091276067,43.233109036267],[0.57095143144365,43.217817968649],[0.51738555808232,43.212375668519],[0.50575903800693,43.199712594677],[0.52156679074663,43.192045832358],[0.44199364903152,43.131273015364],[0.46394357774072,43.117819842257],[0.45321684463749,43.111242340548],[0.48904307495584,43.115172560924],[0.50283874034225,43.095683308821],[0.56385629257295,43.074244482997],[0.56265072205432,43.035782450371],[0.53793151601541,43.041642574512],[0.53097432359112,43.003272172104],[0.60824975068702,43.033562771594],[0.62741914892273,43.000102900277],[0.61882997147207,42.972416005847],[0.64553925526757,42.962068215879],[0.60605980482582,42.934364734106],[0.57593507190118,42.870827720703],[0.53694778531801,42.862514068997],[0.4772965729446,42.878104684919],[0.46024258056156,42.85175053483],[0.45509925797433,42.728057163284],[0.48458374009353,42.710274868309],[0.47775091439859,42.699986776967],[0.42927703134928,42.690747961457],[0.35962761747241,42.723390903669],[0.29282363337494,42.674921018438],[0.25988644276717,42.715814801568],[0.17572555256904,42.736480431547],[0.11125293791766,42.710207845076],[0.016464909509703,42.701787746946],[0.0023539316821015,42.686187697005],[-0.059811467964507,42.693423542148],[-0.068842258409049,42.717900891138],[-0.11070680415594,42.725007544931],[-0.15972393675618,42.797400992971],[-0.17849266806523,42.785358654901],[-0.21390456164229,42.79603817418],[-0.3134440845287,42.84937502201],[-0.3270823405503,42.915785217713],[-0.28159219915593,42.933563651361],[-0.28772006609469,43.005371765683],[-0.26484031266067,43.009957412551],[-0.25993739842031,43.038277556214],[-0.2239464237385,43.033684092022],[-0.18964711095987,43.052021067576],[-0.19098051290629,43.111202819975],[-0.14613588573303,43.128233156333],[-0.11770126761715,43.180323067986],[-0.10448219117427,43.166691440804],[-0.06786899220915,43.177118135342],[-0.07252723387475,43.224387038006],[-0.049462179860127,43.217180833465],[-0.017008526259885,43.270448647152],[-0.046122559308833,43.300858489621],[-0.024874069651994,43.329492363991],[0.010318205390046,43.325314740811],[0.02629551293813,43.341364458979],[-0.0052544098304965,43.373757650344],[0.0095923341693579,43.422106177396],[-0.0009763127221442,43.444398882283],[-0.042752022413969,43.410434732548],[-0.066460558394679,43.411733865017],[-0.053836151217704,43.418937636756],[-0.065757532784034,43.463483610747],[-0.01781381554075,43.472147456522],[-0.049321056921324,43.492468050259],[-0.040135444460287,43.512604399189],[-0.064394904836236,43.545147116286],[-0.094969201412123,43.548141189515],[-0.096787871742487,43.582404857482]]]]}},{"type":"Feature","properties":{"code":"66","nom":"Pyr\u00e9n\u00e9es-Orientales"},"geometry":{"type":"Polygon","coordinates":[[[2.1660488223224,42.663917432789],[2.1921070857545,42.651761775768],[2.2645326504794,42.706239710442],[2.3220073604176,42.707789785798],[2.3553902933138,42.727008424178],[2.343924099398,42.801221485171],[2.3190761465472,42.823973534101],[2.3271099265103,42.837443636727],[2.5090056459735,42.849828064937],[2.7247452179486,42.833985979518],[2.7890562621586,42.895989632901],[2.8652738845272,42.918339638726],[3.0435046945933,42.838148318333],[3.0348448670056,42.660160793544],[3.0496015552694,42.550136565972],[3.1335799243959,42.512937683655],[3.1301915393708,42.485333147407],[3.1530079401401,42.477772687552],[3.1747892794105,42.438690536519],[3.0854409735932,42.425513473771],[3.0407584675862,42.473141908956],[2.9689921527615,42.465793999445],[2.9470281255671,42.481796599661],[2.924484683878,42.458390971344],[2.8414158207066,42.458521817354],[2.7769704769536,42.411950189136],[2.7531989854034,42.4253608469],[2.6750400951504,42.404970989064],[2.6714146160115,42.387529592347],[2.6556398345705,42.388430725188],[2.6717703199325,42.341177323897],[2.5778257714722,42.357932340651],[2.5257604063048,42.33364688988],[2.4829568103055,42.33964742313],[2.4288205957426,42.394335723771],[2.2578039229724,42.438353537568],[2.2010574502093,42.41629050573],[2.1563381691629,42.423423821077],[2.0835932961683,42.362697401901],[2.0169227090321,42.348686254163],[1.971695415142,42.373783371899],[1.9353061351198,42.453582304437],[1.8854483131238,42.449295307775],[1.8346241667293,42.481783546447],[1.7258285070201,42.503605106587],[1.7498796321903,42.563587757319],[1.8744788516217,42.581409515841],[1.9001799629623,42.614904331366],[1.9361237389211,42.605411191977],[1.971753608035,42.616917738425],[2.0005161638086,42.661563048952],[2.1660488223224,42.663917432789]],[[1.9573803578127,42.461623243383],[1.9813423517482,42.44752541931],[2.0126872587813,42.448344388962],[1.978759694687,42.494769707784],[1.9573803578127,42.461623243383]]]}},{"type":"Feature","properties":{"code":"73","nom":"Savoie"},"geometry":{"type":"Polygon","coordinates":[[[6.8025153780901,45.778372017386],[6.8111853327597,45.73065029663],[6.8477523743945,45.689376465007],[6.902535284798,45.680938868689],[6.9171852994011,45.650736949397],[7.0006916861839,45.639899750138],[6.9778473846393,45.589884647121],[6.9953839096018,45.575637066048],[7.0003315139353,45.504414498664],[7.0520544291456,45.496249516678],[7.0542268132495,45.472184344708],[7.0997838903912,45.469437750641],[7.1135165884052,45.434196485823],[7.1842712160815,45.407484371382],[7.1347132782574,45.331243465627],[7.1106925788126,45.326508796443],[7.1375927179634,45.255692980709],[7.0673372003279,45.210085201319],[7.0427614515596,45.225313603097],[6.9687620809781,45.208057678984],[6.9430641979885,45.17091084008],[6.8916010947342,45.167033325671],[6.894376782376,45.137373356732],[6.8498552798828,45.127164544748],[6.7679412928181,45.159739939943],[6.7392628844294,45.136771576844],[6.6800685047784,45.140123130573],[6.6299923020059,45.109324963809],[6.5765291374542,45.123092743765],[6.556730767951,45.104079390462],[6.5104239586159,45.108998029314],[6.4812555476638,45.094138953543],[6.4862360357216,45.056075754404],[6.365073385182,45.071290490956],[6.3629265157708,45.104492035764],[6.3344836229796,45.122836461323],[6.2862810761543,45.110160822134],[6.2489312476442,45.149662771802],[6.2277116468863,45.142717265929],[6.1892075903757,45.163730483941],[6.143792292215,45.154552997649],[6.1619191434924,45.188405431434],[6.1272723570602,45.233317943724],[6.1319486525639,45.288285309432],[6.1844454256034,45.317952251676],[6.19476040795,45.352244568075],[6.1803709629809,45.35492081739],[6.1916877134761,45.369022157094],[6.1774532351909,45.393156916781],[6.1324998100528,45.433380436097],[6.0497526230096,45.437920464227],[5.9661721637538,45.492307753934],[5.9164085799586,45.47667987803],[5.9254150387228,45.464593457788],[5.9016155577899,45.418032646134],[5.9281112911718,45.415471973855],[5.909612774011,45.390400457607],[5.7979610020218,45.437123711786],[5.7400977980128,45.437349988759],[5.7363772302151,45.472535799856],[5.6230208703548,45.604282743022],[5.6891819695463,45.648501735062],[5.6870609549933,45.668165449596],[5.7083299077507,45.683061321171],[5.7041230572664,45.71092263715],[5.7487624468829,45.705295781585],[5.7761557592359,45.729222522213],[5.7868561787325,45.822955096586],[5.8312301905898,45.93845768164],[5.8620989101739,45.932404159946],[5.8734239275564,45.838095623667],[5.9132162270288,45.804144272156],[5.962555366063,45.812244082539],[5.9580636779393,45.794917062293],[5.9809611163682,45.795572407777],[5.9799040564948,45.768947575193],[6.0429455303571,45.739097577502],[6.1034234367071,45.745054554666],[6.1030748256953,45.763440195159],[6.166239206486,45.755718187246],[6.1955441986055,45.732330085742],[6.194319616118,45.69377532381],[6.2142854320211,45.70898418313],[6.2316514090283,45.702752717419],[6.2321247087245,45.682198985672],[6.3306327026354,45.695531215444],[6.3703157001433,45.752890460838],[6.3685361711613,45.772502949818],[6.4236722928903,45.802445106386],[6.4507523478857,45.861321149515],[6.5090901071588,45.90863369291],[6.5729131150536,45.877552911542],[6.5684340912693,45.863169115697],[6.53578724053,45.862051424861],[6.5655501855053,45.815706295722],[6.6017276524694,45.795417388915],[6.6611884798758,45.798909195187],[6.6888265186739,45.771350450683],[6.6904098405906,45.72713731311],[6.7119449400281,45.72291946053],[6.7555088957599,45.766356186055],[6.8025153780901,45.778372017386]]]}},{"type":"Feature","properties":{"code":"74","nom":"Haute-Savoie"},"geometry":{"type":"Polygon","coordinates":[[[6.8025153780901,45.778372017386],[6.7555088957599,45.766356186055],[6.7119449400281,45.72291946053],[6.6904098405906,45.72713731311],[6.6888265186739,45.771350450683],[6.6611884798758,45.798909195187],[6.6017276524694,45.795417388915],[6.5655501855053,45.815706295722],[6.53578724053,45.862051424861],[6.5684340912693,45.863169115697],[6.5729131150536,45.877552911542],[6.5090901071588,45.90863369291],[6.4507523478857,45.861321149515],[6.4236722928903,45.802445106386],[6.3685361711613,45.772502949818],[6.3703157001433,45.752890460838],[6.3306327026354,45.695531215444],[6.2321247087245,45.682198985672],[6.2316514090283,45.702752717419],[6.2142854320211,45.70898418313],[6.194319616118,45.69377532381],[6.1955441986055,45.732330085742],[6.1428994551112,45.761510794776],[6.127906969992,45.751705434989],[6.1030748256953,45.763440195159],[6.1034234367071,45.745054554666],[6.075611236583,45.740895531828],[6.0030607762844,45.749527422399],[5.9739307725691,45.774949967496],[5.9809611163682,45.795572407777],[5.9580636779393,45.794917062293],[5.962555366063,45.812244082539],[5.9132162270288,45.804144272156],[5.8734239275564,45.838095623667],[5.8620989101739,45.932404159946],[5.8338184185592,45.934970601362],[5.8340245954563,45.972027470458],[5.8096421985755,45.989802335637],[5.8114122153566,46.078423852566],[5.8323048867913,46.105997561521],[5.8556665715056,46.086765119478],[5.8914369022611,46.088481128574],[5.8853202303568,46.107902197456],[5.9222720779069,46.131479275113],[6.0455233066288,46.139907692935],[6.0520405063454,46.151402707103],[6.1449190514584,46.144832823407],[6.2320741324515,46.205470235677],[6.2956514854587,46.226054581929],[6.3085403196879,46.255105885559],[6.2676297299719,46.247839951429],[6.2377992707926,46.27733692078],[6.2799144692268,46.351093458251],[6.3151995925349,46.368778204186],[6.3446806034485,46.370015245292],[6.3900333913921,46.340163012448],[6.5090399003785,46.404031878903],[6.7228648390107,46.407550427288],[6.8048287544258,46.393585002703],[6.770609037987,46.35489449301],[6.8645108313675,46.282986228855],[6.8036633001539,46.204343363963],[6.7985330883924,46.136103390553],[6.8983839799267,46.122561981532],[6.8726328572469,46.052044575345],[6.8883272243818,46.043120600357],[6.93736936958,46.06456312426],[7.0182519988272,45.984185305283],[7.00940894593,45.9697604902],[7.037615499193,45.95430091758],[7.0438913499404,45.922087093613],[7.0031479175286,45.89782755209],[6.9917249963735,45.868198790757],[6.93960886416,45.846732871084],[6.8821969778683,45.849520488181],[6.8698438889527,45.825642650285],[6.8180784499339,45.834974269868],[6.8025153780901,45.778372017386]]]}},{"type":"Feature","properties":{"code":"77","nom":"Seine-et-Marne"},"geometry":{"type":"Polygon","coordinates":[[[2.5853737107586,48.679395351685],[2.5688027048808,48.707221723749],[2.5946737376888,48.73180600135],[2.5858204453665,48.741487637605],[2.6136517425679,48.76102540673],[2.5856046173972,48.778627130829],[2.5997697108259,48.794974135979],[2.5738417937528,48.853385173417],[2.5873261857605,48.865005030869],[2.568109258403,48.865942675094],[2.5594064582352,48.885336254164],[2.5838172328399,48.895410384217],[2.6025997962059,48.929356607315],[2.5634346213721,48.977732430334],[2.5803194899487,48.991593137352],[2.5657856607901,49.012397786393],[2.5350135962143,49.023809402045],[2.5882844530991,49.046956449876],[2.5715472662178,49.059825274601],[2.5905283926735,49.079653961607],[2.6332770991263,49.108372635105],[2.6909952426863,49.066575827238],[2.7204862280103,49.074886920193],[2.7350099332564,49.060452516659],[2.787073783912,49.07527418833],[2.8090528505052,49.097537605404],[2.8557424844029,49.070260111043],[2.9704735929189,49.088974001698],[2.9879964190903,49.072371853401],[3.0085155423352,49.091506561321],[3.0483557770377,49.08631637936],[3.0718801833502,49.11755332218],[3.1652303376546,49.099653555336],[3.1586170058803,49.080495794822],[3.1902026447151,49.046494471584],[3.1610292917102,49.024224133711],[3.2518324140274,48.972363565032],[3.2678473977393,48.938330226813],[3.3047535824542,48.948766966256],[3.3302940034825,48.908707002968],[3.3722055688435,48.921684863018],[3.3804785922907,48.874760520568],[3.4522351731222,48.856295042236],[3.4453621334286,48.843227318178],[3.4619058634763,48.837795469902],[3.4851833721947,48.851910309574],[3.4872017702391,48.815190371551],[3.4041649646308,48.80927626878],[3.4412895824977,48.800919300185],[3.442160723333,48.784353883555],[3.4094228096892,48.783835572028],[3.398657955437,48.755599281994],[3.4674670222781,48.735224220894],[3.4643082791983,48.707378088042],[3.4769690535178,48.699355347111],[3.4408489379625,48.66307286353],[3.4604317354595,48.653009078358],[3.4531162175594,48.633955984329],[3.5031842529874,48.645682506087],[3.555613758785,48.620285576065],[3.5038548704771,48.604807329745],[3.5158639136582,48.589782150903],[3.4655215727904,48.570484758136],[3.4796007670225,48.544709319952],[3.4591848626137,48.530740265696],[3.4053967325678,48.528014902933],[3.4346387383078,48.490251682592],[3.3883584814447,48.480409204068],[3.4064837519344,48.45245201333],[3.3919585015834,48.424317659764],[3.4220792964886,48.413341016525],[3.4147888224632,48.390268550005],[3.3833174045242,48.39970411104],[3.3672130286667,48.394317453742],[3.3651606301927,48.372282482296],[3.2823921646024,48.377519839785],[3.254386262298,48.36502005161],[3.1398647131279,48.372599662445],[3.1034153439925,48.349510589018],[3.0495229427782,48.360116755131],[3.0158983096866,48.307897241414],[3.047565503762,48.249696163103],[3.0314619630164,48.248879164003],[3.0051596957479,48.207665501246],[2.9347445709406,48.178820824383],[2.9363157566366,48.163391744884],[2.8680328112418,48.156437148324],[2.8208840113898,48.129664483454],[2.800901925208,48.133251589253],[2.8099458960087,48.161299706681],[2.7989459318842,48.168273053171],[2.7462653547317,48.163802955575],[2.7551942761197,48.145652570311],[2.706543037587,48.124819235783],[2.5381145999136,48.140650823762],[2.4510870610062,48.123458807719],[2.4442532323658,48.131467936811],[2.4832322969696,48.164516406945],[2.5168430223759,48.166807571121],[2.5229439829919,48.200517077101],[2.5061863934974,48.238532108957],[2.4237621901031,48.260296420297],[2.4207604700518,48.299253278858],[2.3931765378081,48.336276224436],[2.4255757157654,48.337245759129],[2.4298336175359,48.362012190971],[2.482624887353,48.395570153778],[2.5345790748515,48.404237036735],[2.5047511155697,48.439445122154],[2.5018876471506,48.484768503419],[2.5153562670148,48.504445668033],[2.5009750387696,48.546173070367],[2.5437805754235,48.603850686248],[2.5182318429154,48.627093611305],[2.5424110527051,48.635473450172],[2.5336146170614,48.657334981367],[2.5448201812671,48.67118451862],[2.5853737107586,48.679395351685]]]}},{"type":"Feature","properties":{"code":"84","nom":"Vaucluse"},"geometry":{"type":"MultiPolygon","coordinates":[[[[4.8895301353902,44.304153097826],[4.8753963679389,44.351439190756],[4.9066213399272,44.374101025322],[4.9185138149855,44.407786865574],[4.9704375593477,44.431367227183],[5.0187537016752,44.415979484324],[5.0157545106617,44.392767137778],[5.0708829483659,44.383226380932],[5.0270113166527,44.362835272711],[4.9872903058308,44.293201871035],[4.8895301353902,44.304153097826]]],[[[5.4987864391759,44.115716677493],[5.5026418941828,44.063441793308],[5.5445930536793,44.069889333019],[5.5120856887653,43.945999673026],[5.5676329697344,43.942636398699],[5.5815816010178,43.914993881433],[5.6071265063482,43.913769245956],[5.5497272595744,43.851223396544],[5.5445261679646,43.818200447294],[5.6544489060016,43.825111794533],[5.7573377215236,43.729404491649],[5.717354712484,43.693529264235],[5.6740837847517,43.693549049408],[5.6069435191164,43.658685905188],[5.531450358273,43.659006908614],[5.3079611019532,43.737953312927],[5.2299865865365,43.747672957377],[5.1879758806349,43.735099650014],[5.051485003572,43.787879982851],[5.0295347837616,43.827795588837],[4.9663043874778,43.871649158077],[4.8530923908916,43.91138477146],[4.7390596940896,43.92406219253],[4.8079998756015,43.960029108371],[4.8159834779277,43.988799971648],[4.8421001716407,43.98647354378],[4.8433326670726,44.009857987382],[4.8211405354756,44.016469245528],[4.7608553902053,44.08629669027],[4.7301353625795,44.079023395797],[4.7074595244331,44.103669745076],[4.7220708851492,44.18742070852],[4.7018165185921,44.216070926665],[4.6726658505102,44.216806161879],[4.6748406183712,44.238546852911],[4.649227423465,44.270359808636],[4.6506111734968,44.329803148128],[4.7825467521402,44.315582694107],[4.8266501157802,44.228322408488],[4.8737563985909,44.25925825523],[4.935492573713,44.264314996193],[5.0605607254823,44.308137131551],[5.0765144884036,44.284084169033],[5.1078521429136,44.280398126188],[5.1664353137721,44.314853482023],[5.1474716753569,44.269525185767],[5.1548996659898,44.230941470835],[5.2381459551442,44.213233409548],[5.2404514324301,44.230825507739],[5.2565049248197,44.230055506],[5.3037098672957,44.206011143284],[5.3540415690827,44.213431973111],[5.3845269211658,44.20104933819],[5.3832371388833,44.155284811726],[5.4357509062277,44.152249650949],[5.4547151332789,44.119226133429],[5.4987864391759,44.115716677493]]]]}},{"type":"Feature","properties":{"code":"86","nom":"Vienne"},"geometry":{"type":"Polygon","coordinates":[[[-0.1021158452812,47.06480003115],[-0.085909274640678,47.101010256779],[-0.03562437381954,47.086261232309],[-0.034011786935389,47.127334734816],[0.019016376976915,47.175754285742],[0.078395363975684,47.146334786534],[0.084648249403316,47.118377760157],[0.12372359489648,47.128315822721],[0.16126718554822,47.100796179607],[0.18145709966147,47.1143899519],[0.20095307158529,47.091257976623],[0.17421802926902,47.071274231914],[0.17997285846393,47.059187917933],[0.26165981464917,47.070051249456],[0.26770726634947,47.04388297477],[0.30698465850517,47.048723481399],[0.30073879657193,46.973829519846],[0.32483667041576,46.930652041087],[0.36651145250788,46.949554418002],[0.43870457627727,46.929578354733],[0.5061349705044,46.959245419792],[0.59834824957594,46.956764146875],[0.60117289544287,46.973094369377],[0.56695306996355,47.002266858023],[0.59055093530507,47.006722651596],[0.69256676799124,46.974304310533],[0.7043177119069,46.903295922263],[0.76879944678165,46.85074613749],[0.79645898941075,46.848962468561],[0.78680224354972,46.840463346525],[0.80932023680023,46.827853568236],[0.81628357550664,46.787769101729],[0.90104236961312,46.736090564754],[0.9249533025609,46.699991021542],[0.90215945171528,46.67919114553],[0.91742860399951,46.65036307159],[0.89430329614895,46.625732175305],[0.91586544594852,46.596627887059],[1.0147685045818,46.567759565973],[1.0206003685537,46.537099020664],[1.1082856489547,46.531510215741],[1.1491485689753,46.502205353076],[1.1349675834984,46.495262876365],[1.1529790996043,46.472957682593],[1.1355078072574,46.470884241481],[1.1516072310249,46.449233517349],[1.1860178766023,46.441083576014],[1.1834055129956,46.429224899772],[1.2126877519811,46.432217971701],[1.1272435422129,46.347839222972],[1.0501626260953,46.362782836344],[1.0269979126089,46.343038073772],[1.005891998265,46.280972289235],[0.90727538588543,46.285260253253],[0.86144940761012,46.261636386108],[0.84801138948638,46.228750196503],[0.80727522194406,46.22492290773],[0.80022145185827,46.201475872613],[0.83660345797057,46.176812243845],[0.84482890084101,46.134177697482],[0.71255307137588,46.139591492141],[0.68406230433217,46.119342506974],[0.68744642686547,46.09725447452],[0.60864943901766,46.089686935991],[0.60336939853311,46.076715104382],[0.53997555504991,46.085555478485],[0.49249289349163,46.135952486986],[0.4432615785848,46.101569497166],[0.4806482933821,46.065427190061],[0.44508390693692,46.050797203062],[0.4138031271991,46.049008552161],[0.39105259889106,46.06634832653],[0.27981131515865,46.060966386389],[0.19735466096157,46.095552773268],[0.19107765237521,46.11227527396],[0.22035828616308,46.1580034483],[0.17369264350006,46.150820100144],[0.1076941551618,46.186125599706],[0.11283807416044,46.210933542389],[0.14344146274523,46.230117287533],[0.12883941444788,46.267230714602],[0.17231902804727,46.278600348745],[0.1566889252778,46.30102675136],[0.1773663837498,46.328109476662],[0.12431046658269,46.348417353796],[0.078219163246238,46.304936271825],[0.015822426904369,46.326087725559],[0.029654722943721,46.349187779313],[0.013851448575042,46.357056060846],[0.03421632320898,46.373492198897],[-0.0089995059831326,46.391059106508],[-0.0147038329685,46.475070919352],[-0.043263414910959,46.472480781549],[-0.031353862470829,46.524980950312],[-0.0071548726332798,46.523276162065],[0.0066767347091348,46.542776485683],[-0.0080246690020487,46.567542169166],[0.04271943974108,46.591167098917],[0.025985672947266,46.594744304871],[0.022869415210482,46.614212991204],[-0.011504647867234,46.619225449023],[0.00079199952682919,46.643059891449],[-0.06581020011429,46.622820182052],[-0.033389346094041,46.653650870862],[-0.040432926147215,46.663720449527],[-0.0069453835536775,46.682909890873],[-0.018074675303488,46.68920619588],[0.00070427201408919,46.716233316592],[0.038264246176312,46.731576891243],[-0.022489321390634,46.769401195255],[-0.022325255854886,46.789610800849],[0.0079945005666118,46.814308798391],[-0.020317395826605,46.812649391939],[-0.045691184857316,46.832105032831],[-0.0077688625346289,46.847469231476],[0.017292616841451,46.835873251042],[0.034227651110925,46.853945893049],[-0.035440392494862,46.874845887223],[-0.0090362987061244,46.907476003456],[-0.046252831416631,46.966516800883],[-0.033322474168538,46.979923297248],[-0.054669107397809,46.994648276801],[-0.086278760754682,46.985300228378],[-0.0936517630819,47.010210823666],[-0.078636707416496,47.009897920861],[-0.1021158452812,47.06480003115]]]}},{"type":"Feature","properties":{"code":"94","nom":"Val-de-Marne"},"geometry":{"type":"Polygon","coordinates":[[[2.3318980606376,48.817010929642],[2.4626960627524,48.819059770564],[2.4634383121686,48.842089485269],[2.4122456125626,48.834538914673],[2.4163411302989,48.849233783552],[2.4956483361361,48.860848724102],[2.5922736733656,48.807437551952],[2.5997697108259,48.794974135979],[2.5856046173972,48.778627130829],[2.6136517425679,48.76102540673],[2.5982969429908,48.760480074814],[2.5716535034613,48.69201676557],[2.5538613239117,48.688326690701],[2.5035392718422,48.735213292289],[2.3707040678761,48.720171411205],[2.3693515629708,48.746067457624],[2.3546796298175,48.738565068167],[2.3102224901101,48.75695290327],[2.3318980606376,48.817010929642]]]}},{"type":"Feature","properties":{"code":"01","nom":"Ain"},"geometry":{"type":"Polygon","coordinates":[[[4.7802082627383,46.176676203678],[4.8534210199043,46.32990123356],[4.8514544831808,46.356271094403],[4.9400218107181,46.517199374492],[4.9491021767105,46.501380502462],[5.011007749262,46.510294840159],[5.0523715346281,46.484873791529],[5.1667923612572,46.514674866375],[5.2011399666188,46.508211405762],[5.2150628404089,46.468359298393],[5.3105633704742,46.446769968334],[5.3194882695109,46.430803499916],[5.3076872001929,46.416819197974],[5.3770431289975,46.381355482485],[5.362996992744,46.370926983475],[5.4042931339536,46.332813029221],[5.4046508439018,46.310338173994],[5.4278984240109,46.342210714821],[5.4377949533958,46.315109371064],[5.4669175767252,46.323267248222],[5.4568426743662,46.274473574235],[5.4730515403718,46.265066548043],[5.5420340189851,46.270203795698],[5.6419584041921,46.342028332374],[5.6529045876259,46.323214774673],[5.714721806193,46.308772354673],[5.7251818400017,46.260731935709],[5.8702488945181,46.265305590806],[6.064005627331,46.416222559892],[6.1697363568789,46.367935207296],[6.1026435450234,46.285062924822],[6.1242461802512,46.251015651206],[6.1017586374755,46.237488846141],[6.0331263207186,46.23799437917],[5.9717812659904,46.211519488185],[5.9636784095618,46.196964390659],[5.9952918547587,46.18299442988],[5.9560670913359,46.132090234706],[5.894036131075,46.119471054626],[5.8914369022611,46.088481128574],[5.8239656351235,46.103644576638],[5.8076225368064,46.063936778242],[5.8096421985755,45.989802335637],[5.8340245954563,45.972027470458],[5.8348857517832,45.952142646336],[5.7868561787325,45.822955096586],[5.7819015428617,45.743102925582],[5.7487624468829,45.705295781585],[5.7041230572664,45.71092263715],[5.7083299077507,45.683061321171],[5.6870609549933,45.668165449596],[5.6891819695463,45.648501735062],[5.6316405396857,45.611235124481],[5.5867550088025,45.665298168862],[5.5541553698377,45.671790582993],[5.5459463129561,45.697327503887],[5.5703089690672,45.684426548161],[5.5711688852413,45.696872630898],[5.5272754539149,45.715508313157],[5.4226465285427,45.80712278512],[5.4349408141813,45.831093859803],[5.3538322357139,45.883269928025],[5.3023555890522,45.847951056741],[5.2668936711139,45.789370837093],[5.2210769334942,45.768454465895],[5.1255392074782,45.811063396795],[4.9237976894917,45.803994890806],[4.9012146769683,45.860333149898],[4.909010250355,45.874107574527],[4.8838320029013,45.879991282684],[4.8806970810747,45.897164902283],[4.8480301401278,45.912976466425],[4.810260610989,45.897565111704],[4.8058607348054,45.921560609717],[4.729097034294,45.949095813426],[4.7546311649847,45.973618413908],[4.7395251280198,46.047211663829],[4.7616829876026,46.06883528189],[4.7503200135049,46.094147345645],[4.8023781362741,46.156887423266],[4.7802082627383,46.176676203678]]]}},{"type":"Feature","properties":{"code":"12","nom":"Aveyron"},"geometry":{"type":"Polygon","coordinates":[[[2.9392865668235,44.677756455026],[3.0759029843264,44.572972781335],[3.0685440473718,44.503492403034],[3.1357398668406,44.454869326281],[3.1417277675188,44.428457291816],[3.1267160037072,44.413956480342],[3.1405520936589,44.392614462133],[3.1197174609736,44.383381712586],[3.1211237751057,44.361882416935],[3.1339016413735,44.332987029876],[3.1517097885451,44.332414822245],[3.1542553794088,44.308367530555],[3.1252325845717,44.284463569435],[3.1241560155353,44.260325302915],[3.1540845204064,44.273172636192],[3.1638192967351,44.243869641892],[3.2298513180005,44.226251406383],[3.2066091665582,44.189931038205],[3.2950065737753,44.206938814455],[3.3577957669957,44.197913146727],[3.3736480685005,44.170759472387],[3.3360552391264,44.158673278061],[3.3210491311873,44.109480171818],[3.2628340569911,44.094041936297],[3.2905869474847,44.071706686695],[3.3289141381381,44.079025392535],[3.3518362676391,44.050202625217],[3.3901444043775,44.053499221204],[3.4507554815828,44.020787284367],[3.405494605868,43.970269140751],[3.3559729058863,43.946168277298],[3.3583619084885,43.913829285364],[3.3425730593674,43.894194468074],[3.2750747460719,43.89835141161],[3.2430727112119,43.875182911547],[3.2344573700191,43.857562353474],[3.249039481107,43.829579698488],[3.1507104327409,43.813766023316],[3.0598597029877,43.831644678221],[3.0494059238588,43.803825230583],[3.0758854246252,43.768517815391],[3.053062578971,43.746187838209],[3.069161341669,43.70684228008],[3.0607467059948,43.693073684319],[2.985354094531,43.708518052513],[2.93545676901,43.694665082071],[2.9211095274122,43.736113679897],[2.8240413372408,43.761983429423],[2.7428405750055,43.729040274717],[2.6812996669758,43.743967184551],[2.5641575606058,43.841331968769],[2.5797174724613,43.875557889665],[2.55049168647,43.896537961073],[2.5550000011505,43.921377244109],[2.4993496835219,43.950584469272],[2.5229312446889,43.981284190271],[2.4942365622806,43.996181698121],[2.4599332365299,44.051400681122],[2.410211491953,44.055851343973],[2.3892137818918,44.093489950159],[2.2906456306459,44.124682487431],[2.2978256265117,44.138045574105],[2.2846972006779,44.145287510311],[2.1865229813992,44.137373484432],[2.2376110882977,44.158624890908],[2.2069453324549,44.171279129819],[2.1917781059768,44.16203491789],[2.1565534575573,44.179856851186],[2.1524658664853,44.197716441976],[2.1061236174793,44.194390921069],[2.097443906345,44.175292714971],[2.09438670937,44.187642636102],[2.0521125599217,44.188733050645],[2.0593781574153,44.17227973706],[1.990172010571,44.149449875043],[1.9766780022111,44.179923505077],[1.9415206386057,44.170719809307],[1.8903461983645,44.207567652297],[1.9315885634669,44.240873980562],[1.9598380540971,44.241073132563],[1.9704399951605,44.276438944388],[1.8687816562037,44.292038697128],[1.880907610265,44.303474113866],[1.8595915272095,44.32030639381],[1.9112348353677,44.356651948333],[1.8744004614259,44.391430087278],[1.843001484365,44.482382092855],[1.885217137804,44.486107475987],[1.8902857028608,44.505886029507],[1.9098594387895,44.48674631631],[1.9129865180384,44.505157692579],[2.0573689651355,44.582909160412],[2.1346205537833,44.569849513532],[2.1676095238949,44.590329078654],[2.1936051879406,44.58591143442],[2.2198705673093,44.623646052351],[2.2084152778134,44.643842310283],[2.2286252203003,44.655106676519],[2.3267908312388,44.669693386939],[2.3485386057121,44.641480228035],[2.4831874702259,44.650342597738],[2.4989152190022,44.687020949858],[2.556122557476,44.721283990134],[2.5627129322914,44.775756861827],[2.5993613568997,44.792806185507],[2.6026823497168,44.843163111324],[2.738258109046,44.941219492647],[2.776087665079,44.908963934931],[2.772707056045,44.855545795389],[2.801957650579,44.873625756087],[2.8596736604077,44.874465473337],[2.8897062556822,44.788417083385],[2.920189595566,44.794308778558],[2.9345177106412,44.779201871895],[2.9172495539886,44.756714098966],[2.9335256868255,44.750101514437],[2.9232670003911,44.728642526112],[2.9392865668235,44.677756455026]]]}},{"type":"Feature","properties":{"code":"13","nom":"Bouches-du-Rh\u00f4ne"},"geometry":{"type":"Polygon","coordinates":[[[4.7390596940896,43.92406219253],[4.8530923908916,43.91138477146],[4.9663043874778,43.871649158077],[5.0295347837616,43.827795588837],[5.051485003572,43.787879982851],[5.173316741506,43.73880497047],[5.3079611019532,43.737953312927],[5.4880843830452,43.667642960946],[5.6069435191164,43.658685905188],[5.6740837847517,43.693549049408],[5.717354712484,43.693529264235],[5.753644561032,43.724619684068],[5.7854338746866,43.713506618326],[5.7928455221277,43.692558168421],[5.8132476569219,43.688962999872],[5.7990586792783,43.660518853996],[5.7002189786378,43.641716920694],[5.6821412890103,43.61373574878],[5.6916044198774,43.584431461466],[5.6559638228901,43.577397571807],[5.7246167566539,43.55090006967],[5.69880518873,43.48217276293],[5.7883489025455,43.420260743373],[5.749991875502,43.401514019764],[5.6827924547281,43.399159444446],[5.705027698264,43.355914795818],[5.6839238953331,43.318142512414],[5.726597317218,43.317359044169],[5.7609266571978,43.267341658562],[5.6839089702289,43.236054698509],[5.6718787324219,43.179269594604],[5.6383239998299,43.189173766465],[5.6008948125683,43.162545513212],[5.5369302937792,43.214490076169],[5.5002885068597,43.196790895695],[5.3456097729721,43.212497555779],[5.3760469740713,43.255156912202],[5.3456836221411,43.282366222064],[5.3644147192511,43.312140169969],[5.3110302222328,43.360879997437],[5.2213339498192,43.328358899356],[5.0539150268677,43.324272099372],[5.0190482280859,43.342937227035],[5.0242965902058,43.355559161915],[4.9876375735659,43.391776901932],[5.0010677938316,43.398215886274],[4.9677103819671,43.426100332678],[4.931376951317,43.433157232314],[4.8865877345916,43.412880564295],[4.8674100871644,43.432331363619],[4.8773029521565,43.410513204152],[4.8668499113366,43.404678136755],[4.8244333765645,43.424394088096],[4.8614681256348,43.40076989363],[4.8358563366124,43.398039616459],[4.8737024584045,43.360848282232],[4.9022342998273,43.370982432633],[4.8330340586153,43.32986959949],[4.783356801758,43.347189434094],[4.5858024446726,43.360071509782],[4.5556106083519,43.38282276464],[4.5876982001696,43.400712121388],[4.5880988195327,43.422705156053],[4.5347167281545,43.451636616845],[4.2302808850321,43.460183661653],[4.2381030309066,43.497625146899],[4.3204919293874,43.525482210334],[4.3095227640281,43.543279128578],[4.3341326001686,43.535451246643],[4.4093533628433,43.561126852889],[4.404416776755,43.574366053053],[4.4255399426089,43.585225258609],[4.4606813332323,43.589260601197],[4.4752352404423,43.60829610571],[4.4270341666761,43.620674791673],[4.4872344746833,43.699241399194],[4.5398466434949,43.707275616451],[4.6276618120935,43.690542678491],[4.6136350841342,43.729822310127],[4.6512435847762,43.782275197677],[4.6424185010062,43.831436886337],[4.6662999036899,43.844776915402],[4.6419145398807,43.867476572594],[4.6905462810021,43.883898624023],[4.7390596940896,43.92406219253]],[[5.000857898128,43.474094351803],[5.0518847547722,43.463560167399],[5.0703896715519,43.400202593118],[5.137266271971,43.400185493623],[5.2301377569344,43.465078044372],[5.2027922080577,43.491173117668],[5.1496876211759,43.457026659088],[5.1086615060731,43.525496816445],[5.046434902166,43.522138786534],[5.0219939854938,43.55615613908],[4.9985487475088,43.49810611091],[5.000857898128,43.474094351803]]]}},{"type":"Feature","properties":{"code":"16","nom":"Charente"},"geometry":{"type":"Polygon","coordinates":[[[-0.10293827139676,45.969661749473],[-0.041431040823061,45.993479981508],[-0.045516919542785,46.020621309221],[-0.021452263306336,46.028868685941],[-0.039426462914628,46.052929212798],[0.019270346192872,46.052845061857],[0.072966989619956,46.093897575854],[0.099656827636359,46.092922343594],[0.092967733676126,46.101452150467],[0.13569050232961,46.104048921953],[0.17137846819894,46.08293290492],[0.21971878996587,46.094314452313],[0.27981131515865,46.060966386389],[0.39105259889106,46.06634832653],[0.4138031271991,46.049008552161],[0.44508390693692,46.050797203062],[0.4806482933821,46.065427190061],[0.4432615785848,46.101569497166],[0.4723029396892,46.130130657707],[0.50641325848251,46.131948964394],[0.53997555504991,46.085555478485],[0.60336939853311,46.076715104382],[0.60864943901766,46.089686935991],[0.68744642686547,46.09725447452],[0.68406230433217,46.119342506974],[0.71255307137588,46.139591492141],[0.82343238223316,46.128584404123],[0.81203762140491,46.125326880589],[0.8344470049923,46.097505684097],[0.81791082620152,46.047881741971],[0.8597496793536,46.017976558703],[0.88424329506274,46.031883014096],[0.92562039873925,46.010452068811],[0.9189303920422,45.997050616674],[0.9456207917489,45.974325195389],[0.92097504308226,45.937911592345],[0.8889259548768,45.925716576344],[0.81211444044304,45.931270953369],[0.82737827730018,45.88274984149],[0.78222581976608,45.821079269049],[0.7838946240077,45.791677820476],[0.71643340810388,45.805616908376],[0.71488961170325,45.76312150687],[0.65251909415086,45.740470650574],[0.64541869447975,45.717506704978],[0.63231701963779,45.720548375195],[0.56781134452759,45.651022517126],[0.57544701362335,45.640928641003],[0.51575470053391,45.634304936504],[0.49964719571994,45.61725840045],[0.51559326392688,45.600376147073],[0.50649651854355,45.553883504146],[0.46573556287174,45.539620525876],[0.43174334891146,45.485591802493],[0.38169806860726,45.486257002114],[0.33286092152216,45.459406476728],[0.33082431658907,45.444453188001],[0.30267332511178,45.459062975769],[0.31787770256526,45.436660724831],[0.27061444567416,45.420406763477],[0.25031149908812,45.373412622458],[0.26660296978794,45.297745901318],[0.22003424892432,45.289805400589],[0.20484689543031,45.264012329551],[0.17509716606769,45.260270315446],[0.17460141923617,45.239293180311],[0.14548278729734,45.214442736387],[0.053427894812278,45.226854908396],[0.0043360783093975,45.191628193392],[0.0034276727151617,45.228718895198],[-0.044174427296423,45.247891898888],[-0.11538026933891,45.248074633391],[-0.10878357122157,45.28895254882],[-0.22669700728525,45.321429446775],[-0.26063823207321,45.298627031974],[-0.2838487723318,45.309946617502],[-0.27790150964647,45.347755096327],[-0.25029908206598,45.341342342169],[-0.24626907786219,45.353992412797],[-0.30980400438703,45.37371724884],[-0.31039530848299,45.386080139957],[-0.23406024586768,45.409198691634],[-0.26742796692728,45.455680296664],[-0.28619795426743,45.456366484089],[-0.24199917926696,45.502762015032],[-0.26738468810567,45.509080707575],[-0.25502307893398,45.521182965101],[-0.32161606249361,45.534964864877],[-0.2967204538074,45.564495522853],[-0.3870866140304,45.625883962975],[-0.43199190568977,45.624602844354],[-0.40893222648837,45.656182506299],[-0.38253774771373,45.659797375177],[-0.42292034518264,45.685591002989],[-0.41958834610446,45.721636409401],[-0.40109121552996,45.734759859379],[-0.46000475927654,45.73927130291],[-0.46177341555077,45.751290622612],[-0.40217606349986,45.77301538502],[-0.40038791129214,45.78666760956],[-0.3212870680561,45.784501745786],[-0.29481326175584,45.805289163403],[-0.23871849150901,45.80303325017],[-0.22174636217252,45.775742008413],[-0.19100869192932,45.789894531994],[-0.15605561945411,45.779515353962],[-0.1358753369401,45.819926614425],[-0.14468370051164,45.839670298572],[-0.1153965183234,45.870664008952],[-0.14666764833709,45.897775359622],[-0.13166455296459,45.911022429568],[-0.14900550606153,45.925178208408],[-0.097039255426737,45.928384092976],[-0.08644912706636,45.949990132787],[-0.10293827139676,45.969661749473]]]}},{"type":"Feature","properties":{"code":"18","nom":"Cher"},"geometry":{"type":"Polygon","coordinates":[[[2.1195727339039,47.582947092529],[2.2862326072553,47.628965936616],[2.3730196534104,47.585528165617],[2.4373445977447,47.609775401769],[2.4913556166844,47.568297226273],[2.5632062660237,47.572136704018],[2.6167379402622,47.540898035379],[2.6120137313394,47.526383600079],[2.6558735526076,47.510394947544],[2.6584604288768,47.487901045881],[2.6844365639414,47.482968445146],[2.7274128318664,47.49888751122],[2.7326153907893,47.538041988135],[2.8064811348488,47.494455723983],[2.8746305174837,47.520424918568],[2.930733371753,47.431324302158],[2.8699481463917,47.338248316569],[2.9834001334309,47.259765880582],[2.9816886133559,47.221993356801],[3.0280905152523,47.129064982977],[3.0187160021753,47.070780884737],[3.0748375004401,47.029815006019],[3.0629299477088,46.981085018578],[3.0793324170792,46.955115150499],[3.0502954877584,46.910631265703],[3.0671018851119,46.847818120893],[3.0320629441459,46.794909389217],[2.9243754548552,46.794523429403],[2.845419928846,46.742855932849],[2.8448121194469,46.726844055458],[2.8010724027789,46.733722377214],[2.7585207590938,46.717748505775],[2.7287214908144,46.748308579779],[2.7049698717297,46.739389993021],[2.6777927654584,46.704612208045],[2.6234039357923,46.688702717854],[2.6246414896646,46.657300692831],[2.6050484721825,46.668158037606],[2.5673899068872,46.652347408754],[2.5966478585977,46.637215067759],[2.5691010154446,46.609518978116],[2.5815597567024,46.593164438775],[2.6023203253116,46.595164451357],[2.6149607060411,46.553276455558],[2.5366546066244,46.519702557793],[2.5201385391568,46.530864132368],[2.4991226886431,46.521292172555],[2.4969434776113,46.533665788244],[2.3520036091655,46.512206845202],[2.3241785781947,46.49036759012],[2.3242884285484,46.470978980874],[2.3054693178764,46.475428936804],[2.2857604795168,46.453514664499],[2.2810437278384,46.420403547753],[2.1543506339543,46.434080534798],[2.1516663532134,46.45796285489],[2.2043920861378,46.484397237754],[2.1586963030001,46.557344452138],[2.1732113440402,46.566183161063],[2.1671401783505,46.588981814794],[2.1856314742498,46.602862444429],[2.1894415234234,46.64213853449],[2.1431297127939,46.663534742579],[2.1366685342935,46.677280643876],[2.1554415063015,46.692156551695],[2.0869647803577,46.712584352345],[2.0927323443423,46.72429296012],[2.0657565358489,46.742495745033],[2.116644294623,46.779716267822],[2.0480782837609,46.835794883155],[2.0782512303935,46.838923780247],[2.096467901154,46.855247357856],[2.087079297321,46.86752997115],[2.126206500563,46.879866015754],[2.154833099738,46.911627673453],[2.0707025283968,46.933998270256],[2.0702081853584,46.954419351516],[2.1088506754911,46.997189278307],[2.0333809485515,47.042849839903],[2.0556685174481,47.071693505089],[2.0532618114789,47.103623707949],[2.003321032879,47.094178638571],[1.9966588335085,47.126994721746],[1.882724430627,47.101952271787],[1.7745852665449,47.130846854619],[1.8421034231416,47.178025700878],[1.8390806604309,47.219303670107],[1.8730037897341,47.205321851446],[1.9040735282719,47.21565260341],[1.9165889099228,47.23598497734],[1.8947740713773,47.25465935032],[1.940821280268,47.290134431824],[2.0243923249491,47.265113534019],[2.0792023479058,47.285353997825],[2.1255611204397,47.27974000395],[2.1574168952372,47.299624646068],[2.1194608009184,47.333517001812],[2.1144918710749,47.36692542774],[2.0970820446785,47.366800476362],[2.1016941167317,47.386778966526],[2.119309590853,47.419331050353],[2.1415496288578,47.408217168994],[2.1889033879188,47.437791396549],[2.205223396824,47.405248760368],[2.2436971815592,47.414820973003],[2.247743712549,47.491730515969],[2.1987854144886,47.487050674796],[2.2151623441422,47.521608405306],[2.1956376610434,47.548570165214],[2.1312639734154,47.550273375562],[2.1195727339039,47.582947092529]]]}},{"type":"Feature","properties":{"code":"2B","nom":"Haute-Corse"},"geometry":{"type":"Polygon","coordinates":[[[9.4022711090103,41.858701678165],[9.3719040548729,41.865004853102],[9.3090914543504,41.832143660252],[9.3024960573859,41.844246040822],[9.2369134454732,41.846529531172],[9.2274996918602,41.855587995332],[9.2522076488967,41.898987406971],[9.2132785455984,41.917460528629],[9.2304884424099,41.932319666581],[9.2154537945669,41.942034092005],[9.2210892092947,42.027600260448],[9.1608223716694,42.026020516263],[9.1353143401725,42.051069844879],[9.1197350918655,42.107770500545],[9.0721824483641,42.13021757503],[9.0456639496781,42.206921364452],[9.006503816899,42.208845591917],[8.9047709696211,42.25386266404],[8.8627230388832,42.296940535735],[8.861323814011,42.329932688851],[8.7708826228712,42.324766882975],[8.6408019259839,42.37343904341],[8.5734085639674,42.381404942274],[8.6088441270775,42.386379953813],[8.6084169092937,42.416822082277],[8.6552300368167,42.415734337364],[8.6482384069515,42.442410807187],[8.6673206951673,42.444883992318],[8.6798297088815,42.468113820166],[8.6499303561134,42.478239958239],[8.6665085981229,42.515223865295],[8.7186158657164,42.528245234685],[8.7109904635305,42.576605764442],[8.7243185035707,42.584093673826],[8.7270436936434,42.561604463168],[8.7878053378926,42.558171123435],[8.8235352570811,42.606187366031],[9.0593208042615,42.660064628209],[9.0590940519087,42.694609453744],[9.1245519786652,42.731631049124],[9.217626725491,42.734222269857],[9.2544476997124,42.718515074833],[9.2844265705845,42.676336087658],[9.3141769700085,42.688991839255],[9.3444782391532,42.737810423971],[9.3425627879236,42.79480205062],[9.3110153694299,42.834679311095],[9.3401543659189,42.86548579796],[9.322223463327,42.899632639571],[9.3560395125976,42.927003469485],[9.3408728322382,42.994464747166],[9.4217576417904,43.011724041684],[9.4635582980189,42.986401078046],[9.4518764864235,42.964359720868],[9.4923850966255,42.805100268638],[9.446189061428,42.673577272426],[9.5331957398235,42.545946562512],[9.5433951533138,42.428490625529],[9.5333702262866,42.366280319789],[9.5592262719626,42.271734300663],[9.5499796055405,42.104165986623],[9.4125689541656,41.952475652276],[9.4022711090103,41.858701678165]]]}},{"type":"Feature","properties":{"code":"21","nom":"C\u00f4te-d'Or"},"geometry":{"type":"MultiPolygon","coordinates":[[[[4.1159657137304,47.12333578884],[4.1150660580207,47.146161181367],[4.1905772100816,47.145082142261],[4.1474863428302,47.113936096115],[4.1268220876418,47.130636271215],[4.1159657137304,47.12333578884]]],[[[4.293421363566,47.925673564836],[4.3090008707807,47.961170613198],[4.5533088051577,47.967682340931],[4.5552078832713,47.985773515235],[4.5358174351871,48.001208262],[4.5826732520974,48.029462774305],[4.7890783024494,48.007828564444],[4.8091903248533,47.990087845923],[4.7865152517638,47.964201285162],[4.8410086317455,47.96075264808],[4.8660942377505,47.940508774674],[4.8340343917843,47.906781834116],[4.8569990661674,47.89585146766],[4.8693396784934,47.917449806377],[4.9018509649222,47.921284863427],[4.9282357147154,47.871123778488],[4.9540995648128,47.866767159307],[4.968346106104,47.831938726344],[4.9941266376295,47.819746154602],[4.9824009031204,47.800350982387],[4.9183050956308,47.777311690703],[4.9307398007716,47.761333148797],[4.9589919593761,47.761870409828],[4.9707033208711,47.727636116595],[4.9541385723681,47.701462932734],[4.9922739605095,47.688315326064],[5.0262670139789,47.709492979045],[5.0327945086565,47.692333079799],[5.0606448449781,47.694789812394],[5.0435832118687,47.676513563124],[5.1088743414175,47.649687715835],[5.1793190058471,47.679306571337],[5.1735955223689,47.652564238401],[5.2392323119847,47.616130998734],[5.2586017166912,47.622216096373],[5.2395818018336,47.595735741686],[5.2529216592041,47.576950536437],[5.3223487268523,47.612359526718],[5.3547654342374,47.591360294209],[5.3706351264232,47.604807955246],[5.3998073050821,47.597157046249],[5.4258591112658,47.632112058174],[5.4775419389678,47.608718587184],[5.4968620391106,47.544147146933],[5.4864051857621,47.526968522713],[5.436098919597,47.491551861741],[5.3992090935811,47.499013426534],[5.3871419907654,47.480832872709],[5.4076480358261,47.477230704271],[5.3765928972898,47.464682433056],[5.3798420907935,47.45069028099],[5.4064942956926,47.461823832729],[5.4391961289873,47.450105287536],[5.4304266875956,47.421353865918],[5.4445415221439,47.404097440444],[5.4323534928092,47.392856521473],[5.4969499668019,47.390119714582],[5.4927880062007,47.332077409303],[5.4722371211403,47.316973006824],[5.5185372800929,47.304183948833],[5.5047334725938,47.285657287521],[5.4882803585045,47.289348426854],[5.4766297124338,47.216024943562],[5.4457479059859,47.199576602968],[5.4592047704778,47.183435455006],[5.4399772978447,47.144398007823],[5.4087066418684,47.126073355091],[5.3860185078759,47.081977874128],[5.3221915911089,47.072984795346],[5.2829162271068,47.045235150189],[5.2753306362771,47.026929459444],[5.3100551650812,47.018024391224],[5.2552323566327,46.97988727181],[5.222007205358,46.988850972047],[5.1062786065898,46.955761650391],[5.0493062298333,46.981583286536],[4.9838246080058,46.959257530031],[4.8960727386751,46.966242884867],[4.8939105794766,46.951169780374],[4.6854836804585,46.900857518168],[4.6645220130405,46.914155683564],[4.6791588393663,46.929068279952],[4.5938958784994,46.953670496961],[4.547442238525,46.997604742791],[4.5548142345394,47.020051751791],[4.5122367617327,47.011776209649],[4.4062794640699,47.049999940669],[4.4157833418885,47.077861293046],[4.3829837819377,47.083083950889],[4.3534159033672,47.064032857417],[4.349381880875,47.096949934296],[4.2596068200223,47.11432257803],[4.2098316194928,47.155410810959],[4.2306617272065,47.198946708221],[4.2200708686147,47.215959778412],[4.1780483980403,47.250291504021],[4.1354786120349,47.237397237251],[4.1247217853652,47.251556580615],[4.1141074337361,47.307955306705],[4.1420339517931,47.353410405176],[4.1060805347332,47.339255135806],[4.1066314424005,47.375866245463],[4.0800982417729,47.376100519928],[4.0883019049265,47.396524552433],[4.0660574486622,47.407250411398],[4.0868811850708,47.440047425464],[4.098632645676,47.430467101809],[4.119422572118,47.4435543317],[4.1302384089683,47.47136897141],[4.115506867574,47.515006715898],[4.17512941132,47.553259149829],[4.2123839956801,47.627967476689],[4.2491192448708,47.659488252158],[4.2266142169595,47.678209364711],[4.2722767556566,47.686500050892],[4.2394621052188,47.72442226378],[4.3324690785962,47.756513140603],[4.3272273544323,47.785662261899],[4.3403007872795,47.799562997605],[4.3206382167009,47.811099221491],[4.324395709202,47.847155648804],[4.2730539993782,47.839246861583],[4.2609955625806,47.843854295691],[4.2645564699717,47.873707495084],[4.2473760643948,47.873765353106],[4.2773336988144,47.8994494369],[4.3111459638235,47.903921001729],[4.293421363566,47.925673564836]]]]}},{"type":"Feature","properties":{"code":"26","nom":"Dr\u00f4me"},"geometry":{"type":"Polygon","coordinates":[[[4.8004899840029,45.298357121937],[4.8588038161436,45.308951945608],[4.8802416809906,45.2974566456],[4.9891862167152,45.344042230781],[5.0096495089118,45.342230172467],[5.0205931755981,45.319428254027],[5.0543224224169,45.319051008949],[5.0754112531922,45.281827518251],[5.1385253524837,45.296216167914],[5.1214293208332,45.248334945441],[5.1765458684418,45.248399245404],[5.2017183191657,45.217400467946],[5.1674873703836,45.210221645731],[5.1885746038112,45.171264013519],[5.187438201276,45.120832355985],[5.1472802619812,45.072549217506],[5.2082043994035,45.084220045879],[5.2483439776641,45.060930865772],[5.3431185907943,45.059779112552],[5.3883853627744,45.036136409191],[5.4594178157294,45.084353288913],[5.482960100439,45.083814042465],[5.4648455525186,45.045940903248],[5.4887669714919,44.990232279193],[5.4637975227518,44.825974431714],[5.4837019416551,44.823184908254],[5.4641599003636,44.792424769087],[5.5555318108241,44.771216999345],[5.549761645604,44.794528877128],[5.6270859672246,44.752460799598],[5.6470991996242,44.724099914037],[5.7052357370695,44.727685225843],[5.7590439457666,44.696067584965],[5.8271099006445,44.700288039663],[5.790623681681,44.653292905762],[5.7539428619931,44.662710867987],[5.7260329075738,44.639393999475],[5.6417177024073,44.65107732796],[5.6496311179712,44.617884606434],[5.5972525723721,44.543273639184],[5.6645041823511,44.501894932126],[5.6297876074114,44.501187043038],[5.6036448321495,44.465542446118],[5.4653894088793,44.500459334817],[5.4644276220352,44.447890408205],[5.496803836369,44.438493779503],[5.4936153322299,44.428217653577],[5.4185330627929,44.424944615913],[5.4430201938352,44.391233871018],[5.4344154288602,44.36962646376],[5.4629658844687,44.367052180352],[5.4930701487957,44.337173950444],[5.5135447821727,44.347485508397],[5.5491114786402,44.330396465555],[5.6269152221035,44.334764537726],[5.6079060792589,44.306669558882],[5.6377527896773,44.29968895608],[5.6467811994158,44.267088776629],[5.6865615009091,44.266921017987],[5.6726438758953,44.245665214395],[5.6864432188187,44.197157935534],[5.6515861240321,44.189572730485],[5.6436911140627,44.172641360479],[5.6827091460673,44.163217461898],[5.6786089032088,44.146091300526],[5.6311399737751,44.150576623162],[5.6395945851702,44.167581524],[5.6020555143928,44.191496296599],[5.5761919645305,44.188037035508],[5.5643706424911,44.170901794193],[5.5829754941585,44.157625987959],[5.5329588653579,44.130053463575],[5.4547151332789,44.119226133429],[5.4357509062277,44.152249650949],[5.3832371388833,44.155284811726],[5.3845269211658,44.20104933819],[5.3540415690827,44.213431973111],[5.3037098672957,44.206011143284],[5.2565049248197,44.230055506],[5.2404514324301,44.230825507739],[5.2381459551442,44.213233409548],[5.1548996659898,44.230941470835],[5.1474716753569,44.269525185767],[5.1664353137721,44.314853482023],[5.1078521429136,44.280398126188],[5.0765144884036,44.284084169033],[5.0605607254823,44.308137131551],[4.935492573713,44.264314996193],[4.8737563985909,44.25925825523],[4.8266501157802,44.228322408488],[4.7825467521402,44.315582694107],[4.6506111734968,44.329803148128],[4.6673737105298,44.430666189382],[4.698652294125,44.452309460148],[4.6882016564414,44.505507967849],[4.7070188782854,44.530840235114],[4.692360716096,44.555893769347],[4.7102689640623,44.581547275665],[4.7411702191089,44.588775228937],[4.7790663353968,44.654696002617],[4.7618527499152,44.769443231368],[4.8225169914307,44.8170913827],[4.8216552765179,44.838672317135],[4.8413382097893,44.84259184781],[4.8579025066681,44.903157789874],[4.8865943991285,44.936652444616],[4.8376738035274,45.004788192487],[4.8403350665335,45.035786029276],[4.8607510889061,45.055427319327],[4.8316486153953,45.070271179144],[4.8273592772733,45.102145788995],[4.8044870212281,45.121943298284],[4.8291002542524,45.156686506903],[4.8090522119215,45.170900439855],[4.8004899840029,45.298357121937]],[[4.8753963679389,44.351439190756],[4.8895301353902,44.304153097826],[4.9872903058308,44.293201871035],[5.0270113166527,44.362835272711],[5.0708829483659,44.383226380932],[5.0157545106617,44.392767137778],[5.0187537016752,44.415979484324],[4.9704375593477,44.431367227183],[4.9185138149855,44.407786865574],[4.9066213399272,44.374101025322],[4.8753963679389,44.351439190756]]]}},{"type":"Feature","properties":{"code":"31","nom":"Haute-Garonne"},"geometry":{"type":"Polygon","coordinates":[[[0.95398321315289,43.787369767012],[1.0581350801514,43.798672133086],[1.0852689121207,43.814506045527],[1.1148795190323,43.797770816281],[1.1446014589289,43.822294665662],[1.1795521022992,43.79565762568],[1.2128576267319,43.792879311167],[1.2191983063023,43.770780304363],[1.2749309209595,43.785827252918],[1.2668725426848,43.79862205505],[1.3608913400167,43.821076224793],[1.3479910260216,43.838157092318],[1.2967803252843,43.847064583304],[1.3626055596172,43.85723191577],[1.3483969598989,43.869806595654],[1.3655602395576,43.889308653331],[1.4478797684927,43.873553033921],[1.4746636959499,43.902115458383],[1.4907868077854,43.888999108141],[1.5556221518593,43.918317220987],[1.5554658239149,43.868311833996],[1.5931742214888,43.843135721198],[1.5910281145229,43.815485724058],[1.6447839642588,43.800254749798],[1.6499126393771,43.751867766314],[1.7064455556732,43.716221313812],[1.6646839110227,43.693794113527],[1.7206413832202,43.688167736192],[1.7308742785873,43.657753133846],[1.6952537111454,43.643629456049],[1.6967356419966,43.620793211757],[1.8392257690126,43.575785768957],[1.8511373007758,43.550314794176],[1.9169505336115,43.50160930902],[1.9959856098014,43.480465716523],[2.0111491389873,43.482981325752],[2.0150520675645,43.50436470619],[2.0464295682875,43.505060766208],[2.0478554672695,43.485548435659],[2.0181437836738,43.470348442778],[2.0148167330533,43.451101506091],[2.0392629517166,43.424279689382],[1.9882945357382,43.407609041004],[1.9295264375351,43.422772232704],[1.8960817399884,43.396442502675],[1.8949983598871,43.418625938245],[1.8587392319179,43.443822651373],[1.8171490943613,43.409875231664],[1.8226596085892,43.393339649196],[1.8040809598206,43.391685663532],[1.8134239904389,43.341407194984],[1.7589974639475,43.345684622995],[1.7238177566678,43.329745464099],[1.7358104191158,43.314195591755],[1.6511699036493,43.261453377454],[1.645770021445,43.238244686015],[1.6350793089726,43.237097080522],[1.6372059284418,43.255118083766],[1.5706398172062,43.275025288273],[1.5650041733714,43.253338249235],[1.5408341500542,43.278241916645],[1.5187269099082,43.269170803809],[1.5175886435955,43.28941666797],[1.4902005691709,43.271813366627],[1.5046030382736,43.221311626744],[1.4479262267221,43.212886885879],[1.4176056708049,43.227835861321],[1.4253583153188,43.256567003232],[1.3730180033309,43.310144051632],[1.3239671313317,43.309397473097],[1.2933090414018,43.285338357056],[1.297105154879,43.262429239143],[1.3306707599026,43.26255993939],[1.3318823817822,43.248841488087],[1.3832321285424,43.229485899343],[1.3683616310962,43.209188972055],[1.3146017705234,43.189991031341],[1.227478061976,43.183896662483],[1.2189521888506,43.153166413007],[1.2689269278789,43.146541731541],[1.3020119564183,43.123980856737],[1.2596485927641,43.104685971583],[1.2618548870607,43.091652541667],[1.2236270656509,43.086060227758],[1.2087319295319,43.117953707641],[1.1240759431443,43.156907297953],[1.0879769348772,43.133821692876],[1.0495535976405,43.139648199291],[1.0388407127951,43.100549312823],[1.0116824594973,43.10949847032],[0.99233974680337,43.098016624836],[1.0052486980698,43.080665473937],[0.98517130914337,43.067052731075],[0.9867359607193,43.027502633538],[1.0189442034638,43.010383740373],[0.97909520433636,42.97443264493],[0.87491501083315,42.957776717926],[0.87603944818218,42.926912994605],[0.82612266137771,42.914278721023],[0.85830081521383,42.825718092689],[0.70837530047161,42.861402691964],[0.67832018690678,42.855018835179],[0.65901722875138,42.838528619974],[0.66968713590557,42.802095308449],[0.64453806422139,42.783076412205],[0.66423575825517,42.77167292571],[0.6474308997985,42.751662642856],[0.67901232540769,42.722784338644],[0.67057744875758,42.68989270234],[0.59731972324609,42.705833174186],[0.58683088027779,42.694999039016],[0.47775091439859,42.699986776967],[0.48458374009353,42.710274868309],[0.45509925797433,42.728057163284],[0.46024258056156,42.85175053483],[0.4772965729446,42.878104684919],[0.53694778531801,42.862514068997],[0.57593507190118,42.870827720703],[0.60605980482582,42.934364734106],[0.64553925526757,42.962068215879],[0.61882997147207,42.972416005847],[0.62741914892273,43.000102900277],[0.60824975068702,43.033562771594],[0.53097432359112,43.003272172104],[0.53793151601541,43.041642574512],[0.56265072205432,43.035782450371],[0.56385629257295,43.074244482997],[0.50283874034225,43.095683308821],[0.48904307495584,43.115172560924],[0.45321684463749,43.111242340548],[0.46394357774072,43.117819842257],[0.44199364903152,43.131273015364],[0.52156679074663,43.192045832358],[0.50575903800693,43.199712594677],[0.51738555808232,43.212375668519],[0.57095143144365,43.217817968649],[0.57284091276067,43.233109036267],[0.55156853219931,43.236101604682],[0.63277803508742,43.292685230456],[0.61164971750279,43.315672040435],[0.67459265828107,43.329462065074],[0.71759514468103,43.376630888106],[0.73372913377447,43.370969737188],[0.7536672758696,43.389391478236],[0.75685645463448,43.416304606902],[0.80629384070281,43.399976375671],[0.82054281206295,43.416977745341],[0.9172450320849,43.406330772017],[0.9643354461405,43.386475688121],[0.97808742391735,43.362652674981],[0.99273377183994,43.366836344849],[0.99378962134181,43.407985716071],[1.0227865920007,43.411704797199],[1.0190310880081,43.430794816384],[1.041677576659,43.460631092291],[1.0181793389093,43.473339800901],[1.0686626800876,43.50518270917],[1.0537619809022,43.519325958016],[1.0752142960181,43.528665325069],[1.062991524881,43.536351541765],[1.0718152477827,43.546351934215],[1.0970866504119,43.533225237216],[1.1640344113755,43.572394557106],[1.1993465049049,43.569181658607],[1.2013345895525,43.594811115002],[1.1809590675405,43.614001931607],[1.1581456500501,43.605620994942],[1.1408379592619,43.641090593699],[1.0877006936386,43.644975118867],[1.1013884804279,43.660558286338],[1.0509872612369,43.677824827007],[1.0641543709197,43.702773708282],[0.98725506130363,43.742396528141],[0.95398321315289,43.787369767012]]]}},{"type":"Feature","properties":{"code":"32","nom":"Gers"},"geometry":{"type":"Polygon","coordinates":[[[0.076043349292038,43.983138573142],[0.12640607961248,44.000336105676],[0.14095408748334,43.994676380228],[0.13863539397759,43.974770669617],[0.1591211137839,43.973860568873],[0.16676088451462,43.996830517368],[0.20507206540087,44.0190292233],[0.30409114391986,43.993060809869],[0.31793784234407,43.994973643102],[0.31653852185538,44.01011924115],[0.38151930823563,44.006373305954],[0.44244380213487,44.028759139019],[0.4595157527797,44.055234750337],[0.53902463781127,44.053724078487],[0.59797769402997,44.078224550392],[0.66659683472462,44.025144272763],[0.741884791205,44.065199235038],[0.76552658101403,44.030150980746],[0.81746969640191,44.054892293483],[0.85051060059395,44.047539266803],[0.86041116085683,44.040785300803],[0.83956279350669,44.023991248727],[0.81364104682038,44.024908754769],[0.8277004422891,43.999575095717],[0.76250323120863,43.931192014249],[0.8628950716946,43.923285613293],[0.90458454017881,43.899017505511],[0.88349353633238,43.875251771074],[0.91270345397669,43.848486016154],[0.89541680754323,43.840345297757],[0.92585656217094,43.831629205755],[0.89718573970385,43.790622983363],[0.95398321315289,43.787369767012],[0.98725506130363,43.742396528141],[1.0641543709197,43.702773708282],[1.0509872612369,43.677824827007],[1.1013884804279,43.660558286338],[1.0877006936386,43.644975118867],[1.1408379592619,43.641090593699],[1.1581456500501,43.605620994942],[1.1809590675405,43.614001931607],[1.2013345895525,43.594811115002],[1.1993465049049,43.569181658607],[1.1640344113755,43.572394557106],[1.0970866504119,43.533225237216],[1.0718152477827,43.546351934215],[1.062991524881,43.536351541765],[1.0752142960181,43.528665325069],[1.0537619809022,43.519325958016],[1.0686626800876,43.50518270917],[1.0181793389093,43.473339800901],[1.041677576659,43.460631092291],[1.0190310880081,43.430794816384],[1.0227865920007,43.411704797199],[0.99378962134181,43.407985716071],[1.0024980717613,43.377077953713],[0.97808742391735,43.362652674981],[0.9643354461405,43.386475688121],[0.9172450320849,43.406330772017],[0.82054281206295,43.416977745341],[0.80629384070281,43.399976375671],[0.75685645463448,43.416304606902],[0.73372913377447,43.370969737188],[0.71759514468103,43.376630888106],[0.65594157716311,43.317209345572],[0.60680735564582,43.310884111508],[0.44503785342914,43.340295366177],[0.44303285893116,43.327927935026],[0.41351647060317,43.329094431545],[0.38833876240281,43.356210125031],[0.33183860488216,43.343161276986],[0.32769192775763,43.370952743497],[0.30085815491505,43.371751195377],[0.29864354305631,43.388394571404],[0.23258112809587,43.3677705561],[0.18202989360661,43.371184440461],[0.17380124314994,43.402772158304],[0.15385938168359,43.399322164419],[0.13200756108454,43.424113141856],[0.16599819263146,43.44273819974],[0.13086227203695,43.47402211026],[0.11212679596727,43.517368187417],[0.056077967868575,43.518802653832],[0.015777190923584,43.543393094225],[-0.015780753160441,43.60465468589],[-0.073973166600852,43.606313465142],[-0.096787871742487,43.582404857482],[-0.16044860312899,43.580574768792],[-0.17641684233457,43.596401195938],[-0.23502870973138,43.583357698142],[-0.25464414089565,43.597079809878],[-0.24720389403099,43.615953419221],[-0.27959903054407,43.618177993348],[-0.28211623210758,43.643073606308],[-0.26375883992318,43.635925825532],[-0.24316590125334,43.654503914277],[-0.23973638497448,43.671241337499],[-0.2558968586296,43.679785947966],[-0.23910090516212,43.693946573483],[-0.2466519035345,43.710665978321],[-0.19413824181548,43.737015033058],[-0.21894685864266,43.750867558794],[-0.2079131727813,43.760637827854],[-0.22713966573848,43.808271178562],[-0.1924617341874,43.810177903112],[-0.18812879425044,43.832561081629],[-0.20890830935508,43.857673133295],[-0.19099207269451,43.875181537803],[-0.23393612239966,43.89106512629],[-0.22763125359284,43.91098862727],[-0.17911005329495,43.937915232082],[-0.16562386692845,43.927613195924],[-0.12594278448243,43.944421563926],[-0.10225702569033,43.927416125055],[-0.098329558338237,43.942427984825],[-0.046527042815464,43.96103952555],[-0.036164948567139,43.983735934778],[0.0067349635456505,43.953740495039],[-0.013582447289478,43.923649897266],[0.059162622123353,43.897893022976],[0.07664444687609,43.916470177201],[0.055307282518792,43.957963073751],[0.076043349292038,43.983138573142]]]}},{"type":"Feature","properties":{"code":"34","nom":"H\u00e9rault"},"geometry":{"type":"Polygon","coordinates":[[[3.3583619084885,43.913829285364],[3.4244530269452,43.911595449326],[3.440272342306,43.896836575963],[3.4237878122134,43.872967817811],[3.4351765269299,43.862954436093],[3.5133407872323,43.896202538664],[3.5307033912378,43.855622902101],[3.5778592558387,43.843915506292],[3.5994165900688,43.854725318734],[3.5754482226841,43.865520441109],[3.623586076068,43.916974081399],[3.6463988237395,43.900956043784],[3.6467661529193,43.914593850368],[3.6724593534735,43.911602863609],[3.6822324562632,43.946862256351],[3.7068835657127,43.96137743879],[3.7873312270452,43.966868530499],[3.7957694715927,43.942541286137],[3.8271147893385,43.935831173484],[3.7995411771349,43.890816352208],[3.8060703531318,43.877906781933],[3.8308032102239,43.866420388072],[3.9173912408729,43.885588669063],[3.9221023508338,43.858379360183],[3.9793506370893,43.842882414799],[3.9612080559067,43.805734910291],[4.0237520570046,43.803317034121],[4.1140327584688,43.737742196664],[4.1447760175493,43.733889286988],[4.1910110238358,43.639234913391],[4.1502119605016,43.585561607838],[4.0989142083254,43.585240546919],[4.1010404384135,43.554370958977],[3.9685717523119,43.540018483347],[3.8864007764545,43.50687119465],[3.7966687778375,43.441038572476],[3.724920103348,43.41579312533],[3.7230347632352,43.401095090434],[3.6460792124476,43.384774104561],[3.5109592064433,43.273328841308],[3.4034831432597,43.287900440396],[3.2405623482295,43.212804132866],[3.2010228712178,43.249170753058],[3.1602360154965,43.243174322456],[3.0548510452049,43.279719592179],[3.0158720189579,43.276359929439],[3.0043529644297,43.320131141473],[2.9450352296993,43.312502335561],[2.8866989626319,43.329898940957],[2.8898465644215,43.363912452239],[2.8678099171678,43.382193201942],[2.856190460919,43.374063805275],[2.8683187275794,43.329585760434],[2.8127141223172,43.323485536792],[2.8182231073238,43.309421905527],[2.7869260612143,43.273513557976],[2.7525229453227,43.254595672077],[2.7073810722808,43.273521745096],[2.6935858291614,43.320491486093],[2.6590635926054,43.292968989423],[2.6164099655732,43.289440064412],[2.5890408539009,43.328703501465],[2.5399656073586,43.346221878067],[2.5552203547235,43.388318929825],[2.5913265352699,43.402780865486],[2.5657824745312,43.422957925066],[2.6679938118926,43.470045739812],[2.6586451413796,43.525794979317],[2.6156009876353,43.566636032386],[2.631783900316,43.584146522163],[2.6146368129343,43.599858204147],[2.6432649887562,43.650141667656],[2.7111682176412,43.645600379862],[2.7545198343058,43.614140577604],[2.907351068949,43.654226226268],[2.9185719132589,43.686154965245],[2.985354094531,43.708518052513],[3.0607467059948,43.693073684319],[3.069161341669,43.70684228008],[3.053062578971,43.746187838209],[3.0758854246252,43.768517815391],[3.0494059238588,43.803825230583],[3.064904986059,43.835565364534],[3.1507104327409,43.813766023316],[3.2226912752071,43.817777799078],[3.249039481107,43.829579698488],[3.2362244765786,43.866546056431],[3.2631323492161,43.89279670985],[3.3425730593674,43.894194468074],[3.3583619084885,43.913829285364]]]}},{"type":"Feature","properties":{"code":"43","nom":"Haute-Loire"},"geometry":{"type":"Polygon","coordinates":[[[3.8974083668223,45.357080180177],[3.9083091415165,45.333317123265],[3.9373971009283,45.37201719016],[3.9796493264091,45.375136167919],[4.0160566045972,45.328623259374],[4.0432641754966,45.355941617091],[4.0708092191247,45.336053711997],[4.0778214653417,45.354983989389],[4.1540232523863,45.364602527186],[4.1444492305075,45.384149823118],[4.1779313879208,45.392600323214],[4.2445262165178,45.384912858435],[4.2847457415048,45.356573698914],[4.3317565838798,45.368289462149],[4.3665395777096,45.336998573027],[4.3318936969792,45.318070065193],[4.3690682180887,45.300293499679],[4.3497179288925,45.280278452779],[4.3625476382457,45.264397172969],[4.3864148938233,45.255609582426],[4.4366003162274,45.272738948048],[4.489606977621,45.224787864759],[4.4473475059375,45.157049559665],[4.457292871748,45.119021852513],[4.4377435075056,45.121669278229],[4.4370065836344,45.109530343216],[4.4227050210625,45.137284079421],[4.3765615334121,45.144361359671],[4.3702243365423,45.130296355428],[4.3995705528059,45.104758184855],[4.3598684623641,45.099648200079],[4.3464253885296,45.074635356183],[4.3817210801496,45.041578104264],[4.2972444541478,45.017019865124],[4.2898240145874,44.997302372073],[4.3116688879015,44.971778239838],[4.2579311130587,44.959979531121],[4.2359884866829,44.970400050285],[4.1561572312146,44.873329080776],[4.0396337860339,44.873161160486],[4.0201700534284,44.84572335446],[4.0283799355707,44.834081856378],[4.0042371196017,44.836053356709],[3.9956955079053,44.821280942908],[3.9800025103294,44.830097794485],[3.9817003652052,44.811765152168],[3.96317818398,44.829753498309],[3.9455779540045,44.824415193964],[3.924795349749,44.769623984123],[3.8625310211191,44.743866105932],[3.8365590308337,44.747847636802],[3.841603226393,44.772129900378],[3.8033308935883,44.770414179887],[3.7406494702404,44.838697356604],[3.6663623630222,44.828776303359],[3.6574209674758,44.836124356852],[3.6704785324924,44.850864431429],[3.6423461696965,44.878382169756],[3.5943335024029,44.875433384901],[3.578465058473,44.825696757681],[3.478809589921,44.809446829457],[3.417976841379,44.900767433551],[3.4045530849223,44.956400427592],[3.3479469309243,44.973870126914],[3.3699091459722,45.000582005192],[3.3249714515026,45.009790053743],[3.3371714464095,45.025342171262],[3.3105771648058,45.021342574102],[3.2972465044248,45.036076897709],[3.3142746628813,45.085018914722],[3.2874533238806,45.089020664877],[3.2833105792233,45.103764571827],[3.3257877003029,45.095136110288],[3.3507814869451,45.109389356926],[3.2880281118685,45.120420821148],[3.2624392836968,45.168271591934],[3.2724807359217,45.209183446862],[3.2353557133346,45.220087359774],[3.2224601549298,45.27197325761],[3.204971349739,45.281991626537],[3.1677609638906,45.270173275741],[3.1597095041841,45.295152377879],[3.0822533822787,45.289688544009],[3.1138141353708,45.309094157134],[3.0906259135448,45.322941615477],[3.1134170784877,45.327179037948],[3.1035006854512,45.3543721973],[3.1680632131655,45.352256205748],[3.2186572489279,45.36948993409],[3.2365752879669,45.394473576099],[3.2906906080245,45.401824597103],[3.2956970631794,45.418111657039],[3.333673054382,45.405812794289],[3.3589872444879,45.421013675007],[3.4200366594148,45.397225547231],[3.5013193341285,45.427582294546],[3.5209053900855,45.402409376819],[3.5705803547836,45.402095477198],[3.5903439892848,45.357222362784],[3.618619523185,45.337709571841],[3.6798572026821,45.38418849136],[3.6998935179885,45.35946388081],[3.7408397385734,45.353034889768],[3.7899914752805,45.353880391851],[3.7855713393306,45.369279292494],[3.8083112095965,45.391610156832],[3.8376831375527,45.36571035068],[3.8974083668223,45.357080180177]]]}},{"type":"Feature","properties":{"code":"44","nom":"Loire-Atlantique"},"geometry":{"type":"Polygon","coordinates":[[[-1.1485668205651,47.029548900794],[-1.2027794819453,47.041805126785],[-1.2712120445468,47.083893903306],[-1.3006089447707,47.034246813955],[-1.3354906033185,47.043269269841],[-1.3786187507728,47.030850021718],[-1.3651713270515,47.006787081572],[-1.3775056345619,46.990942402401],[-1.3590627464638,46.981135337897],[-1.3651258550545,46.956916369701],[-1.4561287088222,46.92626936023],[-1.4715698702165,46.933593956324],[-1.4572099023003,46.954650198908],[-1.4759176820598,46.983821193651],[-1.460243586512,46.992964149783],[-1.4918917982953,47.041766785139],[-1.5523193513555,47.018345265795],[-1.542669701774,47.003269318873],[-1.5535692540762,46.98150813307],[-1.5200531988311,46.939043729216],[-1.5443756009763,46.923001220553],[-1.5007655467174,46.883891204136],[-1.546480204725,46.87383880978],[-1.5485096132916,46.860078088448],[-1.6645088836683,46.874775769301],[-1.6897556400174,46.890488583077],[-1.7202570590716,46.884561675382],[-1.7510691760313,46.929599006382],[-1.8309864393011,46.932037153713],[-1.8318183862536,46.953809144032],[-1.8945066250679,46.959854562684],[-2.0534773710676,47.094116874449],[-2.2478150673853,47.134022011309],[-2.1670631605228,47.166180557901],[-2.158373708365,47.209050666096],[-2.1778607172174,47.236097279547],[-2.1699895453995,47.268472297219],[-2.1873608303178,47.280622361747],[-2.3016402822796,47.236400031931],[-2.369753264591,47.277438171535],[-2.4475351836802,47.261757701956],[-2.5442517230455,47.290107777197],[-2.5138083846226,47.298375734085],[-2.5029144731486,47.328754801261],[-2.5211591992751,47.358811002331],[-2.5589448655806,47.374566485616],[-2.4726723242774,47.416083446873],[-2.4347120386263,47.41323956486],[-2.4584933200854,47.44812333026],[-2.4230228667484,47.477116356867],[-2.399942719827,47.455985214433],[-2.3128644981072,47.464470727328],[-2.2965137349146,47.51605888675],[-2.2629685042061,47.512911091518],[-2.2442830226806,47.493603343394],[-2.184622799181,47.511938749674],[-2.192163736718,47.496643815865],[-2.1636756892187,47.49050097161],[-2.1560180197876,47.522028206659],[-2.0985591504874,47.533957226787],[-2.0898837230131,47.642709543195],[-1.9743811536912,47.693936715593],[-1.9538162196423,47.672268062701],[-1.8640156728505,47.706980966313],[-1.7133831145586,47.699308113335],[-1.6548173400684,47.712589314425],[-1.5934046637562,47.776049297939],[-1.4684440000216,47.8059033883],[-1.4818132504128,47.831893536154],[-1.3904289319245,47.828276258082],[-1.3528652871869,47.797688995885],[-1.2458850128779,47.776717450948],[-1.2384524343117,47.755370176059],[-1.2545837696673,47.733639711665],[-1.1951247655948,47.721548781739],[-1.1749255752394,47.694565156541],[-1.1829291341983,47.66947490014],[-1.1599410529377,47.660445255957],[-1.1382005303391,47.619457993878],[-1.0068589445508,47.589057173366],[-1.0459081759245,47.563351957166],[-1.1724173944719,47.573007499646],[-1.1783486783423,47.548022920882],[-1.1524509517215,47.542456932846],[-1.1658977332461,47.533633563364],[-1.1572382827497,47.510080183398],[-1.0389970910658,47.505255272767],[-0.95914434624296,47.481625087845],[-0.94643916329696,47.386464290023],[-0.97486734238539,47.371383508034],[-1.1676120647818,47.365883544326],[-1.2998795136684,47.337619971759],[-1.3541992398083,47.304153763744],[-1.2946071704543,47.300999778811],[-1.2385771004628,47.24210028514],[-1.2080715603628,47.25267682188],[-1.1809721535433,47.240809376935],[-1.1880508684465,47.2197922638],[-1.1632136426884,47.17778687953],[-1.2352480566999,47.138778896633],[-1.2258467897311,47.11943849553],[-1.2479716560946,47.100110089689],[-1.170288934637,47.092959055135],[-1.1539529642236,47.071889442774],[-1.1154595616826,47.062560153317],[-1.1170479432483,47.04013518647],[-1.1485668205651,47.029548900794]]]}},{"type":"Feature","properties":{"code":"46","nom":"Lot"},"geometry":{"type":"Polygon","coordinates":[[[1.4092638730924,45.006004469319],[1.5357229531152,45.046275852749],[1.5520446044451,45.028473138039],[1.5763101796546,45.040696470827],[1.629956153879,45.033567269253],[1.702662490825,44.987825577102],[1.7110326508746,44.967296262803],[1.7506187292807,44.954961208829],[1.7749276020491,44.923721627249],[1.78487170617,44.937317933441],[1.8239145074647,44.927683348732],[1.9081575006047,44.978423183181],[1.9390669995572,44.973222308505],[1.9509915581584,44.953151935667],[1.9853569537575,44.974450164818],[2.0629079799591,44.9765045515],[2.0786238601329,44.932494333995],[2.1081047030139,44.910638688547],[2.0837359232769,44.887424173789],[2.1658208187006,44.812904212621],[2.1716374993124,44.790027108976],[2.1493997719958,44.769790512407],[2.1522238006118,44.736723151663],[2.1301318075949,44.698486086307],[2.1552964923022,44.70023944349],[2.1791523780579,44.674446124105],[2.1694164789558,44.638069782843],[2.2108934010391,44.606090357773],[2.1538128201085,44.57189782658],[2.0573689651355,44.582909160412],[1.9129865180384,44.505157692579],[1.9098594387895,44.48674631631],[1.8902857028608,44.505886029507],[1.885217137804,44.486107475987],[1.843001484365,44.482382092855],[1.8505242685611,44.43550406388],[1.8731907138082,44.424140758608],[1.8710314852874,44.397745172704],[1.9052533999665,44.350549277067],[1.8270255325815,44.32426884987],[1.8059777797489,44.336632362484],[1.7819129603983,44.314472615323],[1.7373556664188,44.326979663175],[1.6628876357397,44.292814929567],[1.6370645866245,44.298462052118],[1.6516181749095,44.286809376053],[1.6332195435462,44.269409693186],[1.6156752023963,44.278396127792],[1.6169053391703,44.297530575144],[1.577057905448,44.30164046075],[1.5632414387973,44.274886379262],[1.5872487604831,44.249006343623],[1.5417602550587,44.227813925717],[1.5087806340611,44.273638671169],[1.4732171576142,44.284206796054],[1.4535590038918,44.254122364815],[1.3567965742905,44.204018679795],[1.3363963237902,44.228164291061],[1.2813755448768,44.235788833792],[1.3040561797661,44.262956553109],[1.3036419786638,44.293780222919],[1.2500166763573,44.272900537029],[1.2170572336728,44.276902146179],[1.177527462072,44.292155931446],[1.1812474366675,44.30737621701],[1.1104058105295,44.323116166197],[1.11341021313,44.338851885589],[1.0812215694247,44.354388321287],[1.1274389106322,44.372985753369],[1.1325463304764,44.393331095059],[1.0640814762214,44.378508721439],[1.0514192493927,44.392094511982],[1.0574845114814,44.427673212448],[1.0247167778907,44.442988405687],[1.0230093439874,44.475437273235],[1.009020244264,44.480044617987],[1.0162275856839,44.505873805304],[0.98177646477517,44.543949619625],[1.0131652927005,44.53612981948],[1.0751420531924,44.577325705506],[1.10321434571,44.571734741055],[1.0954254371464,44.590239410789],[1.1537948801342,44.639408990845],[1.1466756285759,44.670346129862],[1.2245513454404,44.684265469136],[1.2704127081354,44.722361774434],[1.2877769806729,44.714784618791],[1.3005234409238,44.743067753612],[1.3160471856435,44.740370070289],[1.322816677032,44.765133167519],[1.2962430489699,44.777811462978],[1.2996402457488,44.796921415066],[1.3641055003826,44.811568223737],[1.3614088604034,44.840796241728],[1.4419256468077,44.877575693392],[1.4135387322774,44.911821580701],[1.4423501795316,44.916547257696],[1.4092638730924,45.006004469319]]]}},{"type":"Feature","properties":{"code":"49","nom":"Maine-et-Loire"},"geometry":{"type":"Polygon","coordinates":[[[-1.2384524343117,47.755370176059],[-1.238247803597,47.809992506553],[-1.1426274244343,47.774444264523],[-1.1226290875254,47.784177435943],[-0.97865617651258,47.761986093612],[-0.95086406782493,47.76808514016],[-0.97098655185006,47.785631119633],[-0.95202871311581,47.796497117235],[-0.83929831407277,47.752275868891],[-0.83998386052541,47.76814434186],[-0.81606753396371,47.771224388477],[-0.74171045035285,47.73810919909],[-0.6537825399855,47.733379704738],[-0.61081969714626,47.735690584502],[-0.58478471927851,47.758351695043],[-0.53285885316803,47.750822279532],[-0.52210308579569,47.783980077243],[-0.45459213036525,47.756480807741],[-0.41003563438819,47.765211772614],[-0.40949181286586,47.778639806662],[-0.35849844840348,47.732083694905],[-0.36582157233392,47.716119600548],[-0.24758339198338,47.706703696744],[-0.193745472526,47.723226403392],[-0.18165434555472,47.706039135515],[-0.22019670030717,47.689623181347],[-0.19315208570794,47.647919424013],[-0.13503949950058,47.632521704537],[-0.11331543555609,47.635027101972],[-0.094598120211807,47.662259952753],[-0.0200217526275,47.637114273453],[-0.0045114795481094,47.647685622756],[0.017034808401921,47.621104843447],[0.11568780138148,47.605729170813],[0.15160658198455,47.581530335722],[0.18492347945562,47.59951888853],[0.18583053478704,47.616541172133],[0.22412414705184,47.612294541765],[0.23453049018557,47.57797744555],[0.19334553772128,47.539118278038],[0.22491484141757,47.52709951065],[0.22010664406864,47.50195233416],[0.18093772230519,47.453404824236],[0.18138204745888,47.417824739063],[0.15385793095636,47.398727021572],[0.18296214025622,47.38033044936],[0.14165395029201,47.361961427199],[0.14796868770319,47.348447803202],[0.078978960154079,47.282822156056],[0.072492820219795,47.220509854465],[0.053277684947378,47.197182170708],[0.063052886223431,47.175281799504],[0.036501918227681,47.160445278183],[0.019016376976915,47.175754285742],[-0.010739414334867,47.15751215065],[-0.040856468682482,47.112928627112],[-0.026535185584925,47.105798471803],[-0.03562437381954,47.086261232309],[-0.085909274640678,47.101010256779],[-0.1021158452812,47.06480003115],[-0.12837866130337,47.054429041651],[-0.17848280781104,47.069769863363],[-0.14125473717962,47.103745079728],[-0.18483829723431,47.108333434925],[-0.20607508372803,47.09328538537],[-0.24153284082639,47.1057275119],[-0.39631090043786,47.087753100169],[-0.40931478414398,47.06628937151],[-0.46425258388436,47.067574344676],[-0.47634088284647,47.054361886701],[-0.48553786553274,47.065209021486],[-0.46269595640292,47.081925505658],[-0.49533635185918,47.082386236675],[-0.55953163443577,47.061883133164],[-0.54222220688058,47.035131514655],[-0.59549628776894,46.997955261938],[-0.67605096460406,47.000124265341],[-0.68018770038511,46.987658683517],[-0.71305373485382,46.986070538333],[-0.78757295549441,47.005134613994],[-0.85764337306558,46.969397597368],[-0.89196408624284,46.975820414303],[-0.93345650243922,47.008909976344],[-0.95844801060585,46.994865565004],[-1.0003939465651,47.020801743904],[-1.015878308284,47.004142220601],[-1.1430542158922,47.024763093203],[-1.1170479432483,47.04013518647],[-1.1154595616826,47.062560153317],[-1.1539529642236,47.071889442774],[-1.170288934637,47.092959055135],[-1.2479716560946,47.100110089689],[-1.2258467897311,47.11943849553],[-1.2352480566999,47.138778896633],[-1.1632136426884,47.17778687953],[-1.1880508684465,47.2197922638],[-1.1809721535433,47.240809376935],[-1.2080715603628,47.25267682188],[-1.2385771004628,47.24210028514],[-1.2946071704543,47.300999778811],[-1.3541992398083,47.304153763744],[-1.2998795136684,47.337619971759],[-1.1676120647818,47.365883544326],[-1.0178734478092,47.365057767936],[-0.94643916329696,47.386464290023],[-0.96748096263572,47.492796746016],[-1.1572382827497,47.510080183398],[-1.1658977332461,47.533633563364],[-1.1524509517215,47.542456932846],[-1.1783486783423,47.548022920882],[-1.1724173944719,47.573007499646],[-1.0459081759245,47.563351957166],[-1.0068589445508,47.589057173366],[-1.1382005303391,47.619457993878],[-1.1599410529377,47.660445255957],[-1.1829291341983,47.66947490014],[-1.1749255752394,47.694565156541],[-1.1951247655948,47.721548781739],[-1.2545837696673,47.733639711665],[-1.2384524343117,47.755370176059]]]}},{"type":"Feature","properties":{"code":"50","nom":"Manche"},"geometry":{"type":"Polygon","coordinates":[[[-1.1196198636379,49.355568981262],[-1.1134683084454,49.32794259286],[-1.139541028092,49.309870906862],[-1.1359174141965,49.270327053301],[-1.0226746076439,49.203388961893],[-0.97546102084932,49.192158499386],[-0.93236757629277,49.218052232902],[-0.90623307934633,49.210246263522],[-0.9265375261167,49.164211141303],[-0.95853549196422,49.161275765491],[-0.88659533008778,49.129429507194],[-0.91831266671293,49.104996360271],[-0.87845403715793,49.117103390716],[-0.86909257922002,49.067901172753],[-0.89165406184456,49.046294477679],[-0.86415044765934,49.034443715562],[-0.94272995383286,48.967706984878],[-0.99989884101366,48.949851065815],[-1.0565254473082,48.958444860029],[-1.0755194629225,48.921508411991],[-1.0226211199025,48.927085647197],[-1.0137364005261,48.915956453501],[-1.0711778612927,48.870286148434],[-1.0985223309161,48.876085328616],[-1.1595014604014,48.82620729012],[-1.1023003567829,48.814263957252],[-1.1003652053547,48.789674356188],[-1.0587396460307,48.773348161227],[-0.97100455303881,48.772828521949],[-0.96705625172907,48.786081268022],[-0.88440205541888,48.756990387555],[-0.83586390210947,48.75907014808],[-0.84922855934838,48.730753766159],[-0.81789729577365,48.731176402389],[-0.73732101904671,48.686666601324],[-0.77335752529712,48.65747247994],[-0.76290626959504,48.631905426948],[-0.74221354045865,48.627267255804],[-0.77416870927632,48.562676617257],[-0.86036021134895,48.501458584456],[-0.89624907070572,48.495083815873],[-0.95637394558324,48.516620056723],[-0.97225823660351,48.494600246107],[-1.0039961840993,48.489172448089],[-1.0605497194866,48.515346429697],[-1.1470767776101,48.517498765375],[-1.2065516679372,48.542206088249],[-1.254274261097,48.543267861594],[-1.2792034941015,48.509166405754],[-1.3263369028651,48.498742404871],[-1.3463506846745,48.471670546758],[-1.429135838213,48.462552562467],[-1.4492603238973,48.486102161685],[-1.4899417997599,48.489372357681],[-1.5332855375208,48.548003700235],[-1.5189218496777,48.56659037005],[-1.5710894380361,48.626441149011],[-1.477188590376,48.618737838556],[-1.4045832706425,48.643393783536],[-1.3574234034789,48.635483059321],[-1.4008843035347,48.658912226981],[-1.3885017122394,48.680611484574],[-1.4453056482617,48.655010677863],[-1.5744027818825,48.75185050251],[-1.5744376405691,48.821682401355],[-1.6013201144142,48.836516012355],[-1.5763822718035,48.866233003819],[-1.5643455142932,48.921580374553],[-1.5541181922605,48.900139698967],[-1.5434258848416,48.931027158992],[-1.5621107504118,48.941016659011],[-1.5561478071951,49.024690465146],[-1.5093830641249,49.026943233212],[-1.5592318014493,49.038274352716],[-1.5745849862677,49.002853692658],[-1.5937891730984,49.022503424284],[-1.6104318663509,49.092932611918],[-1.5947459734594,49.131928426288],[-1.5810718554805,49.131674948757],[-1.595825359512,49.14283223955],[-1.6107491510687,49.214490949154],[-1.5717703394133,49.223972136229],[-1.6169953390227,49.231610466351],[-1.6316846090167,49.21422230031],[-1.6782177867605,49.280142766374],[-1.6652075172903,49.286811899007],[-1.6831075465952,49.28762544819],[-1.71117197286,49.325094637036],[-1.6968290117754,49.331720453626],[-1.7247902425762,49.327450118599],[-1.7787957331797,49.371673062007],[-1.807044519245,49.371886570418],[-1.8464190476711,49.498628821215],[-1.8865295575919,49.527614954968],[-1.8410258496794,49.571733495111],[-1.8451382307403,49.619088241649],[-1.8734840432458,49.657595242746],[-1.9461839215553,49.67434359255],[-1.9422468301096,49.725557927402],[-1.8901181931224,49.707153428958],[-1.8524826023107,49.716941279614],[-1.815242405587,49.68887201482],[-1.6867469480741,49.673066182254],[-1.6151605571489,49.643460933616],[-1.485803063592,49.669315434164],[-1.4710843353661,49.69667139043],[-1.369566553066,49.706887557051],[-1.2679291968387,49.695329176599],[-1.228866448748,49.607863429808],[-1.2542854436666,49.612658345594],[-1.267613440608,49.581953814631],[-1.2962280470313,49.583173183623],[-1.3063595679898,49.538928237908],[-1.1679979463415,49.408031770721],[-1.1775396285395,49.36489675323],[-1.1196198636379,49.355568981262]]]}},{"type":"Feature","properties":{"code":"56","nom":"Morbihan"},"geometry":{"type":"MultiPolygon","coordinates":[[[[-2.8851980047361,47.332204587601],[-2.8688242027986,47.347187413333],[-2.8640228377349,47.337396656922],[-2.8851980047361,47.332204587601]]],[[[-3.4217929168617,47.619997807491],[-3.4619142000708,47.620345627722],[-3.5132724400036,47.65091255248],[-3.4294853772433,47.642297272249],[-3.4217929168617,47.619997807491]]],[[[-2.9481489550955,47.373337178232],[-2.9734969970118,47.385337455258],[-2.970456003478,47.393456515554],[-2.9497473196772,47.391474918453],[-2.9481489550955,47.373337178232]]],[[[-3.2354396164691,47.323814198525],[-3.2635566742404,47.352257081813],[-3.244700982732,47.387618359758],[-3.1558604781053,47.361080830931],[-3.1396470634137,47.329840381841],[-3.0633503439268,47.315039283837],[-3.0865518494098,47.283069445657],[-3.1762732030367,47.300368448324],[-3.2171954083953,47.293469947191],[-3.2490903024394,47.316119926971],[-3.2354396164691,47.323814198525]]],[[[-2.8595623119286,47.559896175763],[-2.853851482193,47.594134904148],[-2.8447503210418,47.601281769517],[-2.8379117800168,47.591917276455],[-2.8595623119286,47.559896175763]]],[[[-2.80960545819,47.578258375141],[-2.8090954794976,47.592251881558],[-2.7868109056903,47.595356275895],[-2.7994090459784,47.588534826736],[-2.80960545819,47.578258375141]]],[[[-2.2872742268268,48.133743948459],[-2.2555468160419,48.109432687524],[-2.2523228001164,48.063237453261],[-2.220490188337,48.079702639699],[-2.1684835856701,48.076205340153],[-2.1937224368739,48.05137685593],[-2.2418773650688,48.052836855884],[-2.2686124960674,48.035169047477],[-2.2817928808654,47.990960728676],[-2.2395885283037,47.99946545839],[-2.1368695680738,47.979118421446],[-2.0790902252501,47.919526032935],[-2.1120117364518,47.8918547475],[-2.0973437025111,47.864834365215],[-2.1087497149234,47.848456505838],[-2.0901567411003,47.843759080606],[-2.0559308187502,47.868247240806],[-2.0357552590146,47.832300691003],[-2.0675461006082,47.8132690401],[-2.0722637386177,47.790436610757],[-2.1281904903395,47.761376495367],[-2.0847183154253,47.762715505001],[-2.0587066183582,47.738252293297],[-2.1314707538757,47.722240320619],[-2.1226672706492,47.682670445653],[-2.104366334765,47.67679465737],[-2.1143461676916,47.649477188598],[-2.0947855127512,47.645134778838],[-2.0849952925543,47.621229400095],[-2.1037228936324,47.589435010495],[-2.0985591504874,47.533957226787],[-2.1560180197876,47.522028206659],[-2.1636756892187,47.49050097161],[-2.192163736718,47.496643815865],[-2.184622799181,47.511938749674],[-2.2442830226806,47.493603343394],[-2.2629685042061,47.512911091518],[-2.2965137349146,47.51605888675],[-2.3239404651198,47.459700150766],[-2.399942719827,47.455985214433],[-2.4230228667484,47.477116356867],[-2.4804252485529,47.441963079767],[-2.4991358587812,47.457540137914],[-2.4889918501409,47.468033929888],[-2.5014022305882,47.490518823453],[-2.4674495382969,47.482627274277],[-2.4412197566934,47.496237972727],[-2.5177342670181,47.526379124102],[-2.6219180968561,47.504642830448],[-2.559927969571,47.551149229397],[-2.5868524345501,47.563522718081],[-2.5950997790228,47.533860071767],[-2.6293614142026,47.549477103692],[-2.6260111378038,47.530694282534],[-2.650778878004,47.53796758253],[-2.6323971230563,47.529969402681],[-2.6362963357436,47.518311441107],[-2.6643333232928,47.518636731497],[-2.6812726425683,47.495823503923],[-2.7383720762509,47.503971748148],[-2.8002084412293,47.487274625086],[-2.8494633183276,47.498714210554],[-2.8473220606719,47.511542665428],[-2.9127507683233,47.542221258931],[-2.9100056010075,47.552847850571],[-2.8785251291933,47.563822706213],[-2.8388802388699,47.543739594278],[-2.8053232688367,47.55465217436],[-2.7656825016343,47.536349797594],[-2.7305342531378,47.542486209183],[-2.7271201608591,47.565348713813],[-2.690000413435,47.589629645348],[-2.6923951849212,47.626672194763],[-2.7157627565643,47.632178418633],[-2.6956189709006,47.610971810996],[-2.7134014552926,47.594743232814],[-2.7785759216065,47.619153949607],[-2.75071220553,47.62190984793],[-2.7577479466431,47.632011754392],[-2.8511519612038,47.619021300579],[-2.8655555799982,47.59730655576],[-2.8912992832039,47.600251055152],[-2.8954479129042,47.581494812737],[-2.9391279484845,47.594030070059],[-2.9472179938322,47.629097718661],[-2.9766375186447,47.658576868252],[-2.9551759826158,47.598617982077],[-2.9649822013031,47.588704907763],[-2.9288355514896,47.55474379968],[-2.9684287009143,47.557175629484],[-2.9751788529976,47.576068937045],[-3.0046872395881,47.566465469116],[-3.0123216393668,47.580152522478],[-3.0948867588573,47.564687759616],[-3.1304124258813,47.595994049527],[-3.1329801809192,47.532940856127],[-3.0945017004357,47.48241159014],[-3.1310768433146,47.473341925849],[-3.1573094190216,47.527777147938],[-3.1345818841427,47.548823597227],[-3.1397514157784,47.579595849581],[-3.2097600334006,47.640692378745],[-3.1905086423658,47.682544307053],[-3.1622880424494,47.680141384504],[-3.1644539365533,47.694638292784],[-3.1280609317144,47.705557196606],[-3.1259673333102,47.723460801941],[-3.161008055411,47.73537887244],[-3.1746363055634,47.723148407528],[-3.1687810020071,47.704127663223],[-3.2010030764507,47.697371761748],[-3.1903765047009,47.690890020276],[-3.2189237367916,47.666402207114],[-3.2149712295324,47.645222611468],[-3.2878626003796,47.700955753699],[-3.3639383928461,47.709062757079],[-3.2978560945981,47.768548758802],[-3.3514545169925,47.744278722575],[-3.3871098313882,47.701882463104],[-3.4527575847414,47.695339093038],[-3.5209645860149,47.757667759682],[-3.5299340818516,47.782467704588],[-3.517378148747,47.805037826205],[-3.5382920395566,47.836022619198],[-3.5230056259837,47.849146782891],[-3.488378728186,47.823693797324],[-3.4575097495258,47.837091361261],[-3.4491763130993,47.861897696527],[-3.4034384481233,47.870110288463],[-3.4094061517392,47.910167984279],[-3.3880788564101,47.929294929579],[-3.3926235122244,47.954453922013],[-3.4198881980685,47.969805904784],[-3.4765536705495,47.948683440009],[-3.4974433504273,47.976723266584],[-3.5552770706373,47.993097499035],[-3.6402383243638,47.985243231924],[-3.6740316896394,48.052542330421],[-3.6981708601505,48.062309578332],[-3.6950209143267,48.093496452723],[-3.7312089824467,48.096180843537],[-3.7321436369252,48.10908636822],[-3.6958369472591,48.152210034266],[-3.5648444491461,48.185747540872],[-3.4436332619808,48.185786158542],[-3.4234037592294,48.177134344133],[-3.4384466261327,48.16255519616],[-3.4170117151901,48.145892119985],[-3.3367532869347,48.171124440685],[-3.3193408410471,48.149607771],[-3.2722431061433,48.140015733246],[-3.2175870763432,48.144082867021],[-3.1925192863564,48.164399923361],[-3.139493598382,48.163687258685],[-3.1322448440553,48.195534067802],[-3.0780078103247,48.210884763611],[-3.0143391347997,48.197495633085],[-2.9999873047788,48.161689403852],[-2.9370595232974,48.170212391319],[-2.8507975016535,48.141165856931],[-2.810396084518,48.146550544942],[-2.7819460662193,48.12058268646],[-2.7776588825451,48.090357127763],[-2.7538962611584,48.115834449394],[-2.6618611953763,48.128602238855],[-2.6523290127164,48.095895168979],[-2.6700531442166,48.047879335975],[-2.6311896634213,48.035478415172],[-2.5484314818503,48.076712424662],[-2.5492973883428,48.099064974945],[-2.5139753471597,48.132424705969],[-2.5336615546786,48.156858555152],[-2.4263820118443,48.17380491393],[-2.3578004145279,48.111304497547],[-2.3517675890653,48.125103070936],[-2.2872742268268,48.133743948459]]]]}},{"type":"Feature","properties":{"code":"59","nom":"Nord"},"geometry":{"type":"MultiPolygon","coordinates":[[[[3.0106307501246,50.112806167451],[3.0038797607882,50.150247376424],[3.0403136602665,50.153319276217],[3.0610482264708,50.174049535934],[3.0956630380692,50.162593087522],[3.068139305836,50.147348548695],[3.072792245694,50.131181945966],[3.0106307501246,50.112806167451]]],[[[2.0677049871716,51.006501514321],[2.1794228227752,51.015102619912],[2.1918294890846,51.034714947113],[2.3478325752445,51.059829634673],[2.3995855035021,51.050957305507],[2.5463210173049,51.088403186427],[2.5739982943322,51.003521991804],[2.6012847777962,50.991283503211],[2.6326801578862,50.946008766454],[2.5902216021403,50.919275360805],[2.6075324528985,50.91240659974],[2.5995904644573,50.853332534722],[2.6349756592043,50.812755500853],[2.7174754083298,50.81360682515],[2.7956557413456,50.724609008419],[2.8483860974407,50.722914959975],[2.8983786417092,50.694238803855],[2.9223300662476,50.702801451402],[2.9380690677647,50.744343927761],[2.9582403353503,50.753446186612],[3.06137703349,50.78050174847],[3.0886989124978,50.773371114027],[3.1147669732972,50.794187883435],[3.150782780111,50.790127285347],[3.199134285231,50.734731836468],[3.1912265002692,50.724409127208],[3.2583766477988,50.700646817566],[3.2624274548591,50.678483478988],[3.2411021613015,50.657785417847],[3.2775041513186,50.592959787705],[3.286524369777,50.527577616965],[3.3738958439101,50.491827615781],[3.4500814758008,50.507357727388],[3.4739635797806,50.533563546234],[3.5194053990883,50.522871548274],[3.5007741945714,50.487265476296],[3.5677678220335,50.50061221444],[3.6130169489409,50.492471225596],[3.6642184659463,50.453173761167],[3.6737092904608,50.404244897722],[3.6582667947641,50.371343895257],[3.7104309751894,50.303169731959],[3.7317343457441,50.311904528305],[3.7474052053778,50.350928242159],[3.8527555972491,50.351593778606],[3.900403191897,50.327566131768],[4.0273772077583,50.357488651634],[4.0788865919897,50.309752500483],[4.1199595939074,50.300055788038],[4.1362790115355,50.256814562298],[4.1676077441772,50.259698659168],[4.1511739326664,50.278121082001],[4.1626744412235,50.288919839989],[4.2032487281264,50.274520097558],[4.220693486293,50.252205490042],[4.1507645008475,50.213105993648],[4.155121374967,50.166769949356],[4.1269212643952,50.1350091215],[4.1998869422006,50.131081113334],[4.1975019481259,50.109173730897],[4.2279959931456,50.066368977978],[4.1622238052451,50.04898215278],[4.1363736079231,50.02046124405],[4.1617434156239,50.000912769341],[4.1577077947817,49.988248872528],[4.0871312705912,49.969186662527],[3.9803763291718,49.995376985087],[3.9947358775819,50.025531899045],[3.9823165297208,50.044427671748],[3.8872950947152,50.009688102532],[3.875028793388,50.036565310409],[3.7779259836508,50.04598461089],[3.715179065814,50.069271974234],[3.6657534268377,50.054728589348],[3.6559364272446,50.032766895838],[3.6136426641355,50.025414972618],[3.5615293457173,50.053934264068],[3.491357082465,50.018859654652],[3.3748529135519,50.03640787562],[3.2870975810209,50.014184796787],[3.2581174425539,50.031770179151],[3.172704445659,50.011996744997],[3.1175554073514,50.027668937858],[3.0837597873036,50.057784115124],[3.1141266539474,50.092155896514],[3.0957569190573,50.124200836276],[3.1344677195638,50.143226643999],[3.1021859277944,50.163315233096],[3.1561306993598,50.183717847228],[3.1313977241108,50.19940043586],[3.1423441660024,50.217665434614],[3.1883563131291,50.228672622554],[3.1336836466157,50.266233105789],[3.0121734874327,50.268066705162],[3.0178023561002,50.284584345639],[3.051092647048,50.282358192083],[3.0477515546427,50.293712166205],[3.0843056557162,50.311188090006],[3.0134557467176,50.359406970324],[2.9823221459456,50.401497580279],[3.0685193795963,50.425646240885],[3.0671591865506,50.458422919396],[3.0163412126251,50.442095390207],[3.0067353137984,50.457303639032],[3.0207995748428,50.481765465725],[3.0083469740982,50.492761850628],[2.9647153709588,50.512774432069],[2.8989518656364,50.50155422527],[2.8807796671222,50.514806261782],[2.88696882249,50.537656078324],[2.8001884917574,50.527606020054],[2.7944735844558,50.549202608036],[2.8134410941335,50.549346599603],[2.8156564700094,50.566015235103],[2.789077205407,50.583061414779],[2.8424345578212,50.629053197628],[2.8697307651834,50.631091501486],[2.8091936432834,50.66937021299],[2.7690451498338,50.663677249792],[2.7606231977666,50.65566909504],[2.792453026888,50.633660709096],[2.7525470598349,50.627871821503],[2.7389944409639,50.609312586306],[2.6796086872197,50.635881548523],[2.6305174773984,50.617950612122],[2.5866136171855,50.63809533857],[2.5646474035872,50.624520915665],[2.5336259405944,50.643088503328],[2.4959475460851,50.631241346564],[2.403207137341,50.681661074344],[2.3734967590549,50.672686259803],[2.3635246352107,50.684644535221],[2.3835589594468,50.700594961815],[2.340896635375,50.740909944404],[2.4114789545178,50.766734253763],[2.3759825201851,50.784049988105],[2.2885798648188,50.777033183243],[2.2134332677342,50.810547736996],[2.1353308750233,50.9642594986],[2.0677049871716,51.006501514321]]]]}},{"type":"Feature","properties":{"code":"70","nom":"Haute-Sa\u00f4ne"},"geometry":{"type":"Polygon","coordinates":[[[5.884723650121,47.92604631497],[5.9367445426717,47.978874239655],[5.9595125543651,47.965838580885],[5.9296518654303,47.938718128621],[5.953718196208,47.937030199568],[5.9707820414319,47.957206856313],[6.0022660129604,47.956088697125],[6.0411765157853,48.00442320835],[6.1317082771503,48.023714993889],[6.1560578216767,48.006943160047],[6.164889049648,47.976133645938],[6.1509430707726,47.970556896575],[6.1679889957893,47.952352981729],[6.1973668542118,47.951792167635],[6.2052242815746,47.932044890248],[6.3661530482729,47.961943699906],[6.4317140631681,47.943817555323],[6.4786058641603,47.885521654796],[6.5421569547535,47.902612242352],[6.5682839276999,47.93449546901],[6.6017847198921,47.944400335071],[6.6455373160956,47.904022779887],[6.784819046343,47.849620144546],[6.8235333222471,47.813051201983],[6.7576409592057,47.747875183778],[6.7761038578289,47.668575486147],[6.8003237426455,47.634676896824],[6.7776052176551,47.615637994811],[6.818819342882,47.576713126905],[6.7809665391051,47.536412762244],[6.6600556699688,47.579897594928],[6.6701763034189,47.557900781795],[6.6467168301981,47.53526431792],[6.5682850532602,47.532964684568],[6.5836439355223,47.509982562088],[6.5735160004641,47.495489902695],[6.4958967399913,47.505688006585],[6.4710619701094,47.487165902965],[6.4634948199838,47.512115441106],[6.4176535676023,47.521078457963],[6.3343498677298,47.505967983253],[6.3194622093461,47.485540598389],[6.3025025471738,47.49152594453],[6.2801775945428,47.443969681745],[6.2394366632237,47.431480940273],[6.2427351187986,47.414011465779],[6.2004449826992,47.429141415445],[6.1522419359909,47.386118440979],[6.1166555407966,47.393181051924],[6.1041786160535,47.382405041571],[6.1129616996199,47.361336476943],[6.081531751757,47.371453831253],[6.080044218278,47.354032012422],[5.989361863815,47.327626814323],[5.9269718960405,47.344840931073],[5.9264399732294,47.327072561708],[5.8967089702137,47.32907312258],[5.8935058005458,47.310802954862],[5.8838943313054,47.321588272893],[5.7322991145862,47.263567350231],[5.6759872373979,47.275744771312],[5.6423010293029,47.256186141259],[5.5744646217084,47.254058031035],[5.5232748679603,47.305475313171],[5.4722371211403,47.316973006824],[5.4927880062007,47.332077409303],[5.4969499668019,47.390119714582],[5.4323534928092,47.392856521473],[5.4445415221439,47.404097440444],[5.4304266875956,47.421353865918],[5.4391961289873,47.450105287536],[5.4064942956926,47.461823832729],[5.3798420907935,47.45069028099],[5.3765928972898,47.464682433056],[5.4076480358261,47.477230704271],[5.3871419907654,47.480832872709],[5.3992090935811,47.499013426534],[5.436098919597,47.491551861741],[5.4864051857621,47.526968522713],[5.4968620391106,47.544147146933],[5.4775419389678,47.608718587184],[5.4258591112658,47.632112058174],[5.3894441218081,47.595134574398],[5.3727580571009,47.618659790315],[5.4055917713039,47.647770719631],[5.406340329799,47.673403498326],[5.482566377733,47.684598405046],[5.529779465589,47.672825610683],[5.5672035170122,47.705232598617],[5.5966797529575,47.671689689304],[5.6900715815111,47.684834261118],[5.6848345035363,47.722252488703],[5.7092157661502,47.744819092275],[5.7050877892064,47.769109267163],[5.6766127410923,47.77915552638],[5.6902845680034,47.818602061169],[5.7460508220444,47.823594453292],[5.7441242763236,47.848675592832],[5.7611967718111,47.859337964072],[5.8279856830918,47.851868490955],[5.8214368328201,47.868177826395],[5.8483941586096,47.904328585027],[5.8864978594033,47.902632285568],[5.884723650121,47.92604631497]]]}},{"type":"Feature","properties":{"code":"72","nom":"Sarthe"},"geometry":{"type":"Polygon","coordinates":[[[-0.11215911205637,48.374246979232],[-0.0025641291874286,48.397311951396],[0.020992722816365,48.380200925309],[0.062489872264419,48.382213868151],[0.067826622948661,48.406115400716],[0.09917046478078,48.41034986941],[0.11624768586472,48.435555660302],[0.26286221529839,48.482954540393],[0.35578465090337,48.458217063582],[0.38066015166482,48.425411796164],[0.37386118731698,48.386969757082],[0.3954029644226,48.320549965535],[0.48050090924161,48.298592258919],[0.48757654033176,48.307795859172],[0.53597049486367,48.249844560134],[0.63315984470535,48.245553870078],[0.65315095543918,48.263702677988],[0.73782963836386,48.189069627691],[0.79765841643139,48.19445496608],[0.83683452952269,48.167352245345],[0.91161206421963,48.148858532659],[0.91379809767445,48.135125048448],[0.852575219489,48.133602174445],[0.84121734187884,48.103059710788],[0.81435131408069,48.098801731111],[0.84483764311698,48.086647072566],[0.84302009925743,48.072638200667],[0.80118315423495,48.071513555954],[0.79747785616118,48.037556987677],[0.84155459904793,48.029673676539],[0.82428057343045,47.982142037161],[0.84579379193831,47.941403140329],[0.81211830142135,47.928939306036],[0.81721753097407,47.892418803105],[0.79002362904946,47.912210300533],[0.75986941585155,47.898224938894],[0.75916076452252,47.859222188506],[0.77457358541314,47.839684494777],[0.69798475487217,47.788889445319],[0.69688004266227,47.764225211],[0.62683335231018,47.751793159891],[0.58052041667909,47.712330763793],[0.61480416648326,47.68275087954],[0.47607646347987,47.648011563852],[0.44993291932188,47.619329777154],[0.38107503178189,47.639064909321],[0.36480446047317,47.620165400372],[0.40216586206278,47.579002216555],[0.3789542711163,47.569104805534],[0.25925309972834,47.612253732911],[0.18583053478704,47.616541172133],[0.18492347945562,47.59951888853],[0.15160658198455,47.581530335722],[0.11568780138148,47.605729170813],[0.017034808401921,47.621104843447],[-0.0045114795481094,47.647685622756],[-0.0200217526275,47.637114273453],[-0.094598120211807,47.662259952753],[-0.11331543555609,47.635027101972],[-0.19315208570794,47.647919424013],[-0.22019670030717,47.689623181347],[-0.18165434555472,47.706039135515],[-0.20237724749556,47.725243273377],[-0.24758339198338,47.706703696744],[-0.36582157233392,47.716119600548],[-0.35849844840348,47.732083694905],[-0.37988199972814,47.751114916558],[-0.38820603603123,47.80532030035],[-0.43408545821236,47.809053389034],[-0.44786007819229,47.832213642746],[-0.40939113351912,47.858366946342],[-0.37438932327927,47.858307471285],[-0.3706707137534,47.88002559388],[-0.4051663591631,47.892931533534],[-0.39703835031919,47.925921819319],[-0.2814765494518,47.953761084393],[-0.30225291512622,47.966115961547],[-0.31601085437105,48.005260812236],[-0.33992953904496,48.011599545784],[-0.34166494063899,48.043097320969],[-0.27020842826682,48.064637061516],[-0.230940827834,48.05898089869],[-0.23796701443346,48.0860434952],[-0.2164161471053,48.113730301099],[-0.2538122759814,48.136527342697],[-0.23752546842672,48.148401403805],[-0.24991841798874,48.157104182132],[-0.14683427015184,48.205007193398],[-0.16310127335978,48.255543211147],[-0.1389339103484,48.298361232987],[-0.15623906965009,48.338781363599],[-0.13226516791641,48.343676185358],[-0.13798494654337,48.361357214921],[-0.11215911205637,48.374246979232]]]}},{"type":"Feature","properties":{"code":"80","nom":"Somme"},"geometry":{"type":"Polygon","coordinates":[[[1.3796981484469,50.065011890414],[1.453882566018,50.110330912339],[1.5124437978409,50.201705539893],[1.5484363732305,50.215217479179],[1.5961920997106,50.185502423396],[1.683793928232,50.183026098336],[1.6626657206518,50.213594131613],[1.6225007114324,50.215151972316],[1.590272985914,50.255949292147],[1.549313280898,50.260403925768],[1.5379421306702,50.282668408098],[1.5558295005084,50.361315709087],[1.6242577191597,50.366290636763],[1.6707113970685,50.331006763813],[1.7787814318994,50.361867050627],[1.8992385043566,50.313422021051],[1.958008929329,50.326104677818],[1.9364013540805,50.301469956543],[1.9461358093263,50.287429874266],[2.0778174949883,50.248821238775],[2.064084929272,50.236244609931],[2.0857123807737,50.20101021638],[2.1225857198719,50.210701687542],[2.1497656380182,50.190426518694],[2.1741422745707,50.208896128118],[2.2738268657578,50.226839891366],[2.3012089116446,50.212867703297],[2.3312494867596,50.222628702737],[2.3175919368313,50.235075063165],[2.3340601777872,50.238585583732],[2.3611650521748,50.207027979791],[2.4054763326709,50.234025879167],[2.451782406941,50.230302364541],[2.4956847502342,50.194560205258],[2.3897770350831,50.155486617449],[2.3754526661687,50.109255035264],[2.4209183396901,50.087653623551],[2.4766795936249,50.136996746156],[2.5149437196775,50.140815184745],[2.5323309219873,50.115072822921],[2.5513298839509,50.14160902898],[2.5781796823809,50.139890067967],[2.5760156090129,50.113414591723],[2.7046211552392,50.081210881091],[2.7187063567642,50.088088516],[2.6972338002842,50.103665319899],[2.7088192697755,50.128494700802],[2.7295757423117,50.125952130979],[2.7808963608043,50.111154461184],[2.7637488651508,50.060596655646],[2.74255220997,50.04822779049],[2.7523973247116,50.040097252225],[2.8578492252845,50.077395819826],[2.8765326366049,50.042182018727],[2.8521925480239,50.031430981058],[2.8724995109934,50.020975633738],[2.9484148787346,50.05341982418],[2.9715289204271,50.041363376189],[3.0144351371487,50.059149196751],[3.0902522256658,50.053740556167],[3.1175554073514,50.027668937858],[3.1669872524317,50.020986574845],[3.1556881495132,49.991750609531],[3.2030417908111,49.983944858799],[3.1179658743974,49.914273685764],[3.1201986642742,49.884180430147],[3.0738011805401,49.875716243718],[3.0844607531572,49.845704891547],[3.0570207765314,49.832841513803],[3.0849494837127,49.817971090003],[3.0859735751004,49.792013991644],[3.0613242130166,49.781248445384],[3.097868494334,49.766630038579],[3.1184045303955,49.705964066166],[3.083934054211,49.692615286185],[3.0834622590288,49.712492975333],[3.0629532474138,49.712572694325],[3.0261613710586,49.680295333003],[2.9895904717799,49.70802401434],[2.9488409292444,49.692322577611],[2.9534435781073,49.66649717999],[2.9157142028651,49.702669694334],[2.8842491853168,49.710638066104],[2.8662035297843,49.702491469092],[2.8878187574055,49.683329383346],[2.8572606727357,49.683666684467],[2.8501054632717,49.661734863215],[2.793605509577,49.655952413736],[2.7994962764821,49.620589648566],[2.6891461156895,49.625604569913],[2.6707176060094,49.581414652757],[2.6496341022379,49.571762327],[2.6277942663565,49.585396691219],[2.6240655802021,49.610230243392],[2.5714988829262,49.597078849268],[2.5650187853668,49.618942322527],[2.5047475416297,49.639464567535],[2.4781157157449,49.620791102842],[2.4456566594192,49.652976288486],[2.3731470912741,49.656262653184],[2.3157228175868,49.68975570628],[2.3018017866427,49.681077171813],[2.247165820093,49.701640859686],[2.0653010804938,49.683146860964],[2.0354858488082,49.709101413159],[1.964227071738,49.716176638285],[1.9490957317415,49.700799437057],[1.9332028186606,49.719633496535],[1.8938657876757,49.698984649558],[1.8489820073575,49.701631956735],[1.8207632027639,49.722151536711],[1.8367369152631,49.740116319336],[1.7579284899296,49.780795399895],[1.7124562091314,49.886444322648],[1.6784507673607,49.918130568802],[1.5940092903756,49.949050560009],[1.4564566095824,50.037832374442],[1.4591516246417,50.062494643478],[1.4464534693489,50.069324171563],[1.3796981484469,50.065011890414]]]}},{"type":"Feature","properties":{"code":"91","nom":"Essonne"},"geometry":{"type":"Polygon","coordinates":[[[2.2265538842831,48.776101996393],[2.2853936451259,48.747508493238],[2.2802904545364,48.733011078618],[2.3693515629708,48.746067457624],[2.3707040678761,48.720171411205],[2.414130346149,48.717993666318],[2.5035392718422,48.735213292289],[2.5310726121952,48.699783892783],[2.5787732945151,48.690249491839],[2.5853737107586,48.679395351685],[2.5336146170614,48.657334981367],[2.5424110527051,48.635473450172],[2.5182318429154,48.627093611305],[2.5437805754235,48.603850686248],[2.5009750387696,48.546173070367],[2.5153562670148,48.504445668033],[2.5018876471506,48.484768503419],[2.5047511155697,48.439445122154],[2.5345790748515,48.404237036735],[2.4738364829183,48.390477944369],[2.4831342533299,48.3845692019],[2.4298336175359,48.362012190971],[2.4255757157654,48.337245759129],[2.3931765378081,48.336276224436],[2.4026629385658,48.320717653248],[2.3698159145392,48.308674310979],[2.3276948002521,48.333053330653],[2.2954192911964,48.30822244035],[2.2668923386489,48.314682212687],[2.2451518848313,48.298393903395],[2.2463103911083,48.329962148865],[2.2022520441218,48.344598562828],[2.1813553737363,48.313746373001],[2.1543896262247,48.315910610694],[2.1637483268763,48.298436908006],[2.1061680366894,48.307635584746],[2.0815050149817,48.293603520661],[1.9752915866555,48.287202034779],[1.959225976988,48.308685064463],[1.9823432207772,48.328312555088],[1.9733953665973,48.352974683353],[1.9868237281778,48.362141015776],[1.966381938603,48.38158815854],[1.9765710225943,48.399385315775],[1.9305611178719,48.404126689728],[1.9428970138616,48.441083787001],[1.9149199821626,48.473854999246],[1.9674208443859,48.533067716836],[1.9340616493117,48.548106841763],[1.9378900456787,48.562926567593],[2.0175700627197,48.557593755935],[2.0345020728388,48.603502290966],[2.0602471726215,48.617597733568],[2.0112162167678,48.659775158953],[2.0281927750027,48.657259334271],[2.0456604451446,48.68756805233],[2.0978580418958,48.694030740642],[2.111168267855,48.724231347633],[2.0979976816391,48.73436321985],[2.1820123672797,48.757574558863],[2.1910712604347,48.775122277406],[2.2265538842831,48.776101996393]]]}},{"type":"Feature","properties":{"code":"95","nom":"Val-d'Oise"},"geometry":{"type":"Polygon","coordinates":[[[1.7043588288241,49.232197221792],[1.729662120604,49.22919730317],[1.7336823766846,49.210958623685],[1.7155761288215,49.203118037941],[1.7551705903258,49.174545969477],[1.7954740881562,49.18526277584],[1.8852348791181,49.162636028533],[1.9734431640564,49.18389441504],[2.0045021739488,49.177609556506],[2.0808850919985,49.209773929407],[2.0968798927064,49.189757147704],[2.1645707336419,49.179671393215],[2.1642743368285,49.166004802028],[2.2186458815721,49.180685270888],[2.2354095182703,49.167035850124],[2.2230049777895,49.151869445673],[2.2862682227562,49.160277559835],[2.3109304401404,49.186404768181],[2.3592998527471,49.147343950086],[2.370937678429,49.159173609651],[2.4153544805398,49.151762413963],[2.4409039786288,49.14580411257],[2.4354018020913,49.133939040206],[2.4992321189629,49.122269747269],[2.4899295573932,49.106359373937],[2.5310585957685,49.099597191318],[2.5329944482474,49.119245162084],[2.5561550654469,49.118627938332],[2.5581755098966,49.098381756011],[2.5905283926735,49.079653961607],[2.5715472662178,49.059825274601],[2.5882844530991,49.046956449876],[2.5350135962143,49.023809402045],[2.5530565519414,49.009816202999],[2.4594885661379,48.955049018342],[2.3664463375656,48.974178481395],[2.2989606605183,48.966304083093],[2.2005910092695,48.908679329899],[2.205861118488,48.949738062716],[2.1735533368231,48.953158232311],[2.1732779441741,48.975633867858],[2.1207126382788,48.993300321431],[2.1212540749308,49.018332284915],[2.0247730275828,48.998756705331],[1.9918871076265,49.021006179043],[1.9378008717251,49.021772717877],[1.9085198609511,49.048019307838],[1.8691165460014,49.01823441815],[1.8520019385024,49.035204042747],[1.8654659990427,49.05747165429],[1.8239435408566,49.076360256056],[1.7234517354795,49.044974719281],[1.6736890350523,49.078154769223],[1.6141564760593,49.071448021972],[1.6175344667245,49.093996514155],[1.655781502711,49.130164014177],[1.6757423007191,49.21186711807],[1.7043588288241,49.232197221792]]]}},{"type":"Feature","properties":{"code":"41","nom":"Loir-et-Cher"},"geometry":{"type":"Polygon","coordinates":[[[0.81435131408069,48.098801731111],[0.9440254583075,48.112374564256],[0.95027967602923,48.099272840487],[0.99732449699185,48.127497016586],[1.0387317998475,48.131649399394],[1.0456237157271,48.117628433242],[0.99582229412804,48.088965411212],[1.1122373595415,48.080729190483],[1.1212375728931,48.039115084086],[1.1666237189768,48.02739081669],[1.2026239491606,47.977380600309],[1.1914910887426,47.97196645317],[1.2096457784621,47.968499657803],[1.23681790535,47.978786770626],[1.2682429066838,47.961539855732],[1.2995800371183,47.968162406715],[1.3086295485933,47.953852019595],[1.3461734269522,47.96510327364],[1.3654467424096,47.954742350646],[1.3869437457769,47.981278643463],[1.4372396921872,47.976496003088],[1.4396507125902,48.011948352447],[1.4985767885221,47.985269949845],[1.564819969277,47.989771960096],[1.5519690270563,47.953083873543],[1.5252355885738,47.941659567787],[1.5254275303694,47.929115430213],[1.5814172497993,47.901925983899],[1.5881310268697,47.876427415582],[1.5350922901417,47.839542960878],[1.5337021961131,47.82052774558],[1.5705394566163,47.796589231895],[1.5478792778272,47.769763406546],[1.5984630147815,47.739649217972],[1.5928848485256,47.728483789961],[1.6266315647697,47.760974414138],[1.6973462178645,47.738389810232],[1.7399435814608,47.661534026638],[1.7905220094023,47.637003267191],[1.8429034319191,47.65684472991],[1.8555867935147,47.689547886166],[1.8701081524394,47.674181880335],[1.9341226017816,47.679412588312],[1.9608339734141,47.659444437434],[2.0080511541807,47.677306025655],[2.2025518712273,47.678142759644],[2.2054546574629,47.662316663494],[2.2325658218639,47.653034738696],[2.2392136694694,47.620975607683],[2.1195727339039,47.582947092529],[2.1312639734154,47.550273375562],[2.1956376610434,47.548570165214],[2.2151623441422,47.521608405306],[2.1987854144886,47.487050674796],[2.247743712549,47.491730515969],[2.2436971815592,47.414820973003],[2.205223396824,47.405248760368],[2.1889033879188,47.437791396549],[2.1415496288578,47.408217168994],[2.119309590853,47.419331050353],[2.0970820446785,47.366800476362],[2.1144918710749,47.36692542774],[2.1194608009184,47.333517001812],[2.1574168952372,47.299624646068],[2.1255611204397,47.27974000395],[2.0792023479058,47.285353997825],[2.0243923249491,47.265113534019],[1.940821280268,47.290134431824],[1.8947740713773,47.25465935032],[1.9165889099228,47.23598497734],[1.9040735282719,47.21565260341],[1.8730037897341,47.205321851446],[1.795817994896,47.237820414105],[1.7761040879175,47.231384294553],[1.7156838074978,47.276819032313],[1.6658922565042,47.257784932818],[1.6504332606527,47.273166503913],[1.5924268223064,47.276675700148],[1.5910427299459,47.25746067104],[1.5262985893122,47.252885963483],[1.5341048464341,47.22131901442],[1.4484610302548,47.237964303177],[1.3266590555808,47.18622172903],[1.2390417763896,47.288850417214],[1.173207188077,47.285311232893],[1.1620591370279,47.272198707934],[1.1081216639749,47.298401557587],[1.094858720305,47.328533130173],[1.1228285926711,47.354020163768],[1.1063733834643,47.371523980706],[1.1235227723843,47.391947304044],[1.0851384560263,47.429997142026],[1.112710681243,47.428740433958],[1.1323602092461,47.446466593613],[1.1128845724069,47.465918778816],[1.0890903403387,47.462245859685],[1.0675584935427,47.522555271866],[1.0452962339787,47.531486300724],[1.0763324091565,47.563220588685],[1.0333513708963,47.60700704889],[0.99702027543332,47.583970079496],[0.99178650747969,47.620027809173],[0.91900574324429,47.632611664588],[0.89893247520029,47.604701943576],[0.86389183389428,47.599630367943],[0.84591633650506,47.647754456871],[0.86060587060998,47.688018990953],[0.83496748767096,47.677165233877],[0.73531585422423,47.695402804796],[0.71214799110974,47.681812388507],[0.67477571238337,47.699006801159],[0.64390482458794,47.685067251567],[0.65412732285932,47.698799689193],[0.63086800399034,47.709346222795],[0.60418662363095,47.685607124967],[0.58052041667909,47.712330763793],[0.62683335231018,47.751793159891],[0.69688004266227,47.764225211],[0.69798475487217,47.788889445319],[0.76841445732376,47.831101351932],[0.75986941585155,47.898224938894],[0.79002362904946,47.912210300533],[0.81721753097407,47.892418803105],[0.81211830142135,47.928939306036],[0.84579379193831,47.941403140329],[0.82428057343045,47.982142037161],[0.84155459904793,48.029673676539],[0.79747785616118,48.037556987677],[0.79653309159021,48.05267766261],[0.80118315423495,48.071513555954],[0.84302009925743,48.072638200667],[0.84483764311698,48.086647072566],[0.81435131408069,48.098801731111]]]}},{"type":"Feature","properties":{"code":"53","nom":"Mayenne"},"geometry":{"type":"Polygon","coordinates":[[[-0.86036021134895,48.501458584456],[-0.8184585148882,48.474291742186],[-0.81322359143068,48.455083144137],[-0.77787285065978,48.465413522216],[-0.77453904965747,48.44327891903],[-0.75727715268855,48.436552496914],[-0.71509947351088,48.448950147648],[-0.73585755427354,48.461124917636],[-0.73034187148783,48.472703026439],[-0.68799234091834,48.469431032111],[-0.66895705284659,48.486137900646],[-0.6540003356242,48.444278312957],[-0.59533674901115,48.472630277201],[-0.55171796610154,48.473119783464],[-0.50506155077299,48.505798828433],[-0.3991855056689,48.510158714286],[-0.35349558279054,48.483897081468],[-0.32023332020671,48.522923755915],[-0.27155353070113,48.507447568195],[-0.24176789393774,48.536388956089],[-0.26180425334438,48.54789519181],[-0.24264015511442,48.567994064435],[-0.14460271813847,48.527754338423],[-0.1720909995602,48.502134649047],[-0.14871763477939,48.458069224847],[-0.051890589271637,48.453255414135],[-0.054527208218665,48.382004461206],[-0.11215911205637,48.374246979232],[-0.13798494654337,48.361357214921],[-0.13226516791641,48.343676185358],[-0.15623906965009,48.338781363599],[-0.1389339103484,48.298361232987],[-0.16310127335978,48.255543211147],[-0.14683427015184,48.205007193398],[-0.24991841798874,48.157104182132],[-0.23752546842672,48.148401403805],[-0.2538122759814,48.136527342697],[-0.2164161471053,48.113730301099],[-0.23796701443346,48.0860434952],[-0.230940827834,48.05898089869],[-0.27020842826682,48.064637061516],[-0.34166494063899,48.043097320969],[-0.33992953904496,48.011599545784],[-0.31601085437105,48.005260812236],[-0.30225291512622,47.966115961547],[-0.2814765494518,47.953761084393],[-0.39703835031919,47.925921819319],[-0.4051663591631,47.892931533534],[-0.3706707137534,47.88002559388],[-0.37438932327927,47.858307471285],[-0.40939113351912,47.858366946342],[-0.44786007819229,47.832213642746],[-0.43408545821236,47.809053389034],[-0.38820603603123,47.80532030035],[-0.38170083144601,47.760566513867],[-0.40949181286586,47.778639806662],[-0.41003563438819,47.765211772614],[-0.45459213036525,47.756480807741],[-0.50966167262766,47.786039294546],[-0.53285885316803,47.750822279532],[-0.58478471927851,47.758351695043],[-0.61081969714626,47.735690584502],[-0.74171045035285,47.73810919909],[-0.81606753396371,47.771224388477],[-0.83998386052541,47.76814434186],[-0.83929831407277,47.752275868891],[-0.88959193745726,47.763900903741],[-0.95202871311581,47.796497117235],[-0.97098655185006,47.785631119633],[-0.95086406782493,47.76808514016],[-0.97865617651258,47.761986093612],[-1.1226290875254,47.784177435943],[-1.1426274244343,47.774444264523],[-1.238247803597,47.809992506553],[-1.2206362424472,47.820389620636],[-1.222737283795,47.852599843541],[-1.1891865993477,47.867976952617],[-1.1966306275523,47.889267731968],[-1.1762242926663,47.897399695909],[-1.1539896711831,47.96581664419],[-1.1228021186321,47.986671335599],[-1.0709659537463,47.981801155317],[-1.0168893967587,48.003728266054],[-1.0330632921231,48.031188955766],[-1.0232901182126,48.068911872714],[-1.0496111794277,48.089801151393],[-1.1000554557338,48.25927761239],[-1.0820920155689,48.298391604095],[-1.0450195990474,48.32772872854],[-1.0646292178107,48.368281337083],[-1.053937234376,48.383986913354],[-1.0827926455739,48.433057379747],[-1.0654330620157,48.451695678779],[-1.075717285974,48.499392729686],[-1.0605497194866,48.515346429697],[-1.0039961840993,48.489172448089],[-0.97225823660351,48.494600246107],[-0.95637394558324,48.516620056723],[-0.89624907070572,48.495083815873],[-0.86036021134895,48.501458584456]]]}},{"type":"Feature","properties":{"code":"54","nom":"Meurthe-et-Moselle"},"geometry":{"type":"MultiPolygon","coordinates":[[[[5.4644956014283,49.490309403279],[5.449526774142,49.484736738817],[5.429907860027,49.48819079003],[5.4420070555476,49.503619271582],[5.4644956014283,49.490309403279]]],[[[5.4709047865596,49.497208726991],[5.556050367567,49.52925089646],[5.6115035973004,49.506452254144],[5.6203426845973,49.533164237559],[5.659773917278,49.552868947481],[5.7388640222945,49.539320264271],[5.7752184924057,49.562644003065],[5.8192303780619,49.537378081769],[5.8369587698802,49.542475474291],[5.845880698823,49.529954308627],[5.8344148247219,49.52630284488],[5.8624510369037,49.501642325338],[5.9366368899289,49.477654604854],[5.9422868054224,49.430349715627],[5.9119203012586,49.407714315408],[5.9295648718633,49.401892423859],[5.9285345092754,49.375503600542],[5.9561223859101,49.361591418656],[5.961300724503,49.347783910873],[5.944010745274,49.334643541614],[5.9852221215853,49.30516988712],[6.0063890612557,49.307960359999],[6.0066599302753,49.260280179085],[6.0273394946232,49.252606188824],[6.0293909262549,49.230472752632],[5.9822673554929,49.195513428251],[6.0261444602533,49.165119073785],[5.9813793558344,49.144452574544],[6.0049185226691,49.113986517555],[5.9315992811089,49.109106235426],[5.9246765466348,49.092125059986],[5.9595168540519,49.047119309838],[6.0165389874431,49.035287465653],[6.0450035747376,49.01041495307],[6.0434337487251,48.977474356417],[6.1169037215408,48.967828571265],[6.1322069836653,48.934718252101],[6.2719751529819,48.933137468562],[6.3272620439057,48.905195596255],[6.2982668306514,48.880723838846],[6.3117190662122,48.86382643255],[6.2854720614818,48.849428578085],[6.3389481809645,48.834053669143],[6.3100797932181,48.82110876293],[6.3493139281181,48.807885903195],[6.3550354567534,48.781656974575],[6.3944359664073,48.775269090599],[6.4335148612716,48.789039690367],[6.4536071617557,48.765889394207],[6.5541471102694,48.754088057977],[6.5989711260034,48.715692430866],[6.6584083727001,48.70804275227],[6.6764059809526,48.688850403381],[6.6665029232238,48.671163093077],[6.6879197306857,48.683630505731],[6.7260796976867,48.664416940975],[6.7546715595276,48.669387591641],[6.782490099168,48.642723209857],[6.8260372985364,48.644824072245],[6.8636010223891,48.620311412276],[6.934223182594,48.633326978431],[6.9607924698341,48.608281747074],[7.009348893232,48.611859349561],[7.0166944370945,48.603987344415],[6.9945079286004,48.595965468544],[7.0838688655777,48.545333410649],[7.064491666109,48.523396874848],[7.1231636635608,48.513587820739],[6.9829820869226,48.479061512794],[6.8908149017495,48.418096877888],[6.8550428807667,48.432931396922],[6.8151664634571,48.398845301963],[6.6450895623568,48.428060807346],[6.6237018958137,48.473101218363],[6.5849688356706,48.460510143981],[6.5686324041298,48.436985966474],[6.5838721083022,48.417225354632],[6.5337059818062,48.431354354086],[6.5007526124106,48.414237469828],[6.4354978133083,48.412794961405],[6.4040763393656,48.390611842844],[6.3842531855239,48.394696124114],[6.3928988161481,48.40874868619],[6.3805094919312,48.412275972805],[6.3056750349462,48.413192474483],[6.3012589581199,48.430521011758],[6.2320994667614,48.400224982495],[6.1496394514006,48.40852706658],[6.1523474077963,48.380968218338],[6.1167293940637,48.354041894964],[6.077040301892,48.379754440323],[6.0798196336066,48.363635915725],[6.0660207269479,48.359283227586],[5.9615617470524,48.349889737943],[5.9496459908128,48.396363026783],[5.9276908372607,48.393685295978],[5.9079547502256,48.417539451573],[5.931321799578,48.433947530649],[5.9054854014434,48.436837469809],[5.8931507049176,48.405225079491],[5.8553813169775,48.409372749757],[5.8989510241802,48.44671813264],[5.8868989565087,48.460067093041],[5.9056248919799,48.494940877656],[5.8560752248841,48.506846952466],[5.7768982595427,48.487176543887],[5.7609662294293,48.52146440042],[5.7762186102909,48.540358194465],[5.7160927170236,48.561427704017],[5.7133909280655,48.580633914406],[5.7617668080948,48.609385983796],[5.7899108688634,48.607183289583],[5.8034464649874,48.625044943187],[5.7589073121033,48.623064755659],[5.7449546309017,48.671376744383],[5.7645998533316,48.701077345045],[5.7140322252736,48.74453250271],[5.7764535835103,48.790063196124],[5.7582107493249,48.801231737647],[5.7809715229168,48.826744937358],[5.7651257923273,48.872901896096],[5.7910638167022,48.886617414305],[5.7471576051222,48.915256169028],[5.8491607138617,48.961230178453],[5.8048442530907,48.983422282743],[5.823066886852,49.023109313982],[5.8541770017029,49.042417479249],[5.8359263040642,49.066061327622],[5.8069799653918,49.062668225081],[5.8178531085916,49.111039703115],[5.7514861304145,49.118034072539],[5.7598050647708,49.150056653954],[5.7444704661452,49.156592214671],[5.7655387967261,49.19808965245],[5.7328471971944,49.195144019762],[5.7190401384103,49.215984343847],[5.7396882874913,49.230544433819],[5.7209344315189,49.247702217971],[5.7307030579638,49.26979101327],[5.7605243714721,49.280113175962],[5.7625541109014,49.316331285314],[5.7317845374066,49.311341425415],[5.7214060430502,49.324564797482],[5.7364841101137,49.338481141248],[5.7317020867514,49.361033630233],[5.6873585119582,49.393882117734],[5.6881476509551,49.415106452884],[5.6345659385699,49.437435167221],[5.6057310949754,49.420033783651],[5.5011451781038,49.408543065874],[5.4803245524719,49.382342078555],[5.4486679523763,49.401649163761],[5.5056637654641,49.419355999431],[5.4711378140755,49.428494758719],[5.4813250792623,49.444230871282],[5.4617806899826,49.452686968431],[5.4644145982443,49.470301196738],[5.4824184576199,49.493663519084],[5.4709047865596,49.497208726991]]]]}},{"type":"Feature","properties":{"code":"79","nom":"Deux-S\u00e8vres"},"geometry":{"type":"Polygon","coordinates":[[[-0.89196408624284,46.975820414303],[-0.85764337306558,46.969397597368],[-0.78757295549441,47.005134613994],[-0.71305373485382,46.986070538333],[-0.68018770038511,46.987658683517],[-0.67605096460406,47.000124265341],[-0.59549628776894,46.997955261938],[-0.54222220688058,47.035131514655],[-0.55953163443577,47.061883133164],[-0.49533635185918,47.082386236675],[-0.46269595640292,47.081925505658],[-0.48553786553274,47.065209021486],[-0.47634088284647,47.054361886701],[-0.35741871073042,47.094026201074],[-0.14125473717962,47.103745079728],[-0.17848280781104,47.069769863363],[-0.12837866130337,47.054429041651],[-0.1021158452812,47.06480003115],[-0.078636707416496,47.009897920861],[-0.0936517630819,47.010210823666],[-0.086278760754682,46.985300228378],[-0.054669107397809,46.994648276801],[-0.033322474168538,46.979923297248],[-0.046252831416631,46.966516800883],[-0.0090362987061244,46.907476003456],[-0.035440392494862,46.874845887223],[0.034227651110925,46.853945893049],[0.017292616841451,46.835873251042],[-0.0077688625346289,46.847469231476],[-0.045691184857316,46.832105032831],[-0.020317395826605,46.812649391939],[0.0079945005666118,46.814308798391],[-0.022325255854886,46.789610800849],[-0.022489321390634,46.769401195255],[0.038264246176312,46.731576891243],[0.00070427201408919,46.716233316592],[-0.018074675303488,46.68920619588],[-0.0069453835536775,46.682909890873],[-0.040432926147215,46.663720449527],[-0.033389346094041,46.653650870862],[-0.06581020011429,46.622820182052],[0.00079199952682919,46.643059891449],[-0.011504647867234,46.619225449023],[0.022869415210482,46.614212991204],[0.025985672947266,46.594744304871],[0.04271943974108,46.591167098917],[-0.0080246690020487,46.567542169166],[0.0066767347091348,46.542776485683],[-0.0071548726332798,46.523276162065],[-0.031353862470829,46.524980950312],[-0.043263414910959,46.472480781549],[-0.0147038329685,46.475070919352],[-0.0089995059831326,46.391059106508],[0.03421632320898,46.373492198897],[0.013851448575042,46.357056060846],[0.029654722943721,46.349187779313],[0.015822426904369,46.326087725559],[0.078219163246238,46.304936271825],[0.12431046658269,46.348417353796],[0.1773663837498,46.328109476662],[0.1566889252778,46.30102675136],[0.17231902804727,46.278600348745],[0.12883941444788,46.267230714602],[0.14344146274523,46.230117287533],[0.11283807416044,46.210933542389],[0.1076941551618,46.186125599706],[0.17369264350006,46.150820100144],[0.22035828616308,46.1580034483],[0.19107765237521,46.11227527396],[0.19735466096157,46.095552773268],[0.17137846819894,46.08293290492],[0.13569050232961,46.104048921953],[0.092967733676126,46.101452150467],[0.099656827636359,46.092922343594],[0.072966989619956,46.093897575854],[0.019270346192872,46.052845061857],[-0.039426462914628,46.052929212798],[-0.021452263306336,46.028868685941],[-0.045516919542785,46.020621309221],[-0.041431040823061,45.993479981508],[-0.10293827139676,45.969661749473],[-0.13674372413356,45.979321738143],[-0.17199310246057,46.032911911506],[-0.18915119266407,46.026632693161],[-0.19397032130938,46.052259455885],[-0.27303437704336,46.057314973181],[-0.29309092784249,46.086641055838],[-0.36272909605538,46.075544897813],[-0.3827817863336,46.097704874713],[-0.40050701973614,46.084717679031],[-0.42251050183753,46.093904665982],[-0.42245553906339,46.11330667026],[-0.44523811078555,46.09937460024],[-0.50608855949266,46.106705947745],[-0.52689484335871,46.136320589162],[-0.57854191376581,46.147964728014],[-0.61995852602441,46.137750014696],[-0.63340377004308,46.148021432495],[-0.6068472739828,46.152812882032],[-0.61301775941075,46.161520115387],[-0.69112782600009,46.179803971686],[-0.69072219675464,46.219205893342],[-0.75146594839162,46.24507099292],[-0.73588991828554,46.266879576358],[-0.75535362968417,46.302140849356],[-0.72191414100459,46.302372661742],[-0.69732735736344,46.325092837487],[-0.64825320981615,46.317143530802],[-0.60325195656142,46.361468010185],[-0.57567653828611,46.356508034766],[-0.53779518169029,46.38646382767],[-0.61017966919341,46.413733221347],[-0.62088828506372,46.390451131851],[-0.63658749242212,46.395578228534],[-0.63684012869206,46.432305656566],[-0.6124273279524,46.45873668738],[-0.62483750061224,46.496362745962],[-0.64519375671477,46.5085710348],[-0.60213244964129,46.533279525109],[-0.62456684878994,46.577400290716],[-0.61411399285986,46.62039129053],[-0.65717243733762,46.634619354943],[-0.63771460553181,46.66348907218],[-0.68073310425929,46.686803996225],[-0.65619325740221,46.700774517445],[-0.72731204616972,46.76763065568],[-0.7008577279242,46.80862581328],[-0.70883784005248,46.821063616454],[-0.78164600263284,46.84282764491],[-0.8321856982677,46.884537016923],[-0.80739348796693,46.9198254879],[-0.8837974960632,46.950388590831],[-0.87712517316223,46.968538385199],[-0.89196408624284,46.975820414303]]]}},{"type":"Feature","properties":{"code":"90","nom":"Territoire de Belfort"},"geometry":{"type":"Polygon","coordinates":[[[6.7576409592057,47.747875183778],[6.8461756187967,47.822942631655],[6.8634725871955,47.785157366739],[7.01596189708,47.743229997088],[7.0374215531951,47.721642148751],[7.0264858913282,47.701000683113],[7.0480463579808,47.682334383614],[7.0391920612816,47.650571191522],[7.0188657902769,47.650671462441],[7.005954748644,47.602446062879],[7.0862717367469,47.592564849851],[7.1062174347916,47.551377585032],[7.132779554549,47.539650016902],[7.1378734301853,47.510602312684],[7.0792767593811,47.488864894845],[7.0243941161552,47.504209745968],[6.9831161167318,47.49330200911],[6.9989680532301,47.452297949929],[6.9405416785725,47.433371743667],[6.9075782646775,47.47324112034],[6.9076127100416,47.494548688313],[6.9488572709436,47.485705936519],[6.9455168398509,47.512373779013],[6.8834722552899,47.555330303305],[6.8166586737681,47.547922521723],[6.8069985618205,47.562799803717],[6.818819342882,47.576713126905],[6.7776052176551,47.615637994811],[6.8003237426455,47.634676896824],[6.7761038578289,47.668575486147],[6.7576409592057,47.747875183778]]]}}]}